id,cue_en,target_en,condition,cue_zh,target_zh,cue_len,target_len,rw_en,"rw_zh, alignment weighted",str_en,"str_zh, alignment weighted",cnt_en,"cnt_zh, alignment weighted",route_cue_zh,route_target_zh,route_cue_rcs,route_target_rcs,route_cue_w,route_target_w,route_s_zh,route_cue_other_translations,route_target_other_translations,cue_sim_cos_rw,target_sim_cos_rw,pair_sim_cos_rw,cue_sim_cos_str,target_sim_cos_str,pair_sim_cos_str,cov_distance
0,animal,cat,M+E+,动物,猫,6,3,0.30554860830307007,0.22752249240875244,0.14457830786705017,0.06921393424272537,24.0,10.036020278930664,动物,猫,0.5035275816917419,0.4880292117595672,0.5903541445732117,1.0,0.11724138259887695,"[{'zh': '兽', 'rcs': 0.3038774132728576, 'w': 0.2910345454408785}, {'zh': '牲畜', 'rcs': 0.2842504382133484, 'w': 0.11861132141469986}]",[],0.84472525,0.82852244,0.83662385,0.6573555,0.70452857,0.68094206,1.488277109658928
1,animal,world,M+E-,动物,世界,6,5,0.04042018577456474,0.03589353337883949,0.0,0.02442844770848751,0.0,3.5421247482299805,动物,世界,0.5035275816917419,0.2459629625082016,0.5903541445732117,1.0,0.04137931019067764,"[{'zh': '兽', 'rcs': 0.3038774132728576, 'w': 0.2910345454408785}, {'zh': '牲畜', 'rcs': 0.2842504382133484, 'w': 0.11861132141469986}]",[],0.84472525,0.7565454,0.80063534,0.6573555,0.47041208,0.5638838,1.3570367305685915
2,animal,kingdom,M-E+,动物,王国,6,7,0.1099073588848114,0.03878626972436905,0.024096384644508362,0.0,4.0,0.0,,,,,,,,,,0.84472525,0.7754183,0.81007177,0.6573555,0.27346176,0.46540862,1.0999119131638262
3,author,novel,M+E+,作者,小说,6,5,0.45325803756713867,0.1567145138978958,0.043668121099472046,0.04411748796701431,10.0,4.191161632537842,作者,小说,0.4292629063129425,0.521359920501709,0.349263459444046,1.0,0.12631578743457794,"[{'zh': '作家', 'rcs': 0.5371952652931213, 'w': 0.3017924982462423}, {'zh': '写作', 'rcs': 0.2703870832920074, 'w': 0.21036091366891385}, {'zh': '著作', 'rcs': 0.4064566791057586, 'w': 0.13858312553074836}]",[],0.7721143,0.7521042,0.7621093,0.32956252,0.10797054,0.21876653,0.5038525045203683
4,author,volume,M+E-,作者,卷,6,6,0.028228644281625748,0.054005034267902374,0.0,0.010992971248924732,0.0,1.0443322658538818,著作,书,0.4064566791057586,0.3105139434337616,0.13858312368392944,0.3737623393535614,0.09195402264595032,"[{'zh': '作者', 'rcs': 0.4292629063129425, 'w': 0.3492634625540954}, {'zh': '作家', 'rcs': 0.5371952652931213, 'w': 0.3017924982462423}, {'zh': '写作', 'rcs': 0.2703870832920074, 'w': 0.21036091366891385}]","[{'zh': '卷', 'rcs': 0.2456445693969726, 'w': 0.4710926004976253}, {'zh': '体积', 'rcs': 0.2032073885202407, 'w': 0.15514505981621135}]",0.7721143,0.5494763,0.66079533,0.32956252,0.056216206,0.19288936,1.1162503716925667
5,author,title,M-E+,作者,冠军,6,5,0.31767088174819946,0.009566822089254856,0.021834060549736023,0.0,5.0,0.0,,,,,,,,,,0.7721143,0.3663952,0.56925476,0.32956252,0.0030042636,0.16628338,1.1045123961806165
6,award,trophy,M+E+,奖状,奖杯,5,6,0.48553237318992615,0.2970958948135376,0.11267605423927307,0.02871728502213955,24.0,3.331205129623413,奖,奖杯,0.3378996849060058,0.2394146025180816,0.21124403178691864,1.0,0.11538461595773697,"[{'zh': '奖状', 'rcs': 0.2945268452167511, 'w': 0.4758864219094916}, {'zh': '奖学金', 'rcs': 0.2771758139133453, 'w': 0.1341402113237985}, {'zh': '奖励', 'rcs': 0.2158609181642532, 'w': 0.10594170804027137}, {'zh': '奖金', 'rcs': 0.2081794291734695, 'w': 0.07278762659723526}]",[],0.719095,0.7523289,0.73571193,0.5372194,0.14404662,0.340633,0.9008148329811736
7,award,pupil,M+E-,奖状,学生,5,5,0.03483842313289642,0.07538040727376938,0.0,0.016409877687692642,0.0,1.9035457372665405,奖学金,学生,0.2771758139133453,0.3569338321685791,0.13414020836353302,1.0,0.03846153989434242,"[{'zh': '奖状', 'rcs': 0.2945268452167511, 'w': 0.4758864219094916}, {'zh': '奖', 'rcs': 0.3378996849060058, 'w': 0.2112440321292032}, {'zh': '奖励', 'rcs': 0.2158609181642532, 'w': 0.10594170804027137}, {'zh': '奖金', 'rcs': 0.2081794291734695, 'w': 0.07278762659723526}]",[],0.719095,0.7207131,0.71990407,0.5372194,0.26879975,0.4030096,0.8526757098257215
8,award,ribbon,M-E+,奖状,丝带,5,6,0.21540814638137817,0.015354295261204243,0.014084506779909134,0.0,3.0,0.0,,,,,,,,,,0.719095,0.7566797,0.7378874,0.5372194,0.4454856,0.4913525,0.9912386152531759
9,barrel,wood,M+E+,桶,林地,6,4,0.08729492872953415,0.06272943317890167,0.08372092992067337,0.016880296170711517,18.0,1.5867478847503662,桶,木,0.4394333362579345,0.2228804677724838,1.0,0.26445797085762024,0.06382978707551956,[],"[{'zh': '林地', 'rcs': 0.3142346739768982, 'w': 0.2644579592310321}, {'zh': '树林', 'rcs': 0.3620069622993469, 'w': 0.2644579592310321}, {'zh': '木头', 'rcs': 0.5249272584915161, 'w': 0.14812697031238062}, {'zh': '木材', 'rcs': 0.4958810210227966, 'w': 0.05849915199452298}]",0.72587246,0.72057724,0.7232249,0.19569644,0.37188697,0.28379172,1.0933451347483596
10,barrel,log,M+E-,桶,木头,6,3,0.047305986285209656,0.16410000622272491,0.0,0.06382978707551956,0.0,6.0,桶,木头,0.4394333362579345,0.2718109786510467,1.0,1.0,0.06382978707551956,[],[],0.72587246,0.61934423,0.6726084,0.19569644,0.2735067,0.23460157,1.459949146027284
11,barrel,monkey,M-E+,桶,猴子,6,6,0.0991058349609375,0.02192801795899868,0.03720930218696594,0.0,8.0,0.0,,,,,,,,,,0.72587246,0.803336,0.7646042,0.19569644,0.5658823,0.3807894,0.6215740968782988
12,belt,leather,M+E+,带,皮革,4,7,0.27463361620903015,0.12389335036277771,0.10849056392908096,0.010164357721805573,23.0,0.9147921800613403,腰带,皮革,0.4163514971733093,0.6170324683189392,0.304930716753006,1.0,0.03333333507180214,"[{'zh': '带', 'rcs': 0.2452611625194549, 'w': 0.3271426424436043}, {'zh': '皮带', 'rcs': 0.4041090309619903, 'w': 0.19097368060181708}, {'zh': '带子', 'rcs': 0.2921146154403686, 'w': 0.17695295689897544}]",[],0.76060283,0.7873352,0.77396905,0.30838487,0.21277216,0.2605785,1.4911704272879203
13,belt,sack,M+E-,带,袋子,4,4,0.04250582680106163,0.08895009011030197,0.0,0.01078492309898138,0.0,0.9814279675483704,带,袋子,0.2452611625194549,0.2280734628438949,0.3271426558494568,1.0,0.032967034727334976,"[{'zh': '腰带', 'rcs': 0.4163514971733093, 'w': 0.3049307200556031}, {'zh': '皮带', 'rcs': 0.4041090309619903, 'w': 0.19097368060181708}, {'zh': '带子', 'rcs': 0.2921146154403686, 'w': 0.17695295689897544}]",[],0.76060283,0.7359671,0.74828494,0.30838487,0.12801418,0.21819952,0.34696536682848655
14,belt,loop,M-E+,带,圈,4,4,0.1866176426410675,0.011796684935688972,0.04245283082127571,0.0,9.0,0.0,,,,,,,,,,0.76060283,0.65861017,0.7096065,0.30838487,0.543234,0.42580944,0.9150409552957739
15,bench,park,M+E+,长椅,庭院,5,4,0.2968735992908478,0.13757529854774475,0.1593625545501709,0.12394170463085175,40.0,15.492713928222656,长椅,公园,0.2888665795326233,0.5533136129379272,1.0,0.38731783628463745,0.3199999928474426,[],"[{'zh': '庭院', 'rcs': 0.3167878687381744, 'w': 0.3873178485052622}, {'zh': '停车场', 'rcs': 0.4356929063796997, 'w': 0.16419304137673238}, {'zh': '庄园', 'rcs': 0.3247393667697906, 'w': 0.06117126161274324}]",0.7617733,0.78119713,0.7714852,0.66365933,0.1420726,0.40286598,1.195640905863261
16,bench,lover,M+E-,长椅,情人,5,5,0.009054317139089108,0.040962573140859604,0.0,0.012401157990098,0.0,1.5501446723937988,长椅,情侣,0.2888665795326233,0.3756688237190246,1.0,0.3875361680984497,0.03200000151991844,[],"[{'zh': '情人', 'rcs': 0.4167958498001098, 'w': 0.3875361571585559}, {'zh': '爱人', 'rcs': 0.4504662752151489, 'w': 0.22492768568288826}]",0.7617733,0.74432623,0.75304973,0.66365933,0.23645446,0.4500569,1.241096753358518
17,bench,chair,M-E+,长椅,主持,5,5,0.3263390362262726,0.013199999928474426,0.06772908568382263,0.0,17.0,0.0,,,,,,,,,,0.7617733,0.45806354,0.6099184,0.66365933,0.02938048,0.34651992,0.9205385288930256
18,blast,bomb,M+E+,爆炸,核弹,5,4,0.4350455403327942,0.15305694937705994,0.13385826349258423,0.013891114853322506,17.0,1.5280226469039917,爆炸,炸弹,0.4362828135490417,0.4657172560691833,0.7640113234519958,0.3333333432674408,0.05454545468091965,"[{'zh': '响声', 'rcs': 0.3306280076503753, 'w': 0.23598869700517877}]","[{'zh': '核弹', 'rcs': 0.368561178445816, 'w': 0.3333333333333333}, {'zh': '轰炸', 'rcs': 0.3353384733200073, 'w': 0.3333333333333333}]",0.78289163,0.8075657,0.79522866,0.20434366,0.3391666,0.27175513,1.1955943660292476
19,blast,voice,M+E-,爆炸,声音,5,5,0.0399295836687088,0.0795045867562294,0.0,0.01685633510351181,0.0,1.6519207954406738,响声,声音,0.3306280076503753,0.4346926212310791,0.23598869144916534,1.0,0.0714285746216774,"[{'zh': '爆炸', 'rcs': 0.4362828135490417, 'w': 0.7640113029948211}]",[],0.78289163,0.7235539,0.75322276,0.20434366,0.20194404,0.20314385,0.9294008697144905
20,blast,party,M-E+,爆炸,党派,5,5,0.06412847340106964,0.01722845435142517,0.06299212574958801,0.0,8.0,0.0,,,,,,,,,,0.78289163,0.5295197,0.65620565,0.20434366,0.051740978,0.12804233,1.4424811986953099
21,block,street,M+E+,大楼,街道,5,6,0.17185312509536743,0.08155160397291183,0.04830917716026306,0.022198162972927094,10.0,2.3974015712738037,街区,街道,0.3015282750129699,0.4668838083744049,0.3003528416156769,0.4434416890144348,0.1666666716337204,"[{'zh': '大楼', 'rcs': 0.2855587303638458, 'w': 0.30035285066531436}, {'zh': '立方体', 'rcs': 0.3033852279186249, 'w': 0.30035285066531436}, {'zh': '块', 'rcs': 0.3588471710681915, 'w': 0.0989414480040568}]","[{'zh': '街', 'rcs': 0.5340383648872375, 'w': 0.2582630918582018}, {'zh': '路', 'rcs': 0.428592711687088, 'w': 0.17541440449220072}, {'zh': '大街', 'rcs': 0.5593153238296509, 'w': 0.12288080151686276}]",0.5981291,0.77889574,0.68851244,0.13787603,0.3035475,0.22071177,0.8891773781149382
22,block,mansion,M+E-,大楼,大厦,5,7,0.045758865773677826,0.1821640133857727,0.0,0.036042340099811554,0.0,3.604234218597412,大楼,大厦,0.2855587303638458,0.4652509689331054,0.3003528416156769,1.0,0.11999999731779099,"[{'zh': '街区', 'rcs': 0.3015282750129699, 'w': 0.30035285066531436}, {'zh': '立方体', 'rcs': 0.3033852279186249, 'w': 0.30035285066531436}, {'zh': '块', 'rcs': 0.3588471710681915, 'w': 0.0989414480040568}]",[],0.5981291,0.605979,0.60205406,0.13787603,0.01085868,0.07436736,1.4402009273260734
23,block,toy,M-E+,大楼,玩具,5,3,0.09373296052217484,0.036282625049352646,0.04830917716026306,0.0,10.0,0.0,,,,,,,,,,0.5981291,0.7505278,0.67432845,0.13787603,0.20527373,0.17157489,1.1594116762146536
24,border,state,M+E+,边境,国家,6,5,0.16155199706554413,0.09998095780611038,0.03086419776082039,0.01081028301268816,5.0,1.167510747909546,边界,国家,0.3967014253139496,0.2936394810676574,0.1590379923582077,0.734108030796051,0.09259258955717087,"[{'zh': '边境', 'rcs': 0.4416214823722839, 'w': 0.4204810016270035}, {'zh': '边疆', 'rcs': 0.2616983354091644, 'w': 0.4204810016270035}]","[{'zh': '规定', 'rcs': 0.2473006099462509, 'w': 0.26589196465579745}]",0.6317142,0.7015089,0.66661155,0.21258223,0.25638014,0.23448119,1.3195349259653562
25,border,soldier,M+E-,边境,战士,6,7,0.044731561094522476,0.05734517052769661,0.0,0.009503674693405628,0.0,1.0644115209579468,边疆,战士,0.2616983354091644,0.3228359520435333,0.42048099637031555,0.31642675399780273,0.0714285746216774,"[{'zh': '边境', 'rcs': 0.4416214823722839, 'w': 0.4204810016270035}, {'zh': '边界', 'rcs': 0.3967014253139496, 'w': 0.15903799674599292}]","[{'zh': '兵', 'rcs': 0.3273873627185821, 'w': 0.3164267561764707}, {'zh': '军人', 'rcs': 0.4203858375549316, 'w': 0.18820543137467238}, {'zh': '士兵', 'rcs': 0.4214936792850494, 'w': 0.17894105627238624}]",0.6317142,0.75581336,0.6937638,0.21258223,0.31563348,0.26410785,0.7699646229619352
26,border,barrier,M-E+,边境,障碍,6,7,0.18023288249969482,0.015557796694338322,0.02469135820865631,0.0,4.0,0.0,,,,,,,,,,0.6317142,0.6874486,0.6595814,0.21258223,0.09970817,0.1561452,1.0066423638169701
27,brick,cement,M+E+,积木,水泥,5,6,0.4374702572822571,0.1797666847705841,0.021621622145175934,0.012578616850078106,4.0,1.3333333730697632,砖头,水泥,0.3522881269454956,0.5626490116119385,0.3333333432674408,1.0,0.03773584961891174,"[{'zh': '积木', 'rcs': 0.2154386341571808, 'w': 0.3333333333333333}, {'zh': '砖', 'rcs': 0.5376665592193604, 'w': 0.3333333333333333}]",[],0.741537,0.7559994,0.7487682,0.22103651,0.28496802,0.25300226,0.6611438591540121
28,brick,toy,M+E-,积木,玩具,5,3,0.05573732778429985,0.15913334488868713,0.0,0.0451977401971817,0.0,5.333333492279053,积木,玩具,0.2154386341571808,0.4676190018653869,0.3333333432674408,1.0,0.1355932205915451,"[{'zh': '砖头', 'rcs': 0.3522881269454956, 'w': 0.3333333333333333}, {'zh': '砖', 'rcs': 0.5376665592193604, 'w': 0.3333333333333333}]",[],0.741537,0.7505278,0.74603236,0.22103651,0.20527373,0.21315512,1.0121330937879782
29,brick,layer,M-E+,积木,层次,5,5,0.200916588306427,0.01743333414196968,0.021621622145175934,0.0,4.0,0.0,,,,,,,,,,0.741537,0.5463708,0.6439539,0.22103651,0.17130128,0.1961689,1.3416863579321843
30,bubble,soap,M+E+,泡泡,香皂,6,4,0.34357553720474243,0.05552026256918907,0.15068493783473969,0.008560298010706902,33.0,0.8132283687591553,泡沫,肥皂,0.4069440960884094,0.3308897018432617,0.07059616595506668,0.5,0.0891089141368866,"[{'zh': '泡泡', 'rcs': 0.3187713325023651, 'w': 0.23235095813660003}, {'zh': '起泡', 'rcs': 0.3191709220409393, 'w': 0.23235095813660003}, {'zh': '气泡', 'rcs': 0.3949038386344909, 'w': 0.23235095813660003}, {'zh': '泡', 'rcs': 0.3404182195663452, 'w': 0.23235095813660003}]","[{'zh': '香皂', 'rcs': 0.2565927505493164, 'w': 0.5}]",0.7646963,0.7759434,0.7703198,0.17728187,0.42318115,0.30023152,1.0756430327784279
31,bubble,sugar,M+E-,泡泡,糖,6,5,0.0540446862578392,0.07260967791080475,0.0,0.017120596021413803,0.0,1.6264567375183105,泡泡,糖,0.3187713325023651,0.6042978167533875,0.23235096037387848,1.0,0.0736842080950737,"[{'zh': '起泡', 'rcs': 0.3191709220409393, 'w': 0.23235095813660003}, {'zh': '气泡', 'rcs': 0.3949038386344909, 'w': 0.23235095813660003}, {'zh': '泡', 'rcs': 0.3404182195663452, 'w': 0.23235095813660003}, {'zh': '泡沫', 'rcs': 0.4069440960884094, 'w': 0.07059616745359987}]",[],0.7646963,0.8346725,0.7996844,0.17728187,0.2812132,0.22924754,1.001044055351407
32,bubble,round,M-E+,泡泡,回合,6,5,0.09997345507144928,0.009340507909655571,0.0502283088862896,0.0,11.0,0.0,,,,,,,,,,0.7646963,0.46832725,0.61651176,0.17728187,0.014070731,0.0956763,1.4052008569773378
33,bull,red,M+E+,公牛,红的,4,3,0.04432765394449234,0.028466667979955673,0.0839160829782486,0.035087719559669495,12.0,2.0,公牛,红色,0.3644729852676391,0.3834229111671448,1.0,0.3333333432674408,0.10526315867900848,[],"[{'zh': '红的', 'rcs': 0.2435952574014663, 'w': 0.3333333333333333}, {'zh': '红', 'rcs': 0.3943059742450714, 'w': 0.3333333333333333}]",0.7259266,0.7974439,0.76168525,0.082972884,0.3534052,0.21818905,1.1787773553645533
34,bull,angle,M+E-,公牛,角,4,5,0.010572373867034912,0.1518959105014801,0.0,0.03850925713777542,0.0,2.1950275897979736,公牛,角,0.3644729852676391,0.2185849845409393,1.0,0.7316758632659912,0.05263157933950424,[],"[{'zh': '角度', 'rcs': 0.3891266286373138, 'w': 0.26832411603542305}]",0.7259266,0.62731457,0.6766206,0.082972884,0.16969074,0.1263318,1.393369138245422
35,bull,market,M-E+,公牛,市场,4,6,0.07433144748210907,0.00848471000790596,0.0279720276594162,0.0,4.0,0.0,,,,,,,,,,0.7259266,0.771651,0.74878883,0.082972884,0.09831905,0.09064597,0.991713581779033
36,butt,rear,M+E+,屁股,臀部,4,4,0.38679614663124084,0.5623000264167786,0.058252427726984024,0.07207207381725311,12.0,8.0,屁股,臀部,0.4348784983158111,0.2361449003219604,1.0,1.0,0.07207207381725311,[],[],0.7246236,0.54897034,0.63679695,0.17101058,0.27734083,0.2241757,1.2463019216456344
37,butt,body,M+E-,屁股,尸体,4,4,0.053883977234363556,0.1084931418299675,0.0,0.014416160993278027,0.0,1.6001938581466675,屁股,身体,0.4348784983158111,0.3793242275714874,1.0,0.40004846453666687,0.036036036908626556,[],"[{'zh': '尸体', 'rcs': 0.214199960231781, 'w': 0.4000484667624227}, {'zh': '物体', 'rcs': 0.4174042642116546, 'w': 0.19990306647515454}]",0.7246236,0.68073213,0.70267785,0.17101058,0.043146376,0.10707848,0.8785453445743648
38,butt,sex,M-E+,屁股,性,4,3,0.06541331857442856,0.024925777688622475,0.02427184395492077,0.0,5.0,0.0,,,,,,,,,,0.7246236,0.72243667,0.7235302,0.17101058,0.29370517,0.23235787,1.075370317897989
39,button,thread,M+E+,扣子,穿,6,6,0.26114553213119507,0.06255137920379639,0.021276595070958138,0.014100824482738972,4.0,1.4241832494735718,扣子,衣服,0.3900531828403473,0.2073432207107544,0.22952285408973694,0.24819894134998322,0.24752475321292877,"[{'zh': '按钮', 'rcs': 0.4878642857074737, 'w': 0.22952285107089268}, {'zh': '按键', 'rcs': 0.4508865475654602, 'w': 0.22952285107089268}, {'zh': '纽扣', 'rcs': 0.3458504974842071, 'w': 0.22952285107089268}, {'zh': '键', 'rcs': 0.3273929059505462, 'w': 0.08190859571642929}]","[{'zh': '穿', 'rcs': 0.2127098888158798, 'w': 0.7518010622210529}]",0.78395116,0.64790684,0.71592903,0.14869538,0.026098285,0.08739683,0.9263248486169166
40,button,voice,M+E-,扣子,声音,6,5,0.014528078027069569,0.025775417685508728,0.0,0.009979254566133022,0.0,0.9180914163589478,按键,声音,0.4508865475654602,0.4346926212310791,0.22952285408973694,1.0,0.043478261679410934,"[{'zh': '扣子', 'rcs': 0.3900531828403473, 'w': 0.22952285107089268}, {'zh': '按钮', 'rcs': 0.4878642857074737, 'w': 0.22952285107089268}, {'zh': '纽扣', 'rcs': 0.3458504974842071, 'w': 0.22952285107089268}, {'zh': '键', 'rcs': 0.3273929059505462, 'w': 0.08190859571642929}]",[],0.78395116,0.7235539,0.7537525,0.14869538,0.20194404,0.1753197,1.096499843575136
41,button,press,M-E+,扣子,评论,6,5,0.1876007467508316,0.017191262915730476,0.058510638773441315,0.0,11.0,0.0,,,,,,,,,,0.78395116,0.6138731,0.69891214,0.14869538,0.00453229,0.076613836,1.1777295370329355
42,cancer,sickness,M+E+,癌症,疾病,6,8,0.3293450176715851,0.17241623997688293,0.05343511328101158,0.013135694898664951,7.0,1.4317907094955444,癌,疾病,0.643173336982727,0.4873869121074676,0.5,0.5727162957191467,0.0458715595304966,"[{'zh': '癌症', 'rcs': 0.6733107566833496, 'w': 0.5}]","[{'zh': '恶心', 'rcs': 0.4008625745773315, 'w': 0.17974843156570344}, {'zh': '呕吐', 'rcs': 0.4489710330963135, 'w': 0.1162461307620861}, {'zh': '厌恶', 'rcs': 0.2158258259296417, 'w': 0.07098864434248908}, {'zh': '悲伤', 'rcs': 0.2323462665081024, 'w': 0.06030047312504205}]",0.7922889,0.7799919,0.78614044,0.097811274,0.22926068,0.16353598,1.1835144178330275
43,cancer,perish,M+E-,癌症,丧失,6,6,0.05828866735100746,0.04083135724067688,0.0,0.023990033194422722,0.0,2.5669333934783936,癌症,死亡,0.6733107566833496,0.2510530650615692,0.5,0.3422577977180481,0.14018692076206207,"[{'zh': '癌', 'rcs': 0.643173336982727, 'w': 0.5}]","[{'zh': '丧失', 'rcs': 0.3378564715385437, 'w': 0.3900043667165838}, {'zh': '毁灭', 'rcs': 0.3822246491909027, 'w': 0.26773784416724294}]",0.7922889,0.6875172,0.7399031,0.097811274,0.042202048,0.07000666,1.3073423365882266
44,cancer,research,M-E+,癌症,探索,6,8,0.06339406222105026,0.008587397634983063,0.030534351244568825,0.0,4.0,0.0,,,,,,,,,,0.7922889,0.6132488,0.70276886,0.097811274,0.06620239,0.08200683,1.2611135150971742
45,candle,burning,M+E+,蜡烛,烧,6,7,0.29243919253349304,0.1236475482583046,0.01595744676887989,0.027379384264349937,3.0,2.8200767040252686,蜡烛,燃烧,0.4977260828018188,0.3634793758392334,1.0,0.2563706040382385,0.10679611563682556,[],"[{'zh': '烧', 'rcs': 0.2890322804450989, 'w': 0.39337062217704377}, {'zh': '着火', 'rcs': 0.3375095129013061, 'w': 0.35025876882649665}]",0.8062621,0.70211846,0.75419027,0.083157845,0.05721051,0.07018418,1.2855144951947666
46,candle,teacher,M+E-,蜡烛,老师,6,7,0.008692783303558826,0.0709778368473053,0.0,0.03991920128464699,0.0,4.111677646636963,蜡烛,老师,0.4977260828018188,0.3468257486820221,1.0,0.5139597058296204,0.0776699036359787,[],"[{'zh': '教师', 'rcs': 0.5814129710197449, 'w': 0.27992430342702346}, {'zh': '先生', 'rcs': 0.3092143535614013, 'w': 0.20611599535842348}]",0.8062621,0.7545064,0.78038424,0.083157845,0.3640417,0.22359976,1.1973501964370907
47,candle,stick,M-E+,蜡烛,放置,6,5,0.06691516190767288,0.005538018420338631,0.04787234216928482,0.0,9.0,0.0,,,,,,,,,,0.8062621,0.69549215,0.75087714,0.083157845,0.023742562,0.053450204,1.4545177557706146
48,cannon,weapon,M+E+,大炮,凶器,6,6,0.3683567941188812,0.17270594835281372,0.055276382714509964,0.020697085186839104,11.0,1.779949426651001,大炮,武器,0.4868981540203094,0.4844430685043335,1.0,0.2542784810066223,0.08139535039663315,[],"[{'zh': '凶器', 'rcs': 0.2454517632722854, 'w': 0.5076603114202342}, {'zh': '兵器', 'rcs': 0.4094533324241638, 'w': 0.16383712565252684}, {'zh': '工具', 'rcs': 0.2591533958911896, 'w': 0.07422409669575192}]",0.7808657,0.7073319,0.7440988,0.24590074,0.6664765,0.45618862,0.9073439622456951
49,cannon,airplane,M+E-,大炮,飞机,6,8,0.0480201281607151,0.16910000145435333,0.0,0.04651162773370743,0.0,4.0,大炮,飞机,0.4868981540203094,0.4810656905174255,1.0,1.0,0.04651162773370743,[],[],0.7808657,0.8041768,0.79252124,0.24590074,0.548523,0.39721188,0.9909127755244306
50,cannon,camera,M-E+,大炮,相机,6,6,0.08871393650770187,0.014233333989977837,0.04020100459456444,0.0,8.0,0.0,,,,,,,,,,0.7808657,0.7588961,0.7698809,0.24590074,0.55002904,0.3979649,1.0341331367861928
51,cell,phone,M+E+,细胞,电话,4,5,0.2760106027126312,0.03960262984037399,0.2198275923728943,0.020449677482247353,51.0,1.513276219367981,电池,手机,0.3752782046794891,0.4162161350250244,0.3265281617641449,0.3310316503047943,0.18918919563293457,"[{'zh': '细胞', 'rcs': 0.5658032298088074, 'w': 0.6734718358099498}]","[{'zh': '电话', 'rcs': 0.4296647608280182, 'w': 0.6689683530984972}]",0.69735515,0.7446308,0.720993,0.19988123,0.08842685,0.14415404,1.0678754603764113
52,cell,split,M+E-,细胞,分裂,4,5,0.042959898710250854,0.09205140918493271,0.0,0.013967393897473812,0.0,1.2430980205535889,细胞,分裂,0.5658032298088074,0.2465959638357162,0.6734718084335327,0.4614514112472534,0.04494382068514824,"[{'zh': '电池', 'rcs': 0.3752782046794891, 'w': 0.3265281641900501}]","[{'zh': '分离', 'rcs': 0.2221004962921142, 'w': 0.27476371614688927}, {'zh': '分开', 'rcs': 0.2601527571678161, 'w': 0.26378487540017903}]",0.69735515,0.68003774,0.68869644,0.19988123,0.08168606,0.14078364,0.687759018478743
53,cell,jail,M-E+,细胞,监狱,4,4,0.21122011542320251,0.010893238708376884,0.12068965286016464,0.0,28.0,0.0,,,,,,,,,,0.69735515,0.78983456,0.7435949,0.19988123,0.33836442,0.26912284,0.39156232258412793
54,cellar,wine,M+E+,地窖,红酒,6,4,0.19139467179775238,0.10992316156625748,0.3195266127586365,0.014402813278138638,54.0,1.5122953653335571,地窖,酒,0.5133994817733765,0.5839354395866394,0.7117900252342224,0.11803538352251053,0.17142857611179352,"[{'zh': '地下室', 'rcs': 0.4973924160003662, 'w': 0.2882099641173327}]","[{'zh': '红酒', 'rcs': 0.6238476037979126, 'w': 0.44098230964746854}, {'zh': '葡萄酒', 'rcs': 0.5747804641723633, 'w': 0.44098230964746854}]",0.75148815,0.82116216,0.78632516,0.15617557,0.25448346,0.20532951,1.4017753951392662
55,cellar,liquor,M+E-,地窖,酒,6,6,0.0692436620593071,0.18050995469093323,0.0,0.1220211535692215,0.0,12.812220573425293,地窖,酒,0.5133994817733765,0.4539623856544494,0.7117900252342224,1.0,0.17142857611179352,"[{'zh': '地下室', 'rcs': 0.4973924160003662, 'w': 0.2882099641173327}]",[],0.75148815,0.80507517,0.7782817,0.15617557,0.6628885,0.40953204,0.33409955310417266
56,cellar,bottom,M-E+,地窖,底部,6,6,0.18840007483959198,0.035322628915309906,0.017751479521393776,0.0,3.0,0.0,,,,,,,,,,0.75148815,0.69940823,0.7254482,0.15617557,0.3808172,0.2684964,0.9893420914713142
57,chips,potato,M+E+,薯片,马铃薯,5,6,0.4689476788043976,0.14011156558990479,0.20624999701976776,0.019134650006890297,33.0,2.162215232849121,薯片,土豆,0.4061576426029205,0.5999026298522949,0.3931300640106201,0.5,0.09734513610601425,"[{'zh': '薯条', 'rcs': 0.4132479429244995, 'w': 0.39313006220577895}, {'zh': '片', 'rcs': 0.2534704208374023, 'w': 0.21373987558844212}]","[{'zh': '马铃薯', 'rcs': 0.6352267861366272, 'w': 0.5}]",0.8494861,0.8585923,0.8540392,0.41253394,0.2965405,0.35453722,0.5253638030100094
58,chips,movie,M+E-,薯片,电影,5,5,0.01134582795202732,0.05104108154773712,0.0,0.009606286883354187,0.0,0.8549594879150391,片,电影,0.2534704208374023,0.40373095870018,0.21373987197875977,1.0,0.04494382068514824,"[{'zh': '薯片', 'rcs': 0.4061576426029205, 'w': 0.39313006220577895}, {'zh': '薯条', 'rcs': 0.4132479429244995, 'w': 0.39313006220577895}]",[],0.8494861,0.75840205,0.8039441,0.41253394,0.6955069,0.5540204,1.1323187409465898
59,chips,poker,M-E+,薯片,扑克,5,5,0.21336530148983002,0.014042709954082966,0.11874999850988388,0.0,19.0,0.0,,,,,,,,,,0.8494861,0.6640656,0.75677586,0.41253394,0.024044998,0.21828946,0.6552541010527702
60,chop,knife,M+E+,劈,刀子,4,5,0.31608670949935913,0.1682540327310562,0.11052631586790085,0.025491395965218544,21.0,2.702087879180908,砍,刀,0.2859668731689453,0.4517486691474914,0.49728140234947205,0.31963059306144714,0.1603773534297943,"[{'zh': '劈', 'rcs': 0.3510035276412964, 'w': 0.5027185974379433}]","[{'zh': '刀子', 'rcs': 0.5002323985099792, 'w': 0.6803694095529377}]",0.6405899,0.8075766,0.72408324,0.25464034,0.6887677,0.471704,0.9141284920778804
61,chop,log,M+E-,劈,木头,4,3,0.06255979090929031,0.17600177228450775,0.0,0.02872677519917488,0.0,2.0108742713928223,劈,木头,0.3510035276412964,0.2718109786510467,0.5027185678482056,1.0,0.05714285746216774,"[{'zh': '砍', 'rcs': 0.2859668731689453, 'w': 0.4972814025620566}]",[],0.6405899,0.61934423,0.6299671,0.25464034,0.2735067,0.26407352,0.664925170118607
62,chop,pork,M-E+,劈,猪肉,4,4,0.3766520917415619,0.027146803215146065,0.08947368711233139,0.0,17.0,0.0,,,,,,,,,,0.6405899,0.8564856,0.7485378,0.25464034,0.5490882,0.40186426,0.3215265385765177
63,juice,orange,M+E+,果汁,橙汁,5,6,0.4837367534637451,0.12358962744474411,0.34328359365463257,0.0182076133787632,69.0,1.9664220809936523,果汁,橙子,0.6015601754188538,0.3725557923316955,0.8193425536155701,0.20000000298023224,0.1111111119389534,"[{'zh': '汽油', 'rcs': 0.2952397167682647, 'w': 0.18065745538948738}]","[{'zh': '橙汁', 'rcs': 0.3125021755695343, 'w': 0.2}, {'zh': '橘色', 'rcs': 0.4478543996810913, 'w': 0.2}, {'zh': '橘子', 'rcs': 0.2898399233818054, 'w': 0.2}, {'zh': '橙色', 'rcs': 0.3954050242900848, 'w': 0.2}]",0.8238368,0.818682,0.8212594,0.23336983,0.47633475,0.3548523,0.5402635596033732
64,juice,auto,M+E-,果汁,汽车,5,4,0.004882819019258022,0.0909610316157341,0.0,0.04516436532139778,0.0,5.419723987579346,汽油,汽车,0.2952397167682647,0.4339776635169983,0.18065746128559113,1.0,0.25,"[{'zh': '果汁', 'rcs': 0.6015601754188538, 'w': 0.8193425446105127}]",[],0.8238368,0.7357835,0.7798102,0.23336983,0.04260072,0.13798527,1.1783554022826688
65,juice,box,M-E+,果汁,盒子,5,3,0.03494416922330856,0.03178727999329567,0.03482586890459061,0.0,7.0,0.0,,,,,,,,,,0.8238368,0.73905814,0.78144747,0.23336983,0.108495235,0.17093253,1.168954819904697
66,kidney,urine,M+E+,肾,尿,6,5,0.2914451062679291,0.2354641854763031,0.06437768042087555,0.026308845728635788,15.0,1.9731634855270386,肾,尿,0.6341255307197571,0.544859766960144,1.0,0.6577211618423462,0.03999999910593033,[],"[{'zh': '小便', 'rcs': 0.3024432063102722, 'w': 0.342278844307838}]",0.78879136,0.7513646,0.77007794,0.1464943,0.56721705,0.3568557,0.5311879144628526
67,kidney,apple,M+E-,肾,苹果,6,5,0.06251191347837448,0.10209999978542328,0.0,0.07999999821186066,0.0,6.0,肾,苹果,0.6341255307197571,0.4181903004646301,1.0,1.0,0.07999999821186066,[],[],0.78879136,0.8419381,0.8153647,0.1464943,0.2277003,0.1870973,0.6853080628232351
68,kidney,bean,M-E+,肾,豆豆,6,4,0.23862041532993317,0.013399999588727951,0.15021459758281708,0.0,35.0,0.0,,,,,,,,,,0.78879136,0.8341423,0.8114668,0.1464943,0.22804466,0.18726948,0.9890182260008457
69,knight,sword,M+E+,骑士,剑,6,5,0.42133304476737976,0.14389346539974213,0.10050251334905624,0.02087360806763172,20.0,2.463085412979126,骑士,剑,0.3701637685298919,0.3996585011482239,0.7538077235221863,0.6535049676895142,0.04237288236618042,"[{'zh': '爵士', 'rcs': 0.2292007505893707, 'w': 0.24619225649468346}]","[{'zh': '刀', 'rcs': 0.3880504071712494, 'w': 0.3464950224921284}]",0.7385294,0.7492657,0.74389756,0.33574829,0.34472117,0.34023473,0.5027117658816388
70,knight,music,M+E-,骑士,音乐,6,5,0.006321261171251535,0.04382361099123955,0.0,0.028575580567121506,0.0,2.771831512451172,爵士,音乐,0.2292007505893707,0.435087114572525,0.24619226157665253,0.3882347643375397,0.2989690601825714,"[{'zh': '骑士', 'rcs': 0.3701637685298919, 'w': 0.7538077435053165}]","[{'zh': '乐谱', 'rcs': 0.2720466256141662, 'w': 0.38823476818978614}, {'zh': '乐曲', 'rcs': 0.3667509257793426, 'w': 0.2235304636204278}]",0.7385294,0.8164149,0.77747214,0.33574829,0.3563554,0.34605184,1.147481340470024
71,knight,white,M-E+,骑士,白,6,5,0.07620950043201447,0.013643920421600342,0.05025125667452812,0.0,10.0,0.0,,,,,,,,,,0.7385294,0.7987871,0.7686583,0.33574829,0.652965,0.49435663,1.3976568380118017
72,laser,surgery,M+E+,激光,手术,5,7,0.1957014799118042,0.2700999975204468,0.06598984450101852,0.1489361673593521,13.0,14.0,激光,手术,0.5724965333938599,0.5506819486618042,1.0,1.0,0.1489361673593521,[],[],0.7685543,0.787066,0.7778101,0.2512124,0.16315109,0.20718174,1.219312864350448
73,laser,arms,M+E-,激光,武器,5,4,0.04222150146961212,0.11571867018938065,0.0,0.030501727014780045,0.0,2.8671622276306152,激光,武器,0.5724965333938599,0.2963938415050506,1.0,0.573432445526123,0.05319149047136307,[],"[{'zh': '兵器', 'rcs': 0.2892235517501831, 'w': 0.4265675521178863}]",0.7685543,0.5700322,0.6692932,0.2512124,0.08172515,0.16646877,1.2415755598698641
74,laser,space,M-E+,激光,空间,5,5,0.15411540865898132,0.023046188056468964,0.015228426083922386,0.0,3.0,0.0,,,,,,,,,,0.7685543,0.6740433,0.7212988,0.2512124,0.266436,0.2588242,1.4270234890624378
75,laugh,teeth,M+E+,大笑,牙,5,5,0.07514019310474396,0.03626198694109917,0.0258620698004961,0.0135000329464674,3.0,1.1610027551651,大笑,牙齿,0.4641201496124267,0.5494320392608643,0.38989385962486267,0.4962901175022125,0.06976744532585144,"[{'zh': '笑声', 'rcs': 0.4315326511859894, 'w': 0.3539020323843083}, {'zh': '笑', 'rcs': 0.4041086435317993, 'w': 0.25620411067862575}]","[{'zh': '牙', 'rcs': 0.283527672290802, 'w': 0.5037098760926835}]",0.75537825,0.77567595,0.7655271,0.26593342,0.3219151,0.29392427,0.7173814068855371
76,laugh,voice,M+E-,大笑,声音,5,5,0.07412134855985641,0.11646916717290878,0.0,0.0140159223228693,0.0,1.4156081676483154,笑声,声音,0.4315326511859894,0.4346926212310791,0.35390204191207886,1.0,0.039603959769010544,"[{'zh': '大笑', 'rcs': 0.4641201496124267, 'w': 0.389893856937066}, {'zh': '笑', 'rcs': 0.4041086435317993, 'w': 0.25620411067862575}]",[],0.75537825,0.7235539,0.7394661,0.26593342,0.20194404,0.23393872,0.18616747121786367
77,laugh,belly,M-E+,大笑,肚子,5,5,0.12846992909908295,0.01906581036746502,0.0258620698004961,0.0,3.0,0.0,,,,,,,,,,0.75537825,0.7772397,0.76630896,0.26593342,0.24125734,0.25359538,0.9349151210373019
78,lick,cat,M+E+,舔,猫,4,3,0.13671281933784485,0.19910000264644623,0.01886792480945587,0.043478261679410934,4.0,5.0,舔,猫,0.3550833761692047,0.4880292117595672,1.0,1.0,0.043478261679410934,[],[],0.8102749,0.82852244,0.81939864,0.59915155,0.70452857,0.6518401,1.1328334140708958
79,lick,bone,M+E-,舔,骨,4,4,0.07303119450807571,0.1160864382982254,0.0,0.04563146084547043,0.0,5.247617721557617,舔,舌头,0.3550833761692047,0.4872653484344482,1.0,0.22815729677677155,0.20000000298023224,[],"[{'zh': '骨', 'rcs': 0.535764753818512, 'w': 0.5007268142487543}, {'zh': '骨头', 'rcs': 0.5531677603721619, 'w': 0.27111589079686227}]",0.8102749,0.7707477,0.7905113,0.59915155,0.30005962,0.44960558,0.5877057532615045
80,lick,stick,M-E+,舔,放置,4,5,0.17358741164207458,0.025354821234941483,0.01886792480945587,0.0,4.0,0.0,,,,,,,,,,0.8102749,0.69549215,0.75288355,0.59915155,0.023742562,0.31144705,1.2766935386596523
81,meat,beef,M+E+,肉,牛肉,4,4,0.5472329258918762,0.6776000261306763,0.13684210181236267,0.05263157933950424,26.0,7.0,肉,牛肉,0.5685207843780518,0.6528488397598267,1.0,1.0,0.05263157933950424,[],[],0.8459676,0.85176283,0.8488652,0.49032253,0.40743673,0.44887963,0.4551550940699419
82,meat,touch,M+E-,肉,触摸,4,5,0.017573438584804535,0.14212583005428314,0.0,0.02070513926446438,0.0,2.7537834644317627,肉,吃,0.5685207843780518,0.2017240822315216,1.0,0.30597594380378723,0.06766917556524277,[],"[{'zh': '触摸', 'rcs': 0.3498248159885406, 'w': 0.6222482817801144}, {'zh': '打', 'rcs': 0.2069639414548874, 'w': 0.07177576707765093}]",0.8459676,0.5634652,0.7047164,0.49032253,0.24174066,0.3660316,1.271884671501197
83,meat,market,M-E+,肉,市场,4,6,0.16029244661331177,0.03304571285843849,0.021052632480859756,0.0,4.0,0.0,,,,,,,,,,0.8459676,0.771651,0.8088093,0.49032253,0.09831905,0.2943208,0.9933660643894181
84,media,news,M+E+,媒体,新闻,5,4,0.370339959859848,0.17729327082633972,0.14009661972522736,0.054026469588279724,29.0,6.05096435546875,媒体,新闻,0.3585670590400696,0.4185450077056885,0.5,0.7118781805038452,0.1517857164144516,"[{'zh': '传媒', 'rcs': 0.2715575098991394, 'w': 0.5}]","[{'zh': '消息', 'rcs': 0.2309300005435943, 'w': 0.2881218429053617}]",0.7705258,0.7357612,0.75314355,0.5171616,0.16517748,0.34116954,1.1944648668859745
85,media,campus,M+E-,媒体,校园,5,6,0.030409127473831177,0.014911397360265255,0.0,0.008487221784889698,0.0,1.0354410409927368,传媒,大学,0.2715575098991394,0.2137802988290786,0.5,0.1479201465845108,0.1147540956735611,"[{'zh': '媒体', 'rcs': 0.3585670590400696, 'w': 0.5}]","[{'zh': '校园', 'rcs': 0.3047914206981659, 'w': 0.8520798559841679}]",0.7705258,0.68898064,0.72975326,0.5171616,0.26682115,0.39199138,1.181322401763955
86,media,mass,M-E+,媒体,大多数,5,4,0.05999176576733589,0.018570706248283386,0.02415458858013153,0.0,5.0,0.0,,,,,,,,,,0.7705258,0.6085891,0.68955743,0.5171616,0.17297293,0.34506726,0.5190145928736115
87,milk,white,M+E+,牛奶,白,4,5,0.0985090509057045,0.02449999935925007,0.19745223224163055,0.013274336233735085,31.0,1.5,牛奶,白色,0.6177763938903809,0.4515153765678406,0.5,0.25,0.10619468986988068,"[{'zh': '奶', 'rcs': 0.5055748224258423, 'w': 0.5}]","[{'zh': '白', 'rcs': 0.2417072206735611, 'w': 0.25}, {'zh': '雪白', 'rcs': 0.4313930571079254, 'w': 0.25}, {'zh': '白色的', 'rcs': 0.4358446896076202, 'w': 0.25}]",0.8443462,0.7987871,0.8215667,0.17669687,0.652965,0.41483092,1.3165070925871973
88,milk,mum,M+E-,牛奶,妈,4,3,0.040999576449394226,0.06512351334095001,0.0,0.010721640661358833,0.0,1.1686588525772095,奶,妈,0.5055748224258423,0.3762714564800262,0.5,0.5843294262886047,0.03669724613428116,"[{'zh': '牛奶', 'rcs': 0.6177763938903809, 'w': 0.5}]","[{'zh': '妈妈', 'rcs': 0.4451901316642761, 'w': 0.41567056225558385}]",0.8443462,0.72782457,0.78608537,0.17669687,0.3069125,0.24180469,0.9706042038094956
89,milk,baby,M-E+,牛奶,小孩,4,4,0.06749771535396576,0.023960569873452187,0.025477707386016846,0.0,4.0,0.0,,,,,,,,,,0.8443462,0.73960555,0.79197586,0.17669687,0.19951873,0.18810779,1.3448124344494312
90,monkey,banana,M+E+,猴子,香蕉,6,6,0.17200368642807007,0.1361035704612732,0.10762331634759903,0.03247908130288124,24.0,2.7607216835021973,猴子,香蕉,0.4993607997894287,0.5577446222305298,0.3943888247013092,1.0,0.08235294371843338,"[{'zh': '猴', 'rcs': 0.4219879508018493, 'w': 0.39438882057389607}, {'zh': '捣蛋鬼', 'rcs': 0.3786680400371551, 'w': 0.21122235885220783}]",[],0.803336,0.8444719,0.8239039,0.5658823,0.8898525,0.7278674,0.6225648570610016
91,monkey,person,M+E-,猴子,人,6,6,0.034276332706213,0.03553443402051926,0.0,0.018559474498033524,0.0,1.5775552988052368,猴子,人,0.4993607997894287,0.2342890352010727,0.3943888247013092,1.0,0.0470588244497776,"[{'zh': '猴', 'rcs': 0.4219879508018493, 'w': 0.39438882057389607}, {'zh': '捣蛋鬼', 'rcs': 0.3786680400371551, 'w': 0.21122235885220783}]",[],0.803336,0.69399196,0.748664,0.5658823,0.08301145,0.3244469,1.013834476260887
92,monkey,wrench,M-E+,猴子,扳手,6,6,0.10762462764978409,0.02074485272169113,0.013452914543449879,0.0,3.0,0.0,,,,,,,,,,0.803336,0.7390088,0.7711724,0.5658823,0.29183486,0.42885858,1.1529444802170867
93,motion,movement,M+E+,动作,进步,6,8,0.37575745582580566,0.03867122903466225,0.15048544108867645,0.011093296110630035,31.0,1.3311954736709595,动,运动,0.2037381082773208,0.345899760723114,0.4110391438007355,0.40482625365257263,0.06666667014360428,"[{'zh': '动作', 'rcs': 0.2580753862857818, 'w': 0.4110391564354223}, {'zh': '移动', 'rcs': 0.2366111874580383, 'w': 0.17792168712915535}]","[{'zh': '进步', 'rcs': 0.2919689416885376, 'w': 0.5951737585287443}]",0.7093724,0.62111986,0.6652461,0.14263941,0.13152725,0.13708332,0.9921812891293321
94,motion,movie,M+E-,动作,电影,6,5,0.03787009045481682,0.055202554911375046,0.0,0.05708877369761467,0.0,6.165586948394775,动作,电影,0.2580753862857818,0.40373095870018,0.4110391438007355,1.0,0.1388888955116272,"[{'zh': '动', 'rcs': 0.2037381082773208, 'w': 0.4110391564354223}, {'zh': '移动', 'rcs': 0.2366111874580383, 'w': 0.17792168712915535}]",[],0.7093724,0.75840205,0.7338872,0.14263941,0.6955069,0.41907313,1.3430066618385386
95,motion,sickness,M-E+,动作,疾病,6,8,0.06941450387239456,0.003272182308137417,0.033980581909418106,0.0,7.0,0.0,,,,,,,,,,0.7093724,0.7799919,0.7446822,0.14263941,0.22926068,0.18595004,1.1268480124943485
96,nail,metal,M+E+,钉,金属,4,5,0.16370761394500732,0.09039510041475296,0.06870228797197342,0.014694567769765854,9.0,1.2343436479568481,钉,金属,0.494232714176178,0.4880557358264923,0.4114478826522827,1.0,0.0357142873108387,"[{'zh': '指甲', 'rcs': 0.4805534183979034, 'w': 0.41144787488859724}, {'zh': '钉子', 'rcs': 0.4445976316928863, 'w': 0.17710425022280543}]",[],0.7656059,0.79557395,0.78058994,0.11914565,0.69042593,0.40478578,0.488954245361935
97,nail,oil,M+E-,钉,油,4,3,0.02157030627131462,0.07410331070423126,0.0,0.03474926948547363,0.0,2.3282008171081543,指甲,油,0.4805534183979034,0.4368906319141388,0.4114478826522827,0.8083651661872864,0.10447761416435242,"[{'zh': '钉', 'rcs': 0.494232714176178, 'w': 0.41144787488859724}, {'zh': '钉子', 'rcs': 0.4445976316928863, 'w': 0.17710425022280543}]","[{'zh': '石油', 'rcs': 0.476806104183197, 'w': 0.19163481615261352}]",0.7656059,0.73983413,0.75272,0.11914565,0.23999403,0.17956984,0.6462289673840453
98,nail,bed,M-E+,钉,底层,4,3,0.040400125086307526,0.01277545653283596,0.030534351244568825,0.0,4.0,0.0,,,,,,,,,,0.7656059,0.7466802,0.7561431,0.11914565,0.49461982,0.30688274,1.3394285544199738
99,navy,blue,M+E+,海军,蓝色,4,4,0.18816573917865753,0.11050000041723251,0.1991869956254959,0.023364486172795296,49.0,2.5,海军,蓝色,0.5721511244773865,0.3801732659339905,1.0,0.5,0.04672897234559059,[],"[{'zh': '蓝', 'rcs': 0.3567917346954345, 'w': 0.5}]",0.82606906,0.81527954,0.8206743,0.42394558,0.55630505,0.4901253,0.7643721814723566
100,navy,white,M+E-,海军,白,4,5,0.032801996916532516,0.019075000658631325,0.0,0.011682243086397648,0.0,1.25,海军,白色,0.5721511244773865,0.4515153765678406,1.0,0.25,0.04672897234559059,[],"[{'zh': '白', 'rcs': 0.2417072206735611, 'w': 0.25}, {'zh': '雪白', 'rcs': 0.4313930571079254, 'w': 0.25}, {'zh': '白色的', 'rcs': 0.4358446896076202, 'w': 0.25}]",0.82606906,0.7987871,0.8124281,0.42394558,0.652965,0.5384553,1.1359064998530444
101,navy,bean,M-E+,海军,豆豆,4,4,0.08242911100387573,0.005366667173802853,0.020325202494859695,0.0,5.0,0.0,,,,,,,,,,0.82606906,0.8341423,0.83010566,0.42394558,0.22804466,0.32599512,1.2301662220889498
102,nerve,brain,M+E+,神经,脑,5,5,0.2486272156238556,0.16289006173610687,0.12138728052377701,0.03152059018611908,21.0,3.908553123474121,神经,大脑,0.5768988132476807,0.5517149567604065,1.0,0.3908553123474121,0.08064515888690948,[],"[{'zh': '脑', 'rcs': 0.4921719133853912, 'w': 0.47670489913630926}, {'zh': '智力', 'rcs': 0.3047632277011871, 'w': 0.13243978150903857}]",0.6554417,0.7237043,0.689573,0.31645396,0.16811858,0.24228626,0.9943916325217061
103,nerve,network,M+E-,神经,网络,5,7,0.06505902856588364,0.062199998646974564,0.0,0.024193547666072845,0.0,3.0,神经,网络,0.5768988132476807,0.322317510843277,1.0,1.0,0.024193547666072845,[],[],0.6554417,0.7353553,0.6953985,0.31645396,0.5686431,0.4425485,1.179103182827915
104,nerve,steel,M-E+,神经,钢,5,5,0.04062088206410408,0.0166923850774765,0.028901733458042145,0.0,5.0,0.0,,,,,,,,,,0.6554417,0.7872494,0.72134554,0.31645396,0.5706547,0.44355434,0.9248970332206491
105,note,music,M+E+,音符,音乐,4,5,0.19658523797988892,0.1800861805677414,0.1434262990951538,0.05001088231801987,36.0,5.951294898986816,音符,音乐,0.3429398536682129,0.435087114572525,0.6131645441055298,0.3882347643375397,0.21008403599262238,"[{'zh': '记录', 'rcs': 0.2945465743541717, 'w': 0.20296655820800996}, {'zh': '音调', 'rcs': 0.3171283304691314, 'w': 0.1838689012505353}]","[{'zh': '乐谱', 'rcs': 0.2720466256141662, 'w': 0.38823476818978614}, {'zh': '乐曲', 'rcs': 0.3667509257793426, 'w': 0.2235304636204278}]",0.5172766,0.8164149,0.66684574,0.45798734,0.3563554,0.40717137,0.7944180406473837
106,note,leap,M+E-,音符,跳跃,4,4,0.02123483642935753,0.10613878071308136,0.0,0.020610574632883072,0.0,2.452658176422119,音符,跳跃,0.3429398536682129,0.2716983556747436,0.6131645441055298,1.0,0.03361344709992409,"[{'zh': '记录', 'rcs': 0.2945465743541717, 'w': 0.20296655820800996}, {'zh': '音调', 'rcs': 0.3171283304691314, 'w': 0.1838689012505353}]",[],0.5172766,0.6972972,0.60728693,0.45798734,0.0020978816,0.2300426,1.3264854371442667
107,note,letter,M-E+,音符,书信,4,6,0.35125547647476196,0.026885779574513435,0.04780876636505127,0.0,12.0,0.0,,,,,,,,,,0.5172766,0.72047174,0.6188742,0.45798734,0.36632788,0.4121576,1.001822005324433
108,palm,tree,M+E+,棕榈树,大树,4,4,0.15515504777431488,0.18191534280776978,0.44516128301620483,0.012045060284435749,69.0,1.1683708429336548,棕榈树,树,0.4547617137432098,0.3510806560516357,1.0,0.38945695757865906,0.030927835032343864,[],"[{'zh': '大树', 'rcs': 0.3920817971229553, 'w': 0.3894569459129817}, {'zh': '树木', 'rcs': 0.4441355466842651, 'w': 0.22108610817403662}]",0.7461882,0.80540377,0.775796,0.31641984,0.4329255,0.37467265,0.8747416194724215
109,palm,timber,M+E-,棕榈树,树木,4,6,0.0719391480088234,0.2656303346157074,0.0,0.019380446523427963,0.0,1.8799033164978027,棕榈树,树木,0.4547617137432098,0.3935052156448364,1.0,0.626634418964386,0.030927835032343864,[],"[{'zh': '木材', 'rcs': 0.4957786202430725, 'w': 0.37336558992450924}]",0.7461882,0.7190048,0.7325965,0.31641984,0.29556286,0.30599135,1.3251614270807242
110,palm,reader,M-E+,棕榈树,读者,4,6,0.10846719145774841,0.02669999934732914,0.03870967775583267,0.0,6.0,0.0,,,,,,,,,,0.7461882,0.73754823,0.74186826,0.31641984,0.18726555,0.25184268,1.3945969308917334
111,papa,mama,M+E+,爸爸,大妈,4,4,0.48952654004096985,0.14974892139434814,0.2293577939271927,0.055113133043050766,25.0,7.715838432312012,爸爸,妈妈,0.3902774453163147,0.4193300902843475,1.0,0.2143288403749466,0.2571428716182709,[],"[{'zh': '大妈', 'rcs': 0.3528442680835724, 'w': 0.7856711614554388}]",0.70735765,0.6280759,0.66771674,0.33076245,0.58103603,0.45589924,0.4963581334544491
112,papa,bloke,M+E-,爸爸,男人,4,5,0.07290518283843994,0.1865944266319275,0.0,0.015378663316369057,0.0,2.153012752532959,爸爸,男人,0.3902774453163147,0.3848049640655517,1.0,0.7176709175109863,0.02142857201397419,[],"[{'zh': '家伙', 'rcs': 0.4022364318370819, 'w': 0.28232908843550797}]",0.70735765,0.68595093,0.6966543,0.33076245,0.14578894,0.23827569,1.384302675992357
113,papa,potato,M-E+,爸爸,马铃薯,4,6,0.14930766820907593,0.00930000003427267,0.08256880939006805,0.0,9.0,0.0,,,,,,,,,,0.70735765,0.8585923,0.78297496,0.33076245,0.2965405,0.31365147,1.269068386166242
114,peach,pear,M+E+,桃子,梨,5,4,0.5025886297225952,0.21680636703968048,0.1130952388048172,0.019114933907985687,19.0,1.720344066619873,桃子,梨,0.4308467805385589,0.4103727638721466,0.43008601665496826,1.0,0.04444444552063942,"[{'zh': '桃', 'rcs': 0.4020262956619262, 'w': 0.43008602373517}, {'zh': '粉红色', 'rcs': 0.2817367613315582, 'w': 0.13982795252965993}]",[],0.83259237,0.8297776,0.831185,0.33207098,0.8269221,0.57949656,0.9688889546513637
115,peach,booty,M+E-,桃子,屁股,5,5,0.04504431411623955,0.11689738184213638,0.0,0.019114933907985687,0.0,1.720344066619873,桃子,屁股,0.4308467805385589,0.211815521121025,0.43008601665496826,1.0,0.04444444552063942,"[{'zh': '桃', 'rcs': 0.4020262956619262, 'w': 0.43008602373517}, {'zh': '粉红色', 'rcs': 0.2817367613315582, 'w': 0.13982795252965993}]",[],0.83259237,0.62284213,0.7277173,0.33207098,0.035338357,0.18370467,0.5058041728493857
116,peach,pit,M-E+,桃子,坑,5,3,0.25116896629333496,0.007182436063885689,0.0535714291036129,0.0,9.0,0.0,,,,,,,,,,0.83259237,0.701578,0.7670852,0.33207098,0.015348896,0.17370993,1.0678410222790646
117,pearl,necklace,M+E+,珍珠,项链,5,8,0.5092113018035889,0.5909000039100647,0.13934426009655,0.13084112107753754,34.0,14.0,珍珠,项链,0.4107668101787567,0.5170893669128418,1.0,1.0,0.13084112107753754,[],[],0.8265486,0.78310484,0.80482674,0.78076476,0.5772478,0.6790063,1.480352247037012
118,pearl,circle,M+E-,珍珠,圆周,5,6,0.054400186985731125,0.06461881846189499,0.0,0.008088136091828346,0.0,0.8654305934906006,珍珠,圆,0.4107668101787567,0.3139594197273254,1.0,0.2884768545627594,0.028037382289767265,[],"[{'zh': '圆周', 'rcs': 0.2899746596813202, 'w': 0.2884768449289036}, {'zh': '圆圈', 'rcs': 0.4085624814033508, 'w': 0.15500026620728077}, {'zh': '环', 'rcs': 0.3163108229637146, 'w': 0.1345146566525419}, {'zh': '圆形', 'rcs': 0.3672444522380829, 'w': 0.13353138728237027}]",0.8265486,0.7311723,0.77886045,0.78076476,0.10434064,0.4425527,0.653248934376213
119,pearl,round,M-E+,珍珠,回合,5,5,0.051457203924655914,0.019300000742077827,0.02459016442298889,0.0,6.0,0.0,,,,,,,,,,0.8265486,0.46832725,0.64743793,0.78076476,0.014070731,0.39741775,1.1980539054256691
120,photo,camera,M+E+,图片,相机,5,6,0.5456144213676453,0.0768219381570816,0.15897436439990997,0.009999893605709076,31.0,1.3699854612350464,照片,相机,0.4080589115619659,0.4744944870471954,0.3424963653087616,0.3333333432674408,0.08759123831987381,"[{'zh': '图片', 'rcs': 0.319156140089035, 'w': 0.3611604036877704}, {'zh': '相片', 'rcs': 0.4264026284217834, 'w': 0.2963432284355887}]","[{'zh': '照相机', 'rcs': 0.4374339282512665, 'w': 0.3333333333333333}, {'zh': '摄像机', 'rcs': 0.4753681123256683, 'w': 0.3333333333333333}]",0.7584455,0.7588961,0.7586708,0.2050441,0.55002904,0.37753657,0.695712094642242
121,photo,untie,M+E-,图片,打开,5,5,0.015655767172574997,0.06793426722288132,0.0,0.010318868793547153,0.0,1.0834811925888062,图片,打开,0.319156140089035,0.3402752876281738,0.36116039752960205,1.0,0.02857142873108387,"[{'zh': '照片', 'rcs': 0.4080589115619659, 'w': 0.34249636787664095}, {'zh': '相片', 'rcs': 0.4264026284217834, 'w': 0.2963432284355887}]",[],0.7584455,0.44019672,0.5993211,0.2050441,0.015188901,0.110116504,1.260880359203764
122,photo,book,M-E+,图片,本子,5,4,0.12456423789262772,0.019141996279358864,0.015384615398943424,0.0,3.0,0.0,,,,,,,,,,0.7584455,0.7431709,0.75080824,0.2050441,0.25095463,0.22799936,1.2089395245444303
123,pier,boat,M+E+,码头,小船,4,4,0.4772398769855499,0.3188665211200714,0.12568305432796478,0.07238984107971191,23.0,6.370306015014648,码头,船,0.5837805867195129,0.562246561050415,1.0,0.335279256105423,0.21590909361839294,[],"[{'zh': '小船', 'rcs': 0.533439040184021, 'w': 0.6647207355631239}]",0.7989633,0.82973105,0.81434715,0.23891924,0.2317743,0.23534676,1.4782714711335174
124,pier,worker,M+E-,码头,工人,4,6,0.028162173926830292,0.0437309630215168,0.0,0.014673507772386074,0.0,1.2912685871124268,码头,工人,0.5837805867195129,0.4522655606269836,1.0,0.4304228723049164,0.034090910106897354,[],"[{'zh': '雇员', 'rcs': 0.3635508120059967, 'w': 0.24003656820420624}, {'zh': '员工', 'rcs': 0.4414107203483581, 'w': 0.23406585525535825}, {'zh': '人员', 'rcs': 0.2698992788791656, 'w': 0.09547470990835677}]",0.7989633,0.72683734,0.76290035,0.23891924,0.21142602,0.22517264,1.0094987540097655
125,pier,wood,M-E+,码头,林地,4,4,0.10937962681055069,0.017930250614881516,0.02185792289674282,0.0,4.0,0.0,,,,,,,,,,0.7989633,0.72057724,0.7597703,0.23891924,0.37188697,0.3054031,0.7946395221870171
126,pizza,cheese,M+E+,披萨,起司,5,6,0.45778217911720276,0.233433336019516,0.23618090152740479,0.05494505912065506,47.0,5.0,披萨,芝士,0.4875780642032623,0.6471855640411377,1.0,0.3333333432674408,0.16483516991138458,[],"[{'zh': '起司', 'rcs': 0.648933470249176, 'w': 0.3333333333333333}, {'zh': '奶酪', 'rcs': 0.6327145099639893, 'w': 0.3333333333333333}]",0.8528188,0.8603194,0.85656905,0.7130328,0.47317386,0.5931033,0.5666334180369632
127,pizza,touch,M+E-,披萨,触摸,5,5,0.010158332996070385,0.14267659187316895,0.0,0.013449491932988167,0.0,1.223903775215149,披萨,吃,0.4875780642032623,0.2017240822315216,1.0,0.30597594380378723,0.04395604506134987,[],"[{'zh': '触摸', 'rcs': 0.3498248159885406, 'w': 0.6222482817801144}, {'zh': '打', 'rcs': 0.2069639414548874, 'w': 0.07177576707765093}]",0.8528188,0.5634652,0.708142,0.7130328,0.24174066,0.4773867,1.3349499038571713
128,pizza,round,M-E+,披萨,回合,5,5,0.08615222573280334,0.0203000009059906,0.030150754377245903,0.0,6.0,0.0,,,,,,,,,,0.8528188,0.46832725,0.660573,0.7130328,0.014070731,0.36355177,1.0943654434978753
129,plant,animal,M+E+,设备,动物,5,6,0.0906151533126831,0.019431231543421745,0.035211268812417984,0.01134171336889267,5.0,1.2816134691238403,植物,动物,0.4080849587917328,0.5035275816917419,0.1669940948486328,0.5903541445732117,0.1150442510843277,"[{'zh': '设备', 'rcs': 0.2381909489631652, 'w': 0.4180537806850469}, {'zh': '播种', 'rcs': 0.3342699110507965, 'w': 0.20092637177637448}, {'zh': '种植', 'rcs': 0.3710850477218628, 'w': 0.1275964458819257}, {'zh': '工厂', 'rcs': 0.2790567874908447, 'w': 0.08642930388166525}]","[{'zh': '兽', 'rcs': 0.3038774132728576, 'w': 0.2910345454408785}, {'zh': '牲畜', 'rcs': 0.2842504382133484, 'w': 0.11861132141469986}]",0.5745459,0.84472525,0.7096356,0.09775641,0.6573555,0.37755594,0.5727051357071098
130,plant,phone,M+E-,设备,电话,5,5,0.012396801263093948,0.0832282304763794,0.0,0.012973971664905548,0.0,1.6606683731079102,设备,手机,0.2381909489631652,0.4162161350250244,0.4180537760257721,0.3310316503047943,0.09375,"[{'zh': '播种', 'rcs': 0.3342699110507965, 'w': 0.20092637177637448}, {'zh': '植物', 'rcs': 0.4080849587917328, 'w': 0.1669940977749877}, {'zh': '种植', 'rcs': 0.3710850477218628, 'w': 0.1275964458819257}, {'zh': '工厂', 'rcs': 0.2790567874908447, 'w': 0.08642930388166525}]","[{'zh': '电话', 'rcs': 0.4296647608280182, 'w': 0.6689683530984972}]",0.5745459,0.7446308,0.65958834,0.09775641,0.08842685,0.09309163,1.2359967962157237
131,plant,pot,M-E+,设备,锅,5,3,0.25811558961868286,0.005728677846491337,0.07042253762483597,0.0,10.0,0.0,,,,,,,,,,0.5745459,0.7677407,0.6711433,0.09775641,0.2769282,0.1873423,0.9776846207647333
132,plug,wire,M+E+,插头,电线,4,4,0.2865450978279114,0.2962692677974701,0.034682080149650574,0.028668051585555077,6.0,1.978095531463623,插头,电线,0.4740006327629089,0.4526078999042511,0.7244082689285278,0.6826590895652771,0.05797101557254791,"[{'zh': '射击', 'rcs': 0.2009297460317611, 'w': 0.14859924619000328}, {'zh': '插入', 'rcs': 0.3141502737998962, 'w': 0.1269924906906099}]","[{'zh': '电缆', 'rcs': 0.4007912278175354, 'w': 0.3173408934969921}]",0.6861574,0.7544293,0.72029334,0.048552215,0.2629307,0.15574145,0.5301885048821507
133,plug,bullet,M+E-,插头,子弹,4,6,0.02336135134100914,0.07868330180644989,0.0,0.011065901257097721,0.0,1.0401947498321533,射击,子弹,0.2009297460317611,0.4223982095718384,0.14859925210475922,1.0,0.07446808367967606,"[{'zh': '插头', 'rcs': 0.4740006327629089, 'w': 0.7244082631193868}, {'zh': '插入', 'rcs': 0.3141502737998962, 'w': 0.1269924906906099}]",[],0.6861574,0.8177105,0.75193393,0.048552215,0.13625708,0.09240465,1.2112814907434781
134,plug,socket,M-E+,插头,槽,4,6,0.4289771318435669,0.03216372802853584,0.080924853682518,0.0,14.0,0.0,,,,,,,,,,0.6861574,0.5393234,0.6127404,0.048552215,0.0070969793,0.027824597,1.4286304498210074
135,pocket,pants,M+E+,口袋,裤子,6,5,0.16693443059921265,0.08234737068414688,0.10047847032546997,0.00842541828751564,21.0,0.9183706045150757,口袋,裤子,0.4073184132575989,0.5325920581817627,1.0,0.22959265112876892,0.03669724613428116,[],"[{'zh': '裤', 'rcs': 0.5033533573150635, 'w': 0.22666493699366944}, {'zh': '长裤', 'rcs': 0.4558230638504028, 'w': 0.20629720192838058}, {'zh': '短裤', 'rcs': 0.4888901114463806, 'w': 0.18459931658294818}, {'zh': '牛仔裤', 'rcs': 0.4652194082736969, 'w': 0.1528458961932007}]",0.79961663,0.81233823,0.80597746,0.12936984,0.58007216,0.354721,0.5798664414030273
136,pocket,thread,M+E-,口袋,穿,6,6,0.05628661811351776,0.18592040240764618,0.0,0.043264035135507584,0.0,4.715779781341553,口袋,衣服,0.4073184132575989,0.2073432207107544,1.0,0.24819894134998322,0.17431192100048065,[],"[{'zh': '穿', 'rcs': 0.2127098888158798, 'w': 0.7518010622210529}]",0.79961663,0.64790684,0.72376174,0.12936984,0.026098285,0.07773406,1.0541994846951914
137,pocket,watch,M-E+,口袋,观看,6,5,0.10380125790834427,0.008725103922188282,0.11483253538608551,0.0,24.0,0.0,,,,,,,,,,0.79961663,0.5612938,0.6804552,0.12936984,0.052115336,0.09074259,1.2983701786014872
138,pool,swim,M+E+,水坑,游泳,4,4,0.43337875604629517,0.08199800550937653,0.10775861889123917,0.029670357704162598,25.0,3.3824210166931152,水池,游泳,0.4459186792373657,0.2599096298217773,0.19896593689918518,1.0,0.14912280440330505,"[{'zh': '水坑', 'rcs': 0.319256991147995, 'w': 0.6096506105009666}, {'zh': '池塘', 'rcs': 0.3448101282119751, 'w': 0.19138345259482803}]",[],0.66579133,0.75890666,0.712349,0.3720415,0.42403856,0.39804003,0.38179333747736505
139,pool,auto,M+E-,水坑,汽车,4,4,0.013602430000901222,0.04450449347496033,0.0,0.019252125173807144,0.0,1.8289518356323242,水坑,汽车,0.319256991147995,0.4339776635169983,0.6096506118774414,1.0,0.031578946858644485,"[{'zh': '水池', 'rcs': 0.4459186792373657, 'w': 0.1989659369042054}, {'zh': '池塘', 'rcs': 0.3448101282119751, 'w': 0.19138345259482803}]",[],0.66579133,0.7357835,0.7007874,0.3720415,0.04260072,0.2073211,1.2159776377629392
140,pool,table,M-E+,水坑,表,4,5,0.053848568350076675,0.009429262951016426,0.025862064212560654,0.0,6.0,0.0,,,,,,,,,,0.66579133,0.6845784,0.67518485,0.3720415,0.04760247,0.20982198,0.6649205693153846
141,post,letter,M+E+,邮政,书信,4,6,0.37631380558013916,0.3460654318332672,0.04954954609274864,0.01259947381913662,11.0,1.1969499588012695,邮政,信件,0.2057422846555709,0.4592893123626709,1.0,0.39898332953453064,0.031578946858644485,[],"[{'zh': '书信', 'rcs': 0.4381456077098846, 'w': 0.601016682430027}]",0.6693432,0.72047174,0.6949074,0.055568572,0.36632788,0.21094823,1.1564263533615426
142,post,slow,M+E-,邮政,慢,4,4,0.04101526737213135,0.1509999930858612,0.0,0.12631578743457794,0.0,12.0,邮政,慢,0.2057422846555709,0.3522450625896454,1.0,1.0,0.12631578743457794,[],[],0.6693432,0.7629393,0.7161412,0.055568572,0.34552816,0.20054837,1.0600366572913158
143,post,pole,M-E+,邮政,杆,4,4,0.10550733655691147,0.01140000019222498,0.04054054245352745,0.0,9.0,0.0,,,,,,,,,,0.6693432,0.7120809,0.69071203,0.055568572,0.0055285897,0.03054858,0.6123874662146336
144,prick,needle,M+E+,刺痛,针,5,6,0.38331642746925354,0.16004863381385803,0.1145833283662796,0.03536413237452507,22.0,3.677870035171509,刺痛,针,0.3895090222358703,0.5263547301292419,0.7018048763275146,0.43671563267707825,0.11538461595773697,"[{'zh': '戳', 'rcs': 0.2868856191635132, 'w': 0.15544444387061235}, {'zh': '刺', 'rcs': 0.2932660281658172, 'w': 0.14275065848627358}]","[{'zh': '针头', 'rcs': 0.5342175364494324, 'w': 0.43671563189910584}, {'zh': '指针', 'rcs': 0.2426190823316574, 'w': 0.1265687362017882}]",0.6934977,0.7083572,0.7009275,0.314972,0.23918825,0.27708012,1.074851650250198
145,prick,skin,M+E-,刺痛,皮肤,5,4,0.05535609647631645,0.0604667067527771,0.0,0.009695562534034252,0.0,1.0083385705947876,刺痛,皮肤,0.3895090222358703,0.5646045207977295,0.7018048763275146,0.4789263606071472,0.028846153989434242,"[{'zh': '戳', 'rcs': 0.2868856191635132, 'w': 0.15544444387061235}, {'zh': '刺', 'rcs': 0.2932660281658172, 'w': 0.14275065848627358}]","[{'zh': '壳', 'rcs': 0.3820466101169586, 'w': 0.1817293657600022}, {'zh': '剥皮', 'rcs': 0.3006784617900848, 'w': 0.17885542186769768}, {'zh': '毛皮', 'rcs': 0.363589197397232, 'w': 0.16048884487323642}]",0.6934977,0.7957984,0.7446481,0.314972,0.27219588,0.29358393,1.136615017146518
146,prick,pin,M-E+,刺痛,旗杆,5,3,0.23713205754756927,0.010809711180627346,0.0885416716337204,0.0,17.0,0.0,,,,,,,,,,0.6934977,0.6037958,0.6486468,0.314972,0.0131251495,0.16404858,1.3571274958740545
147,prince,queen,M+E+,王子,王后,6,5,0.5096243619918823,0.12356587499380112,0.05365854129195213,0.013245295733213425,11.0,1.5894354581832886,国王,王后,0.4750861227512359,0.374015063047409,0.298019140958786,0.3333333432674408,0.13333334028720856,"[{'zh': '王子', 'rcs': 0.2860147953033447, 'w': 0.6380337896361722}, {'zh': '贵族', 'rcs': 0.3622331321239471, 'w': 0.06394705671830593}]","[{'zh': '女王', 'rcs': 0.3969371914863586, 'w': 0.3333333333333333}, {'zh': '皇后', 'rcs': 0.3590055704116821, 'w': 0.3333333333333333}]",0.7846712,0.7987373,0.79170424,0.70466113,0.523819,0.61424005,0.49638803169756024
148,prince,state,M+E-,王子,国家,6,5,0.04594086483120918,0.04412757232785225,0.0,0.016408368945121765,0.0,1.9690042734146118,国王,国家,0.4750861227512359,0.2936394810676574,0.298019140958786,0.734108030796051,0.07500000298023224,"[{'zh': '王子', 'rcs': 0.2860147953033447, 'w': 0.6380337896361722}, {'zh': '贵族', 'rcs': 0.3622331321239471, 'w': 0.06394705671830593}]","[{'zh': '规定', 'rcs': 0.2473006099462509, 'w': 0.26589196465579745}]",0.7846712,0.7015089,0.74309003,0.70466113,0.25638014,0.48052064,1.0951893977832292
149,prince,singer,M-E+,王子,歌手,6,6,0.12647631764411926,0.0378992073237896,0.024390248581767082,0.0,5.0,0.0,,,,,,,,,,0.7846712,0.78461635,0.78464377,0.70466113,0.40966824,0.55716467,0.59486391242989
150,print,paper,M+E+,指纹,文件,5,5,0.43339213728904724,0.051564741879701614,0.0892857164144516,0.016673091799020767,20.0,1.433885931968689,打印,纸,0.3888677954673767,0.327637255191803,0.40698814392089844,0.2710126042366028,0.151162788271904,"[{'zh': '指纹', 'rcs': 0.2423380315303802, 'w': 0.40698813158278163}, {'zh': '印刷', 'rcs': 0.4753153622150421, 'w': 0.11607403962695022}, {'zh': '相片', 'rcs': 0.3974620401859283, 'w': 0.06994969720748648}]","[{'zh': '文件', 'rcs': 0.2631358802318573, 'w': 0.2710125906312715}, {'zh': '试卷', 'rcs': 0.2282652109861374, 'w': 0.2710125906312715}, {'zh': '纸张', 'rcs': 0.4235454499721527, 'w': 0.1323204461818563}, {'zh': '报纸', 'rcs': 0.2869635820388794, 'w': 0.05464178192432924}]",0.671839,0.71140915,0.69162405,0.22712955,0.3958666,0.31149808,1.1385599131177984
151,print,sheet,M+E-,指纹,床单,5,5,0.060394030064344406,0.07022266089916229,0.0,0.009612037800252438,0.0,0.8266351819038391,打印,纸张,0.3888677954673767,0.4602515995502472,0.40698814392089844,0.33851730823516846,0.06976744532585144,"[{'zh': '指纹', 'rcs': 0.2423380315303802, 'w': 0.40698813158278163}, {'zh': '印刷', 'rcs': 0.4753153622150421, 'w': 0.11607403962695022}, {'zh': '相片', 'rcs': 0.3974620401859283, 'w': 0.06994969720748648}]","[{'zh': '床单', 'rcs': 0.279130756855011, 'w': 0.661482690889327}]",0.671839,0.7659373,0.71888816,0.22712955,0.31622943,0.2716795,0.7692954721664774
152,print,write,M-E+,指纹,写信,5,5,0.5655429363250732,0.03807617351412773,0.1160714253783226,0.0,26.0,0.0,,,,,,,,,,0.671839,0.6980162,0.6849276,0.22712955,0.26926136,0.24819545,1.0006346619784274
153,racket,tennis,M+E+,球拍,网球,6,6,0.3988964855670929,0.751800000667572,0.3008849322795868,0.17592592537403107,68.0,19.0,球拍,网球,0.2656524181365967,0.5727742910385132,1.0,1.0,0.17592592537403107,[],[],0.5815467,0.7393462,0.66044647,0.73034674,0.5518939,0.6411203,0.36394894169947545
154,racket,movement,M+E-,球拍,进步,6,8,0.02548220381140709,0.19630025327205658,0.0,0.026238737627863884,0.0,2.8337838649749756,球拍,运动,0.2656524181365967,0.345899760723114,1.0,0.40482625365257263,0.06481481343507767,[],"[{'zh': '进步', 'rcs': 0.2919689416885376, 'w': 0.5951737585287443}]",0.5815467,0.62111986,0.60133326,0.73034674,0.13152725,0.430937,1.1953414595104535
155,racket,noise,M-E+,球拍,干扰,6,5,0.2409847378730774,0.0041797831654548645,0.23893804848194122,0.0,54.0,0.0,,,,,,,,,,0.5815467,0.7475443,0.66454554,0.73034674,0.06307412,0.39671043,1.188591828846928
156,riding,saddle,M+E+,骑马,马鞍,6,6,0.4769769012928009,0.4952000081539154,0.04724408686161041,0.04938271641731262,6.0,4.0,骑马,马鞍,0.3449922800064087,0.2919842898845672,1.0,1.0,0.04938271641731262,[],[],0.6668382,0.6921119,0.67947507,0.23870078,0.32381082,0.28125578,1.0102230238543977
157,riding,quick,M+E-,骑马,快,6,5,0.05209892615675926,0.11829999834299088,0.0,0.03703703731298447,0.0,3.0,骑马,快,0.3449922800064087,0.2568528056144714,1.0,1.0,0.03703703731298447,[],[],0.6668382,0.7524308,0.70963454,0.23870078,0.47288588,0.35579333,1.4287530675134006
158,riding,train,M-E+,骑马,火车,6,5,0.2785591185092926,0.039799999445676804,0.0236220546066761,0.0,3.0,0.0,,,,,,,,,,0.6668382,0.78923094,0.7280346,0.23870078,0.15093203,0.19481641,0.9757524642325816
159,rifle,weapon,M+E+,步枪,凶器,5,6,0.3345073461532593,0.14786294102668762,0.05511810630559921,0.012464631348848343,7.0,1.2713923454284668,步枪,武器,0.5110562443733215,0.4844430685043335,1.0,0.2542784810066223,0.04901960864663124,[],"[{'zh': '凶器', 'rcs': 0.2454517632722854, 'w': 0.5076603114202342}, {'zh': '兵器', 'rcs': 0.4094533324241638, 'w': 0.16383712565252684}, {'zh': '工具', 'rcs': 0.2591533958911896, 'w': 0.07422409669575192}]",0.7530453,0.7073319,0.7301886,0.27141634,0.6664765,0.4689464,0.7987764752580792
160,rifle,slug,M+E-,步枪,子弹,5,4,0.04192475602030754,0.5234000086784363,0.0,0.0882352963089943,0.0,9.0,步枪,子弹,0.5110562443733215,0.2440744638442993,1.0,1.0,0.0882352963089943,[],[],0.7530453,0.44296688,0.5980061,0.27141634,0.001967554,0.13669194,0.7822499615650182
161,rifle,barrel,M-E+,步枪,桶,5,6,0.2543862462043762,0.015599999576807022,0.023622050881385803,0.0,3.0,0.0,,,,,,,,,,0.7530453,0.72587246,0.7394589,0.27141634,0.19569644,0.23355639,0.5142990891696906
162,rise,lift,M+E+,上升,电梯,4,4,0.342477947473526,0.1588955521583557,0.06185566633939743,0.03877155855298042,12.0,3.7608413696289062,上升,电梯,0.3109742105007171,0.2849179804325104,0.82929527759552,0.7558307647705078,0.06185567006468773,"[{'zh': '增长', 'rcs': 0.2891542613506317, 'w': 0.17070472211336812}]","[{'zh': '移动', 'rcs': 0.3695006072521209, 'w': 0.24416924500773757}]",0.65922374,0.6691163,0.66417,0.22844301,0.053380553,0.14091179,0.18354257630619775
163,rise,space,M+E-,上升,空间,4,5,0.025112910196185112,0.0383647195994854,0.0,0.010865730233490467,0.0,1.0539759397506714,上升,空间,0.3109742105007171,0.4441013634204864,0.82929527759552,0.42364317178726196,0.030927835032343864,"[{'zh': '增长', 'rcs': 0.2891542613506317, 'w': 0.17070472211336812}]","[{'zh': '空隙', 'rcs': 0.2548846900463104, 'w': 0.42364316696716553}, {'zh': '空格', 'rcs': 0.2406511604785919, 'w': 0.15271366606566908}]",0.65922374,0.6740433,0.6666335,0.22844301,0.266436,0.2474395,0.8247300381231836
164,rise,bread,M-E+,上升,面包,4,5,0.1573774367570877,0.016337117180228233,0.07731958478689194,0.0,15.0,0.0,,,,,,,,,,0.65922374,0.8496332,0.7544285,0.22844301,0.3416906,0.2850668,0.956145062734177
165,rough,smooth,M+E+,粗糙,光滑,5,6,0.14358624815940857,0.2510998845100403,0.0784313753247261,0.06397514790296555,16.0,6.52546501159668,粗糙,光滑,0.2128840833902359,0.4371867179870605,0.6525465250015259,1.0,0.09803921729326248,"[{'zh': '粗', 'rcs': 0.2246107459068298, 'w': 0.347453464119419}]",[],0.7057622,0.7832629,0.74451256,0.39005485,0.5231723,0.4566136,0.6208641585754758
166,rough,thin,M+E-,粗糙,薄,5,4,0.027040671557188034,0.08912181854248047,0.0,0.03445819392800331,0.0,4.1694416999816895,粗,细,0.2246107459068298,0.2999193370342254,0.3474534749984741,0.5,0.19834710657596588,"[{'zh': '粗糙', 'rcs': 0.2128840833902359, 'w': 0.6525465358805811}]","[{'zh': '薄', 'rcs': 0.4066925942897796, 'w': 0.5}]",0.7057622,0.75006765,0.7279149,0.39005485,0.49417633,0.4421156,0.5887142168030832
167,rough,tough,M-E+,粗糙,难,5,5,0.21270182728767395,0.018467066809535027,0.11274509131908417,0.0,23.0,0.0,,,,,,,,,,0.7057622,0.5257976,0.6157799,0.39005485,0.013533704,0.20179428,1.3335281858723933
168,rubber,tire,M+E+,橡皮,轮胎,6,4,0.19311699271202087,0.16975000500679016,0.13297872245311737,0.07352941483259201,25.0,7.5,橡胶,轮胎,0.5649929642677307,0.5057921409606934,0.5,1.0,0.14705882966518402,"[{'zh': '橡皮', 'rcs': 0.4567258358001709, 'w': 0.5}]",[],0.74730843,0.6856807,0.71649456,0.47639507,0.17496835,0.32568172,0.981445231190305
169,rubber,rake,M+E-,橡皮,刮,6,4,0.02880414016544819,0.0740153044462204,0.0,0.0229007750749588,0.0,2.3129782676696777,橡皮,擦,0.4567258358001709,0.2295340150594711,0.5,0.4625956416130066,0.09900990128517151,"[{'zh': '橡胶', 'rcs': 0.5649929642677307, 'w': 0.5}]","[{'zh': '刮', 'rcs': 0.2640303373336792, 'w': 0.5374043610835426}]",0.74730843,0.62080055,0.6840545,0.47639507,0.0,0.23819754,1.27960633112745
170,rubber,band,M-E+,橡皮,乐队,6,4,0.1737217903137207,0.004699999932199717,0.10638297349214554,0.0,20.0,0.0,,,,,,,,,,0.74730843,0.7856084,0.7664584,0.47639507,0.5359053,0.5061502,1.2221517682038159
171,sack,pack,M+E+,袋子,装,4,4,0.2608262300491333,0.3939000070095062,0.015625005587935448,0.028037382289767265,3.0,3.0,袋子,装,0.2280734628438949,0.3028482794761657,1.0,1.0,0.028037382289767265,[],[],0.7359671,0.6118962,0.67393166,0.12801418,0.038814045,0.08341411,1.1529667055217014
172,sack,plastic,M+E-,袋子,塑料,4,7,0.06335754692554474,0.22775906324386597,0.0,0.05100453644990921,0.0,5.457485198974609,袋子,塑料袋,0.2280734628438949,0.5784884095191956,1.0,0.39361271262168884,0.11214952915906906,[],"[{'zh': '塑料', 'rcs': 0.5795463919639587, 'w': 0.6063872741703015}]",0.7359671,0.79986227,0.76791465,0.12801418,0.16726188,0.14763802,1.4701775964521016
173,sack,potato,M-E+,袋子,马铃薯,4,6,0.19374147057533264,0.03985000029206276,0.078125,0.0,15.0,0.0,,,,,,,,,,0.7359671,0.8585923,0.7972797,0.12801418,0.2965405,0.21227734,0.9731286163505873
174,sailor,boat,M+E+,水手,小船,6,4,0.3749810457229614,0.31880006194114685,0.1411290168762207,0.04862828925251961,35.0,6.370306015014648,水手,船,0.3911719918251037,0.562246561050415,1.0,0.335279256105423,0.1450381726026535,[],"[{'zh': '小船', 'rcs': 0.533439040184021, 'w': 0.6647207355631239}]",0.7703857,0.82973105,0.80005836,0.73896444,0.2317743,0.48536938,1.4723032834441354
175,sailor,attire,M+E-,水手,服装,6,6,0.056918513029813766,0.02116207405924797,0.0,0.010964427143335342,0.0,1.4363398551940918,水手,衣服,0.3911719918251037,0.4196466505527496,1.0,0.47877997159957886,0.022900763899087906,[],"[{'zh': '服装', 'rcs': 0.483843058347702, 'w': 0.5212200249628415}]",0.7703857,0.76984525,0.7701155,0.73896444,0.16428323,0.45162383,1.1964687900767699
176,sailor,suit,M-E+,水手,西装,6,4,0.09629516303539276,0.01346666645258665,0.024193547666072845,0.0,6.0,0.0,,,,,,,,,,0.7703857,0.7532095,0.76179755,0.73896444,0.11344075,0.4262026,1.344489809241787
177,salute,military,M+E+,敬礼,军事,6,8,0.2898229956626892,0.05890181288123131,0.17112304270267487,0.028869301080703735,32.0,3.1756231784820557,敬礼,军人,0.3540296554565429,0.3106077313423157,0.5446546077728271,0.23322105407714844,0.22727273404598236,"[{'zh': '致敬', 'rcs': 0.3040205538272857, 'w': 0.26999046499469515}, {'zh': '致意', 'rcs': 0.272709310054779, 'w': 0.1853549058641541}]","[{'zh': '军事', 'rcs': 0.4116553962230682, 'w': 0.5755468789631837}, {'zh': '军队', 'rcs': 0.4304167330265045, 'w': 0.19123206161084616}]",0.7048079,0.76135147,0.7330797,0.5883543,0.24250275,0.41542852,1.422837554581563
178,salute,martyr,M+E-,敬礼,烈士,6,6,0.055254802107810974,0.22102084755897522,0.0,0.018946699798107147,0.0,2.159923791885376,致敬,烈士,0.3040205538272857,0.2590580582618713,0.269990473985672,1.0,0.07017543911933899,"[{'zh': '敬礼', 'rcs': 0.3540296554565429, 'w': 0.5446546291411507}, {'zh': '致意', 'rcs': 0.272709310054779, 'w': 0.1853549058641541}]",[],0.7048079,0.57752943,0.64116865,0.5883543,0.19068871,0.3895215,1.4317006762039326
179,salute,parade,M-E+,敬礼,展览,6,6,0.19656424224376678,0.016805650666356087,0.03208555653691292,0.0,6.0,0.0,,,,,,,,,,0.7048079,0.52237904,0.61359346,0.5883543,0.0044025993,0.29637843,0.3149638436955777
180,scoop,litter,M+E+,铲子,垃圾,5,6,0.15646083652973175,0.09175730496644974,0.020833326503634453,0.038529206067323685,3.0,4.238212585449219,捡起,垃圾,0.3155144453048706,0.3325892984867096,0.42382127046585083,1.0,0.09090909361839294,"[{'zh': '铲子', 'rcs': 0.3201693594455719, 'w': 0.42382127259040975}, {'zh': '勺', 'rcs': 0.2109838426113128, 'w': 0.15235745481918056}]",[],0.7555373,0.74247587,0.74900657,0.08311735,0.0441999,0.063658625,0.6036817745222158
181,scoop,stoop,M+E-,铲子,弯腰,5,5,0.050095491111278534,0.16262023150920868,0.0,0.057793810963630676,0.0,6.357318878173828,捡起,弯腰,0.3155144453048706,0.3258056342601776,0.42382127046585083,1.0,0.13636364042758942,"[{'zh': '铲子', 'rcs': 0.3201693594455719, 'w': 0.42382127259040975}, {'zh': '勺', 'rcs': 0.2109838426113128, 'w': 0.15235745481918056}]",[],0.7555373,0.62338376,0.6894605,0.08311735,0.13508925,0.1091033,0.6365115094750089
182,scoop,sugar,M-E+,铲子,糖,5,5,0.1882948875427246,0.03513478487730026,0.020833326503634453,0.0,3.0,0.0,,,,,,,,,,0.7555373,0.8346725,0.79510486,0.08311735,0.2812132,0.18216527,1.2261371626414168
183,scream,yell,M+E+,尖叫,呐喊,6,4,0.391147255897522,0.17288082838058472,0.16062171757221222,0.01116118673235178,31.0,1.317020058631897,尖叫,呐喊,0.4471179246902466,0.2807372212409973,1.0,0.4390066862106323,0.025423727929592133,[],"[{'zh': '喊叫', 'rcs': 0.4403048455715179, 'w': 0.22782320362578054}, {'zh': '欢呼', 'rcs': 0.3175866305828094, 'w': 0.18876978998664773}, {'zh': '叫嚷', 'rcs': 0.393348753452301, 'w': 0.14440030688877328}]",0.7379725,0.75857437,0.74827343,0.41177428,0.42855528,0.42016476,1.0793620048741162
184,scream,lady,M+E-,尖叫,女,6,4,0.008791905827820301,0.02121548354625702,0.0,0.009583807550370693,0.0,1.1308892965316772,尖叫,女生,0.4471179246902466,0.2570992112159729,1.0,0.2261778563261032,0.04237288236618042,[],"[{'zh': '女', 'rcs': 0.3753880858421325, 'w': 0.22617785022206596}, {'zh': '淑女', 'rcs': 0.3811275660991668, 'w': 0.22617785022206596}, {'zh': '女子', 'rcs': 0.2242671996355056, 'w': 0.22617785022206596}, {'zh': '女人', 'rcs': 0.3171866238117218, 'w': 0.09528859911173618}]",0.7379725,0.70106053,0.7195165,0.41177428,0.101873435,0.25682387,1.496294889808081
185,scream,pain,M-E+,尖叫,伤痛,6,4,0.19812658429145813,0.023546157404780388,0.03108809143304825,0.0,6.0,0.0,,,,,,,,,,0.7379725,0.7658408,0.75190663,0.41177428,0.30135605,0.35656518,1.4257530964193645
186,screw,nail,M+E+,螺丝,钉,5,4,0.34020906686782837,0.16830186545848846,0.1170731708407402,0.02791869454085827,24.0,2.1776580810546875,螺丝,钉,0.5131198763847351,0.494232714176178,0.756095826625824,0.4114478826522827,0.08974359184503555,"[{'zh': '螺旋桨', 'rcs': 0.5076266527175903, 'w': 0.24390419018381151}]","[{'zh': '指甲', 'rcs': 0.4805534183979034, 'w': 0.41144787488859724}, {'zh': '钉子', 'rcs': 0.4445976316928863, 'w': 0.17710425022280543}]",0.7446698,0.7656059,0.75513786,0.43415058,0.11914565,0.2766481,0.6248888168730217
187,screw,ship,M+E-,螺丝,船,5,4,0.024078167974948883,0.09058601409196854,0.0,0.023742886260151863,0.0,2.682945966720581,螺旋桨,船,0.5076266527175903,0.5217533111572266,0.24390418827533722,1.0,0.09734513610601425,"[{'zh': '螺丝', 'rcs': 0.5131198763847351, 'w': 0.7560958098161884}]",[],0.7446698,0.8279798,0.7863248,0.43415058,0.54570097,0.48992577,0.7166113848304259
188,screw,sex,M-E+,螺丝,性,5,3,0.07751278579235077,0.002659562276676297,0.09268292784690857,0.0,19.0,0.0,,,,,,,,,,0.7446698,0.72243667,0.73355323,0.43415058,0.29370517,0.36392787,1.398968978149822
189,seal,animal,M+E+,海豹,动物,4,6,0.14345234632492065,0.08176404982805252,0.0569620281457901,0.01621852070093155,9.0,1.4758853912353516,海豹,动物,0.2252060621976852,0.5035275816917419,0.5,0.5903541445732117,0.05494505539536476,"[{'zh': '密封', 'rcs': 0.2454538196325302, 'w': 0.5}]","[{'zh': '兽', 'rcs': 0.3038774132728576, 'w': 0.2910345454408785}, {'zh': '牲畜', 'rcs': 0.2842504382133484, 'w': 0.11861132141469986}]",0.7661048,0.84472525,0.80541503,0.29184505,0.6573555,0.47460026,1.1457086580354718
190,seal,jar,M+E-,海豹,缸,4,3,0.05042066425085068,0.06929442286491394,0.0,0.015790361911058426,0.0,1.5632457733154297,密封,罐子,0.2454538196325302,0.5186755061149597,0.5,0.28422650694847107,0.1111111119389534,"[{'zh': '海豹', 'rcs': 0.2252060621976852, 'w': 0.5}]","[{'zh': '缸', 'rcs': 0.3032687902450561, 'w': 0.28422651929244713}, {'zh': '坛子', 'rcs': 0.3367401957511902, 'w': 0.28422651929244713}, {'zh': '罐头', 'rcs': 0.4481330215930938, 'w': 0.0989784531646106}, {'zh': '罐', 'rcs': 0.4865182042121887, 'w': 0.04834198895804806}]",0.7661048,0.8230291,0.794567,0.29184505,0.22502257,0.25843382,0.6716052692843313
191,seal,singer,M-E+,海豹,歌手,4,6,0.07163266837596893,0.014499999582767487,0.03797468915581703,0.0,6.0,0.0,,,,,,,,,,0.7661048,0.78461635,0.7753606,0.29184505,0.40966824,0.35075665,0.9709853067608522
192,sewer,rat,M+E+,下水道,老鼠,5,3,0.2468605488538742,0.17302678525447845,0.06145251914858818,0.054646797478199005,11.0,6.065793991088867,下水道,老鼠,0.4418801963329315,0.525272011756897,1.0,0.5054828524589539,0.10810811072587967,[],"[{'zh': '鼠', 'rcs': 0.4795914888381958, 'w': 0.49451712452432905}]",0.76699734,0.78748375,0.7772405,0.21407603,0.5262946,0.37018532,1.4720717228106135
193,sewer,mermaid,M+E-,下水道,美人鱼,5,7,0.018688470125198364,0.2599000036716461,0.0,0.10810811072587967,0.0,12.0,下水道,美人鱼,0.4418801963329315,0.4055846035480499,1.0,1.0,0.10810811072587967,[],[],0.76699734,0.8009887,0.783993,0.21407603,0.16013908,0.18710756,0.9945662632938863
194,sewer,stink,M-E+,下水道,吵闹,5,5,0.5297276377677917,0.02500000037252903,0.033519547432661057,0.0,6.0,0.0,,,,,,,,,,0.76699734,0.36970693,0.5683521,0.21407603,0.0025999595,0.10833799,0.8883665770232683
195,sharp,knife,M+E+,锋利,刀子,5,5,0.37435194849967957,0.24186764657497406,0.2739725708961487,0.05563585087656975,60.0,4.895954608917236,锋利,刀,0.3983169496059418,0.4517486691474914,0.6382308602333069,0.31963059306144714,0.27272728085517883,"[{'zh': '尖', 'rcs': 0.2377199679613113, 'w': 0.36176915618324945}]","[{'zh': '刀子', 'rcs': 0.5002323985099792, 'w': 0.6803694095529377}]",0.7699418,0.8075766,0.78875923,0.57118124,0.6887677,0.6299745,1.0399795197805732
196,sharp,scream,M+E-,锋利,尖叫,5,6,0.04909868910908699,0.06663788110017776,0.0,0.016633065417408943,0.0,1.447076678276062,尖,尖叫,0.2377199679613113,0.4471179246902466,0.3617691695690155,1.0,0.04597701132297516,"[{'zh': '锋利', 'rcs': 0.3983169496059418, 'w': 0.6382308438167505}]",[],0.7699418,0.7379725,0.75395715,0.57118124,0.41177428,0.49147776,0.6511576368264702
197,sharp,point,M-E+,锋利,指向,5,5,0.21795731782913208,0.018180454149842262,0.07305936515331268,0.0,16.0,0.0,,,,,,,,,,0.7699418,0.72487867,0.74741024,0.57118124,0.10333664,0.33725893,1.3176027955431653
198,sheet,pillow,M+E+,床单,枕头,5,6,0.43434712290763855,0.34813836216926575,0.04484305530786514,0.049611203372478485,10.0,3.9688961505889893,床单,枕头,0.279130756855011,0.4794847369194031,0.6614826917648315,1.0,0.07500000298023224,"[{'zh': '纸张', 'rcs': 0.4602515995502472, 'w': 0.33851730911067296}]",[],0.7659373,0.79217243,0.7790549,0.31622943,0.74965966,0.53294456,0.48969146042850153
199,sheet,pen,M+E-,床单,钢笔,5,3,0.05939730256795883,0.09464943408966064,0.0,0.011573242023587227,0.0,1.3540692329406738,纸张,笔,0.4602515995502472,0.2590196132659912,0.33851730823516846,0.5,0.0683760717511177,"[{'zh': '床单', 'rcs': 0.279130756855011, 'w': 0.661482690889327}]","[{'zh': '钢笔', 'rcs': 0.2198588103055954, 'w': 0.5}]",0.7659373,0.75962746,0.7627824,0.31622943,0.7793726,0.547801,1.0528821067479224
200,sheet,rain,M-E+,床单,下雨,5,4,0.14197951555252075,0.023659031838178635,0.03139013051986694,0.0,7.0,0.0,,,,,,,,,,0.7659373,0.7865754,0.7762563,0.31622943,0.34192422,0.32907683,0.9169235779715984
201,shell,sea,M+E+,贝壳,海,5,3,0.3662668466567993,0.06884420663118362,0.20418845117092133,0.01132288109511137,39.0,0.99641352891922,贝壳,大海,0.3945035934448242,0.3686357140541076,0.42110535502433777,0.3380265533924103,0.07954545319080353,"[{'zh': '壳', 'rcs': 0.5318855047225952, 'w': 0.26131626209796166}, {'zh': '骨架', 'rcs': 0.4344162046909332, 'w': 0.18907589993328658}, {'zh': '炮弹', 'rcs': 0.3182783424854278, 'w': 0.1285024854830877}]","[{'zh': '海', 'rcs': 0.2446184605360031, 'w': 0.34962473494946494}, {'zh': '海洋', 'rcs': 0.3984117209911346, 'w': 0.3123487031553847}]",0.8229971,0.86250806,0.8427526,0.36660066,0.3810418,0.37382123,1.2680553225697633
202,shell,slim,M+E-,贝壳,瘦,5,4,0.026105888187885284,0.04227737337350845,0.0,0.007813053205609322,0.0,0.9453794956207275,骨架,瘦,0.4344162046909332,0.2281483858823776,0.18907590210437775,1.0,0.041322313249111176,"[{'zh': '贝壳', 'rcs': 0.3945035934448242, 'w': 0.4211053524856641}, {'zh': '壳', 'rcs': 0.5318855047225952, 'w': 0.26131626209796166}, {'zh': '炮弹', 'rcs': 0.3182783424854278, 'w': 0.1285024854830877}]",[],0.8229971,0.67208874,0.7475429,0.36660066,0.29442403,0.33051234,0.9497242824137853
203,shell,oil,M-E+,贝壳,油,5,3,0.12833328545093536,0.029024234041571617,0.04188482463359833,0.0,8.0,0.0,,,,,,,,,,0.8229971,0.73983413,0.7814156,0.36660066,0.23999403,0.30329734,1.1541165329810923
204,sink,ship,M+E+,挖,船,4,4,0.16224057972431183,0.13426531851291656,0.04347825422883034,0.024978142231702805,8.0,2.5727486610412598,下沉,船,0.335970789194107,0.5217533111572266,0.32159358263015747,1.0,0.0776699036359787,"[{'zh': '挖', 'rcs': 0.245032325387001, 'w': 0.3215935772131797}, {'zh': '下陷', 'rcs': 0.2833151519298553, 'w': 0.3215935772131797}, {'zh': '降低', 'rcs': 0.2159217745065689, 'w': 0.035219268360460895}]",[],0.578077,0.8279798,0.70302844,0.12548529,0.54570097,0.33559313,0.9620161578458462
205,sink,rise,M+E-,挖,上升,4,4,0.04610166698694229,0.057446327060461044,0.0,0.010357127524912357,0.0,1.066784143447876,下沉,上升,0.335970789194107,0.3109742105007171,0.32159358263015747,0.82929527759552,0.03883495181798935,"[{'zh': '挖', 'rcs': 0.245032325387001, 'w': 0.3215935772131797}, {'zh': '下陷', 'rcs': 0.2833151519298553, 'w': 0.3215935772131797}, {'zh': '降低', 'rcs': 0.2159217745065689, 'w': 0.035219268360460895}]","[{'zh': '增长', 'rcs': 0.2891542613506317, 'w': 0.17070472211336812}]",0.578077,0.65922374,0.6186504,0.12548529,0.22844301,0.17696415,0.705315723818144
206,sink,tub,M-E+,挖,盆,4,3,0.5263946056365967,0.0137901920825243,0.03804348409175873,0.0,7.0,0.0,,,,,,,,,,0.578077,0.6492201,0.61364853,0.12548529,0.09863524,0.112060264,0.5180482073347136
207,site,area,M+E+,场所,场地,4,4,0.23449395596981049,0.08238376677036285,0.0416666716337204,0.008617171086370945,9.0,1.1977866888046265,场所,场地,0.2181979268789291,0.2410415709018707,0.7300111651420593,0.3281557261943817,0.035971224308013916,"[{'zh': '地点', 'rcs': 0.3332363367080688, 'w': 0.26998882409914665}]","[{'zh': '面积', 'rcs': 0.4091840088367462, 'w': 0.3281557120225794}, {'zh': '地域', 'rcs': 0.3876585662364959, 'w': 0.14713191289801802}, {'zh': '区', 'rcs': 0.4339649677276611, 'w': 0.11992787865294534}, {'zh': '地方', 'rcs': 0.3078873455524444, 'w': 0.07662878440387767}]",0.6207391,0.67047954,0.6456093,0.34485286,0.15819186,0.25152236,1.0766892300586879
208,site,slot,M+E-,场所,时间,4,4,0.060314878821372986,0.060609664767980576,0.0,0.019205449149012566,0.0,2.131804943084717,地点,时间,0.3332363367080688,0.2251467704772949,0.2699888348579407,0.5263933539390564,0.13513512909412384,"[{'zh': '场所', 'rcs': 0.2181979268789291, 'w': 0.7300111759008534}]","[{'zh': '位置', 'rcs': 0.2157442718744278, 'w': 0.4736066227248223}]",0.6207391,0.60475415,0.6127466,0.34485286,0.041855346,0.1933541,0.6839909910759452
209,site,web,M-E+,场所,网络,4,3,0.22596342861652374,0.0203301589936018,0.15740738809108734,0.0,34.0,0.0,,,,,,,,,,0.6207391,0.679988,0.65036356,0.34485286,0.4967448,0.42079884,0.651546545920652
210,skate,ski,M+E+,滑冰,滑雪,5,3,0.3505875766277313,0.501800000667572,0.033557042479515076,0.03488372266292572,5.0,3.0,滑冰,滑雪,0.3423976600170135,0.472254991531372,1.0,1.0,0.03488372266292572,[],[],0.7046778,0.7487869,0.7267324,0.06800411,0.052774593,0.06038935,0.9874251956995516
211,skate,title,M+E-,滑冰,冠军,5,5,0.016111599281430244,0.30970001220703125,0.0,0.03488372266292572,0.0,3.0,滑冰,冠军,0.3423976600170135,0.2084692567586898,1.0,1.0,0.03488372266292572,[],[],0.7046778,0.3663952,0.5355365,0.06800411,0.0030042636,0.035504185,1.3152939482408632
212,skate,board,M-E+,滑冰,委员会,5,5,0.10863705724477768,0.016599999740719795,0.20134225487709045,0.0,30.0,0.0,,,,,,,,,,0.7046778,0.5308222,0.61775005,0.06800411,0.009992078,0.038998093,1.2889299495745763
213,skull,bone,M+E+,头骨,骨,5,4,0.37230509519577026,0.13910190761089325,0.32608699798583984,0.011891048401594162,45.0,1.3555794954299927,头骨,骨头,0.5555534362792969,0.5531677603721619,0.5,0.27111589908599854,0.08771929889917374,"[{'zh': '脑袋', 'rcs': 0.3159124553203583, 'w': 0.5}]","[{'zh': '骨', 'rcs': 0.535764753818512, 'w': 0.5007268142487543}, {'zh': '舌头', 'rcs': 0.4872653484344482, 'w': 0.22815729495438342}]",0.74810874,0.7707477,0.75942826,0.3941793,0.30005962,0.34711945,0.5790073972029947
214,skull,pouch,M+E-,头骨,袋子,5,5,0.054471634328365326,0.0957999974489212,0.0,0.013636363670229912,0.0,1.5,脑袋,袋子,0.3159124553203583,0.5022851824760437,0.5,1.0,0.027272727340459824,"[{'zh': '头骨', 'rcs': 0.5555534362792969, 'w': 0.5}]",[],0.74810874,0.7399102,0.7440095,0.3941793,0.523049,0.45861417,1.2000824776887307
215,skull,tattoo,M-E+,头骨,花纹,5,6,0.1345696747303009,0.03739999979734421,0.02173912525177002,0.0,3.0,0.0,,,,,,,,,,0.74810874,0.61375374,0.6809312,0.3941793,0.063368395,0.22877386,0.5103625573504488
216,slice,meat,M+E+,锅铲,肉,5,4,0.2624482214450836,0.30693960189819336,0.014925369061529636,0.010561827570199966,3.0,0.9400026798248291,片,肉,0.240795686841011,0.5685207843780518,0.31333422660827637,1.0,0.033707864582538605,"[{'zh': '锅铲', 'rcs': 0.2552796304225921, 'w': 0.6866657782216525}]",[],0.7353474,0.8459676,0.7906575,0.022902219,0.49032253,0.25661236,1.406891128342882
217,slice,pot,M+E-,锅铲,锅,5,3,0.05735597386956215,0.15610665082931519,0.0,0.02072964608669281,0.0,2.052234649658203,锅铲,锅,0.2552796304225921,0.4778297543525696,0.6866657733917236,0.3320772647857666,0.09090909361839294,"[{'zh': '片', 'rcs': 0.240795686841011, 'w': 0.31333422177834747}]","[{'zh': '碗', 'rcs': 0.4747569262981415, 'w': 0.33207725805281285}, {'zh': '容器', 'rcs': 0.3640560507774353, 'w': 0.16930954855968877}, {'zh': '盒', 'rcs': 0.4355296492576599, 'w': 0.09453616201644538}, {'zh': '壶', 'rcs': 0.4717013537883758, 'w': 0.07199977331824006}]",0.7353474,0.7677407,0.75154406,0.022902219,0.2769282,0.1499152,1.4227645320590734
218,slice,orange,M-E+,锅铲,橙汁,5,6,0.26062285900115967,0.022673701867461205,0.049751248210668564,0.0,10.0,0.0,,,,,,,,,,0.7353474,0.818682,0.77701473,0.022902219,0.47633475,0.24961849,1.0392320667625607
219,slide,park,M+E+,滑梯,庭院,5,4,0.24500644207000732,0.05201678350567818,0.04477611929178238,0.00922185368835926,9.0,1.1619534492492676,滑梯,公园,0.3873946964740753,0.5533136129379272,0.5,0.38731783628463745,0.0476190485060215,"[{'zh': '滑动', 'rcs': 0.4370788633823395, 'w': 0.5}]","[{'zh': '庭院', 'rcs': 0.3167878687381744, 'w': 0.3873178485052622}, {'zh': '停车场', 'rcs': 0.4356929063796997, 'w': 0.16419304137673238}, {'zh': '庄园', 'rcs': 0.3247393667697906, 'w': 0.06117126161274324}]",0.73754287,0.78119713,0.75936997,0.11800272,0.1420726,0.13003767,0.9303232895129694
220,slide,child,M+E-,滑梯,女儿,5,5,0.07238569855690002,0.032090239226818085,0.0,0.010237779468297958,0.0,1.2899601459503174,滑梯,小孩,0.3873946964740753,0.300133466720581,0.5,0.12382668256759644,0.1587301641702652,"[{'zh': '滑动', 'rcs': 0.4370788633823395, 'w': 0.5}]","[{'zh': '女儿', 'rcs': 0.3485642671585083, 'w': 0.4042131146934415}, {'zh': '儿童', 'rcs': 0.2888596951961517, 'w': 0.19845540966654351}, {'zh': '儿子', 'rcs': 0.3133778274059295, 'w': 0.15180410567274608}, {'zh': '孩子', 'rcs': 0.3606066405773163, 'w': 0.12170068952723075}]",0.73754287,0.6764439,0.70699334,0.11800272,0.24452023,0.18126148,1.2114621295291192
221,slide,metal,M-E+,滑梯,金属,5,5,0.046832963824272156,0.03579999879002571,0.024875624105334282,0.0,5.0,0.0,,,,,,,,,,0.73754287,0.79557395,0.7665584,0.11800272,0.69042593,0.40421432,0.3680953076212024
222,smooth,skin,M+E+,光滑,皮肤,6,4,0.2037767767906189,0.17279663681983948,0.054726362228393555,0.09390713274478912,11.0,9.578527450561523,光滑,皮肤,0.4371867179870605,0.5646045207977295,1.0,0.4789263606071472,0.19607843458652496,[],"[{'zh': '壳', 'rcs': 0.3820466101169586, 'w': 0.1817293657600022}, {'zh': '剥皮', 'rcs': 0.3006784617900848, 'w': 0.17885542186769768}, {'zh': '毛皮', 'rcs': 0.363589197397232, 'w': 0.16048884487323642}]",0.7832629,0.7957984,0.78953063,0.5231723,0.27219588,0.3976841,1.4174188529509097
223,smooth,plane,M+E-,光滑,滑翔,6,5,0.05636410042643547,0.12854373455047607,0.0,0.013219223357737064,0.0,1.3483607769012451,光滑,平面,0.4371867179870605,0.2684282958507538,1.0,0.44945359230041504,0.029411764815449715,[],"[{'zh': '滑翔', 'rcs': 0.3761391341686249, 'w': 0.44945360527190037}, {'zh': '飞机', 'rcs': 0.4154236614704132, 'w': 0.10109278945619923}]",0.7832629,0.7042102,0.74373657,0.5231723,0.3956297,0.459401,1.4540660165642572
224,smooth,sailing,M-E+,光滑,航班,6,7,0.09362836927175522,0.02110472321510315,0.029850751161575317,0.0,6.0,0.0,,,,,,,,,,0.7832629,0.6612883,0.7222756,0.5231723,0.052034944,0.28760362,0.6909144330747565
225,snow,white,M+E+,下雪,白,4,5,0.16047242283821106,0.07283750176429749,0.36477991938591003,0.01666666753590107,58.0,1.75,下雪,白色,0.259146898984909,0.4515153765678406,0.5,0.25,0.13333334028720856,"[{'zh': '雪花', 'rcs': 0.3500865399837494, 'w': 0.5}]","[{'zh': '白', 'rcs': 0.2417072206735611, 'w': 0.25}, {'zh': '雪白', 'rcs': 0.4313930571079254, 'w': 0.25}, {'zh': '白色的', 'rcs': 0.4358446896076202, 'w': 0.25}]",0.80626625,0.7987871,0.8025267,0.3016111,0.652965,0.47728807,1.3736037908097452
226,snow,ale,M+E-,下雪,啤酒,4,3,0.02655950002372265,0.08124999701976776,0.0,0.04854368790984154,0.0,5.0,雪花,啤酒,0.3500865399837494,0.4889015555381775,0.5,1.0,0.09708737581968307,"[{'zh': '下雪', 'rcs': 0.259146898984909, 'w': 0.5}]",[],0.80626625,0.77933425,0.79280025,0.3016111,0.07249205,0.18705156,1.2318015101943898
227,snow,soft,M-E+,下雪,软,4,4,0.07365761697292328,0.02333788014948368,0.025157233700156212,0.0,4.0,0.0,,,,,,,,,,0.80626625,0.79574925,0.80100775,0.3016111,0.32706863,0.31433988,0.9080293356449338
228,solid,rock,M+E+,固体,钻石,5,4,0.241864413022995,0.049872927367687225,0.12883436679840088,0.010648103430867195,21.0,1.277772307395935,坚固,石头,0.2520243227481842,0.2639249563217163,0.5,0.2839494049549103,0.07500000298023224,"[{'zh': '固体', 'rcs': 0.4507730305194855, 'w': 0.5}]","[{'zh': '钻石', 'rcs': 0.2007309198379516, 'w': 0.7160506063685319}]",0.7583316,0.5878591,0.67309535,0.64797664,0.06207218,0.3550244,1.0429794889611281
229,solid,wet,M+E-,固体,湿,5,3,0.040642332285642624,0.018676431849598885,0.0,0.011438240297138691,0.0,1.3268358707427979,固体,液体,0.4507730305194855,0.3145627677440643,0.5,0.07804916799068451,0.2931034564971924,"[{'zh': '坚固', 'rcs': 0.2520243227481842, 'w': 0.5}]","[{'zh': '湿', 'rcs': 0.4603066146373749, 'w': 0.25993643248032516}, {'zh': '湿的', 'rcs': 0.4789307117462158, 'w': 0.25993643248032516}, {'zh': '潮湿', 'rcs': 0.4323588013648987, 'w': 0.25993643248032516}, {'zh': '水', 'rcs': 0.3768291473388672, 'w': 0.14214153668897236}]",0.7583316,0.810579,0.7844553,0.64797664,0.37285385,0.51041526,1.0412334390616724
230,solid,state,M-E+,固体,国家,5,5,0.04640054702758789,0.010571155697107315,0.030674846842885017,0.0,5.0,0.0,,,,,,,,,,0.7583316,0.7015089,0.72992027,0.64797664,0.25638014,0.4521784,1.2494103769245366
231,sperm,male,M+E+,精子,男性,5,4,0.18256956338882446,0.18857234716415405,0.06557377427816391,0.08922981470823288,12.0,6.692236423492432,精子,男性,0.5983464121818542,0.3941675722599029,0.7435818314552307,1.0,0.11999999731779099,"[{'zh': '精液', 'rcs': 0.5561825633049011, 'w': 0.2564181623648632}]",[],0.77611023,0.7709186,0.7735144,0.3527292,0.046534922,0.19963206,1.0920962381799522
232,sperm,bloke,M+E-,精子,男人,5,5,0.051741212606430054,0.09392188489437103,0.0,0.02846117503941059,0.0,2.1345882415771484,精液,男人,0.5561825633049011,0.3848049640655517,0.2564181685447693,0.7176709175109863,0.09090909361839294,"[{'zh': '精子', 'rcs': 0.5983464121818542, 'w': 0.7435818376351369}]","[{'zh': '家伙', 'rcs': 0.4022364318370819, 'w': 0.28232908843550797}]",0.77611023,0.68595093,0.7310306,0.3527292,0.14578894,0.24925907,0.8844125984896477
233,sperm,whale,M-E+,精子,鲸,5,5,0.21753138303756714,0.014822064898908138,0.14754098653793335,0.0,27.0,0.0,,,,,,,,,,0.77611023,0.8123611,0.7942357,0.3527292,0.5650439,0.45888656,0.3445582949532474
234,spin,wheel,M+E+,旋转,车轮,4,5,0.28807416558265686,0.061639029532670975,0.029556646943092346,0.008497113361954689,6.0,0.7987287044525146,转动,轮子,0.2905631363391876,0.5315656661987305,0.4763233959674835,0.23955173790454865,0.07446808367967606,"[{'zh': '旋转', 'rcs': 0.2885651886463165, 'w': 0.5236766046364622}]","[{'zh': '车轮', 'rcs': 0.547667920589447, 'w': 0.23955173710622196}, {'zh': '方向盘', 'rcs': 0.4993504583835602, 'w': 0.23955173710622196}, {'zh': '轮', 'rcs': 0.3787873983383178, 'w': 0.23955173710622196}, {'zh': '轮椅', 'rcs': 0.3203202188014984, 'w': 0.041793051575112115}]",0.7111176,0.8055589,0.7583383,0.03836216,0.2208088,0.12958547,1.0739378500657486
235,spin,leap,M+E-,旋转,跳跃,4,4,0.0461551770567894,0.16925227642059326,0.0,0.1496219038963318,0.0,15.710298538208008,旋转,跳跃,0.2885651886463165,0.2716983556747436,0.5236766338348389,1.0,0.2857142984867096,"[{'zh': '转动', 'rcs': 0.2905631363391876, 'w': 0.4763233953635378}]",[],0.7111176,0.6972972,0.7042074,0.03836216,0.0020978816,0.020230021,0.4257849458804367
236,spin,round,M-E+,旋转,回合,4,5,0.17465639114379883,0.0211963914334774,0.06403941661119461,0.0,13.0,0.0,,,,,,,,,,0.7111176,0.46832725,0.58972245,0.03836216,0.014070731,0.026216445,0.9516713868664218
237,spine,bone,M+E+,脊柱,骨,5,4,0.20463146269321442,0.10547298192977905,0.060301508754491806,0.01008529495447874,12.0,0.7463119626045227,脊柱,骨头,0.5940449237823486,0.5531677603721619,0.550548255443573,0.27111589908599854,0.06756756454706192,"[{'zh': '背', 'rcs': 0.3529384136199951, 'w': 0.29316027912838}, {'zh': '刺', 'rcs': 0.3742818534374237, 'w': 0.15629146524398665}]","[{'zh': '骨', 'rcs': 0.535764753818512, 'w': 0.5007268142487543}, {'zh': '舌头', 'rcs': 0.4872653484344482, 'w': 0.22815729495438342}]",0.7388731,0.7707477,0.75481045,0.16916916,0.30005962,0.23461439,0.9498350371092776
238,spine,backpack,M+E-,脊柱,背包,5,8,0.023565657436847687,0.06839429587125778,0.0,0.037497248500585556,0.0,3.2247631549835205,背,背包,0.3529384136199951,0.5377047657966614,0.2931602895259857,1.0,0.12790697813034058,"[{'zh': '脊柱', 'rcs': 0.5940449237823486, 'w': 0.5505482556276334}, {'zh': '刺', 'rcs': 0.3742818534374237, 'w': 0.15629146524398665}]",[],0.7388731,0.7042114,0.72154224,0.16916916,0.035007514,0.10208833,1.477875243515954
239,spine,tap,M-E+,脊柱,水龙头,5,3,0.10656245797872543,0.03396882861852646,0.02512562833726406,0.0,5.0,0.0,,,,,,,,,,0.7388731,0.69501346,0.71694326,0.16916916,0.5978189,0.38349402,1.2269276828065487
240,sports,running,M+E+,体育,跑,6,7,0.2812228202819824,0.1741248369216919,0.042168669402599335,0.02812894433736801,7.0,3.684891700744629,运动,跑步,0.2600416839122772,0.2267284095287323,0.2164754569530487,0.36176687479019165,0.1164383590221405,"[{'zh': '体育', 'rcs': 0.4324929714202881, 'w': 0.7835245430329306}]","[{'zh': '跑', 'rcs': 0.2226924896240234, 'w': 0.6382331357135055}]",0.7607556,0.7895584,0.775157,0.24604157,0.34699973,0.29652065,1.1520182988634882
241,sports,teacher,M+E-,体育,老师,6,7,0.015414093621075153,0.05392153561115265,0.0,0.012296183966100216,0.0,1.6108001470565796,体育,老师,0.4324929714202881,0.3468257486820221,0.7835245132446289,0.5139597058296204,0.030534351244568825,"[{'zh': '运动', 'rcs': 0.2600416839122772, 'w': 0.21647545696706927}]","[{'zh': '教师', 'rcs': 0.5814129710197449, 'w': 0.27992430342702346}, {'zh': '先生', 'rcs': 0.3092143535614013, 'w': 0.20611599535842348}]",0.7607556,0.7545064,0.757631,0.24604157,0.3640417,0.3050416,0.9201942500405542
242,sports,team,M-E+,体育,队伍,6,4,0.3059673607349396,0.026666082441806793,0.024096384644508362,0.0,4.0,0.0,,,,,,,,,,0.7607556,0.6859404,0.723348,0.24604157,0.06955115,0.15779635,1.3281213642064484
243,spray,bottle,M+E+,喷雾,瓶子,5,6,0.09311811625957489,0.1048373430967331,0.05263158679008484,0.020984360948204994,11.0,1.8256393671035767,喷雾,瓶子,0.5236483216285706,0.4807119071483612,1.0,0.45640984177589417,0.04597701132297516,[],"[{'zh': '奶瓶', 'rcs': 0.5026694536209106, 'w': 0.45640985357178115}, {'zh': '酒', 'rcs': 0.38345867395401, 'w': 0.08718029285643766}]",0.74561656,0.71386576,0.72974116,0.18206261,0.16522732,0.17364496,1.0896563476875496
244,spray,alcohol,M+E-,喷雾,酒精,5,7,0.06474342942237854,0.25599467754364014,0.0,0.02925887517631054,0.0,2.5455222129821777,喷雾,酒精,0.5236483216285706,0.5819281339645386,1.0,0.8485074043273926,0.03448275849223137,[],"[{'zh': '酒', 'rcs': 0.2689618468284607, 'w': 0.1514925831382802}]",0.74561656,0.7658027,0.75570965,0.18206261,0.41948226,0.30077243,1.0421816722348303
245,spray,ocean,M-E+,喷雾,海洋,5,5,0.128483846783638,0.01831434667110443,0.047846898436546326,0.0,10.0,0.0,,,,,,,,,,0.74561656,0.855346,0.8004813,0.18206261,0.43111223,0.30658743,0.7040422482117332
246,square,circle,M+E+,广场,圆周,6,6,0.3162387013435364,0.0410502552986145,0.16161616146564484,0.008120152167975903,32.0,0.9013369083404541,方形,圆形,0.3444466888904571,0.3672444522380829,0.25,0.133531391620636,0.2432432472705841,"[{'zh': '广场', 'rcs': 0.4968146383762359, 'w': 0.25}, {'zh': '平方', 'rcs': 0.3648816347122192, 'w': 0.25}, {'zh': '正方形', 'rcs': 0.2869710028171539, 'w': 0.25}]","[{'zh': '圆周', 'rcs': 0.2899746596813202, 'w': 0.2884768449289036}, {'zh': '圆', 'rcs': 0.3139594197273254, 'w': 0.2884768449289036}, {'zh': '圆圈', 'rcs': 0.4085624814033508, 'w': 0.15500026620728077}, {'zh': '环', 'rcs': 0.3163108229637146, 'w': 0.1345146566525419}]",0.73764163,0.7311723,0.73440695,0.3081997,0.10434064,0.20627017,0.23450789797973723
247,square,mama,M+E-,广场,大妈,6,4,0.004668050445616245,0.052522119134664536,0.0,0.024349313229322433,0.0,2.9462668895721436,广场,大妈,0.4968146383762359,0.3528442680835724,0.25,0.7856711745262146,0.12396693974733353,"[{'zh': '方形', 'rcs': 0.3444466888904571, 'w': 0.25}, {'zh': '平方', 'rcs': 0.3648816347122192, 'w': 0.25}, {'zh': '正方形', 'rcs': 0.2869710028171539, 'w': 0.25}]","[{'zh': '妈妈', 'rcs': 0.4193300902843475, 'w': 0.21432883854456125}]",0.73764163,0.6280759,0.68285877,0.3081997,0.58103603,0.44461787,1.1625993439871003
248,square,round,M-E+,广场,回合,6,5,0.2200705111026764,0.01075000036507845,0.08080808073282242,0.0,16.0,0.0,,,,,,,,,,0.73764163,0.46832725,0.6029844,0.3081997,0.014070731,0.16113521,0.7464243709746647
249,stamp,postcard,M+E+,贴,明信片,5,8,0.36907103657722473,0.28858664631843567,0.013574663549661636,0.01277022436261177,3.0,1.3664140701293945,邮票,明信片,0.516403079032898,0.466812789440155,0.45547133684158325,1.0,0.028037382289767265,"[{'zh': '贴', 'rcs': 0.2576663494110107, 'w': 0.4554713490238911}, {'zh': '戳', 'rcs': 0.2337913513183593, 'w': 0.08905730195221785}]",[],0.709393,0.7403092,0.72485113,0.18696253,0.35352045,0.2702415,1.484008238215837
250,stamp,lining,M+E-,贴,膜,5,6,0.03959769755601883,0.11099836230278015,0.0,0.026277191936969757,0.0,1.3664140701293945,贴,膜,0.2576663494110107,0.377110093832016,0.45547133684158325,1.0,0.057692307978868484,"[{'zh': '邮票', 'rcs': 0.516403079032898, 'w': 0.4554713490238911}, {'zh': '戳', 'rcs': 0.2337913513183593, 'w': 0.08905730195221785}]",[],0.709393,0.51914597,0.6142695,0.18696253,0.0037303155,0.09534642,0.5744053141893728
251,stamp,lick,M-E+,贴,舔,5,4,0.13528485596179962,0.03283948451280594,0.04072399064898491,0.0,9.0,0.0,,,,,,,,,,0.709393,0.8102749,0.75983393,0.18696253,0.59915155,0.39305705,0.6116754614661225
252,steel,iron,M+E+,钢,铁,5,4,0.27806273102760315,0.4047520160675049,0.1479591578245163,0.2759299874305725,29.0,30.62822723388672,钢,铁,0.3168725371360779,0.37674680352211,0.7657057046890259,1.0,0.36036035418510437,"[{'zh': '兵器', 'rcs': 0.2304255664348602, 'w': 0.23429430532653753}]",[],0.7872494,0.795556,0.7914027,0.5706547,0.75996953,0.6653121,0.5516545971675965
253,steel,shooter,M+E-,钢,枪,5,7,0.05341577157378197,0.10754108428955078,0.0,0.022313743829727173,0.0,2.3429431915283203,兵器,枪,0.2304255664348602,0.3207056224346161,0.23429431021213531,1.0,0.095238097012043,"[{'zh': '钢', 'rcs': 0.3168725371360779, 'w': 0.7657056946734625}]",[],0.7872494,0.7726568,0.7799531,0.5706547,0.33269796,0.4516763,1.2352653067793167
254,steel,wool,M-E+,钢,毛线,5,4,0.09059934318065643,0.03238935023546219,0.020408162847161293,0.0,4.0,0.0,,,,,,,,,,0.7872494,0.806813,0.79703116,0.5706547,0.13531001,0.35298234,1.068672428181021
255,string,violin,M+E+,弦,小提琴,6,6,0.23940126597881317,0.2659173309803009,0.040000006556510925,0.05207151919603348,10.0,4.061578273773193,弦,小提琴,0.4187423884868622,0.5336957573890686,0.5802254676818848,1.0,0.08974359184503555,"[{'zh': '绳子', 'rcs': 0.3045003116130829, 'w': 0.41977453550667027}]",[],0.6284958,0.80656534,0.7175306,0.254066,0.2713516,0.26270878,0.5617700020656424
256,string,serpent,M+E-,弦,蛇,6,7,0.02319173514842987,0.06947268545627594,0.0,0.01614517532289028,0.0,1.679098129272461,绳子,蛇,0.3045003116130829,0.425779789686203,0.41977453231811523,1.0,0.03846153989434242,"[{'zh': '弦', 'rcs': 0.4187423884868622, 'w': 0.5802254644933297}]",[],0.6284958,0.72112226,0.67480904,0.254066,0.022838162,0.13845208,1.1375026479435422
257,string,thread,M-E+,弦,穿,6,6,0.3838324248790741,0.024710455909371376,0.052000004798173904,0.0,13.0,0.0,,,,,,,,,,0.6284958,0.64790684,0.63820136,0.254066,0.026098285,0.14008214,0.48923575554128906
258,subway,train,M+E+,地铁,火车,6,5,0.2997165620326996,0.26579999923706055,0.18143463134765625,0.024752475321292877,43.0,2.5,地铁,火车,0.4217494428157806,0.4068214297294616,1.0,0.5,0.049504950642585754,[],"[{'zh': '列车', 'rcs': 0.3996173441410064, 'w': 0.5}]",0.7617278,0.78923094,0.7754794,0.38268942,0.15093203,0.26681072,1.2777251802918201
259,subway,orbit,M+E-,地铁,轨道,6,5,0.033971939235925674,0.46810001134872437,0.0,0.029702970758080482,0.0,3.0,地铁,轨道,0.4217494428157806,0.4216618239879608,1.0,1.0,0.029702970758080482,[],[],0.7617278,0.5995005,0.6806141,0.38268942,0.060967352,0.22182839,1.0546482916997963
260,subway,tube,M-E+,地铁,管,6,4,0.24497035145759583,0.019464435055851936,0.050632912665605545,0.0,12.0,0.0,,,,,,,,,,0.7617278,0.7207436,0.74123573,0.38268942,0.20718074,0.29493508,0.9982671850278397
261,swamp,wet,M+E+,淹没,湿,5,3,0.2676752805709839,0.03647720441222191,0.0364583283662796,0.010424834676086903,7.0,1.2092808485031128,淹没,水,0.2308024913072586,0.3768291473388672,0.6076844930648804,0.14214153587818146,0.12068965286016464,"[{'zh': '沼泽', 'rcs': 0.4666385054588318, 'w': 0.3923155171236762}]","[{'zh': '湿', 'rcs': 0.4603066146373749, 'w': 0.25993643248032516}, {'zh': '湿的', 'rcs': 0.4789307117462158, 'w': 0.25993643248032516}, {'zh': '潮湿', 'rcs': 0.4323588013648987, 'w': 0.25993643248032516}, {'zh': '液体', 'rcs': 0.3145627677440643, 'w': 0.07804916587005213}]",0.6842351,0.810579,0.7474071,0.2664486,0.37285385,0.31965122,1.3397048720213691
262,swamp,swim,M+E-,淹没,游泳,5,4,0.07420631498098373,0.2072811871767044,0.0,0.015715979039669037,0.0,1.8230534791946411,淹没,游泳,0.2308024913072586,0.2599096298217773,0.6076844930648804,1.0,0.0258620698004961,"[{'zh': '沼泽', 'rcs': 0.4666385054588318, 'w': 0.3923155171236762}]",[],0.6842351,0.75890666,0.72157085,0.2664486,0.42403856,0.34524357,0.9737266974119503
263,swamp,muck,M-E+,淹没,打扫,5,4,0.3386612832546234,0.021475819870829582,0.02083333022892475,0.0,4.0,0.0,,,,,,,,,,0.6842351,0.5523958,0.61831546,0.2664486,0.027797455,0.14712302,1.474313469097966
264,swing,jazz,M+E+,转弯,爵士,5,4,0.15924639999866486,0.0769582986831665,0.0175438541918993,0.007670516613870859,4.0,0.6059708595275879,摇摆,爵士,0.3255805671215057,0.2111568748950958,0.2019902765750885,1.0,0.037974681705236435,"[{'zh': '转弯', 'rcs': 0.2614188492298126, 'w': 0.5235030263109579}, {'zh': '摇', 'rcs': 0.3378275334835052, 'w': 0.2745066918235665}]",[],0.5413396,0.71124583,0.6262927,0.026704676,0.9212167,0.4739607,0.8782902694432002
265,swing,auto,M+E-,转弯,汽车,5,4,0.036475926637649536,0.2366233617067337,0.0,0.04079243913292885,0.0,3.1410179138183594,转弯,汽车,0.2614188492298126,0.4339776635169983,0.5235030055046082,1.0,0.07792207598686218,"[{'zh': '摇', 'rcs': 0.3378275334835052, 'w': 0.2745066918235665}, {'zh': '摇摆', 'rcs': 0.3255805671215057, 'w': 0.2019902818654756}]",[],0.5413396,0.7357835,0.63856155,0.026704676,0.04260072,0.0346527,0.9619476680575243
266,swing,bat,M-E+,转弯,蝙蝠,5,3,0.1399262398481369,0.00943865068256855,0.035087719559669495,0.0,8.0,0.0,,,,,,,,,,0.5413396,0.807446,0.6743928,0.026704676,0.38794613,0.2073254,1.068901663735992
267,switch,light,M+E+,开关,电灯,6,5,0.15474432706832886,0.12179547548294067,0.14611871540546417,0.01951100304722786,32.0,1.9901220798492432,开关,电灯,0.3317148685455322,0.218872919678688,0.6166532635688782,0.32272952795028687,0.09803921729326248,"[{'zh': '转换', 'rcs': 0.3224034905433655, 'w': 0.19782583341149027}, {'zh': '转移', 'rcs': 0.2481322288513183, 'w': 0.09754687964753536}, {'zh': '交换', 'rcs': 0.2526579201221466, 'w': 0.08797401518700525}]","[{'zh': '光亮', 'rcs': 0.3436053693294525, 'w': 0.32272952076039185}, {'zh': '光线', 'rcs': 0.4118394553661346, 'w': 0.1417129593790649}, {'zh': '点', 'rcs': 0.226642832159996, 'w': 0.12998594163398947}, {'zh': '窗户', 'rcs': 0.2362789809703827, 'w': 0.0828420574661619}]",0.6346009,0.7564144,0.69550765,0.10374456,0.788583,0.44616377,1.0813021106738188
268,switch,untie,M+E-,开关,打开,6,5,0.0458696149289608,0.27015578746795654,0.0,0.042319342494010925,0.0,4.316572666168213,开关,打开,0.3317148685455322,0.3402752876281738,0.6166532635688782,1.0,0.06862745434045792,"[{'zh': '转换', 'rcs': 0.3224034905433655, 'w': 0.19782583341149027}, {'zh': '转移', 'rcs': 0.2481322288513183, 'w': 0.09754687964753536}, {'zh': '交换', 'rcs': 0.2526579201221466, 'w': 0.08797401518700525}]",[],0.6346009,0.44019672,0.5373988,0.10374456,0.015188901,0.05946673,1.048090063679788
269,switch,stick,M-E+,开关,放置,6,5,0.22379210591316223,0.01607116498053074,0.031963467597961426,0.0,7.0,0.0,,,,,,,,,,0.6346009,0.69549215,0.6650465,0.10374456,0.023742562,0.06374356,0.9599029922210526
270,sword,sharp,M+E+,剑,锋利,5,5,0.18307380378246307,0.18426905572414398,0.07058823108673096,0.011517907492816448,12.0,1.1057190895080566,刀,锋利,0.3880504071712494,0.3983169496059418,0.34649503231048584,0.6382308602333069,0.0520833320915699,"[{'zh': '剑', 'rcs': 0.3996585011482239, 'w': 0.6535049775078716}]","[{'zh': '尖', 'rcs': 0.2377199679613113, 'w': 0.36176915618324945}]",0.7492657,0.7699418,0.75960374,0.34472117,0.57118124,0.4579512,1.002900296827398
271,sword,blood,M+E-,剑,血液,5,5,0.030937617644667625,0.04876917600631714,0.0,0.01263263076543808,0.0,1.2127325534820557,刀,血,0.3880504071712494,0.4808254837989807,0.34649503231048584,0.5,0.0729166641831398,"[{'zh': '剑', 'rcs': 0.3996585011482239, 'w': 0.6535049775078716}]","[{'zh': '血液', 'rcs': 0.3946893513202667, 'w': 0.5}]",0.7492657,0.79897857,0.7741221,0.34472117,0.4128438,0.37878248,1.0625869250977678
272,sword,stone,M-E+,剑,石子,5,5,0.07191408425569534,0.009039660915732384,0.035294122993946075,0.0,6.0,0.0,,,,,,,,,,0.7492657,0.7497603,0.74951303,0.34472117,0.3431988,0.34396,0.30837916038253765
273,tail,cat,M+E+,尾巴,猫,4,3,0.2410212606191635,0.2050500065088272,0.1666666716337204,0.03252032399177551,27.0,4.0,尾巴,猫,0.4287750720977783,0.4880292117595672,0.5,1.0,0.06504064798355103,"[{'zh': '燕尾服', 'rcs': 0.3041740655899048, 'w': 0.5}]",[],0.72547716,0.82852244,0.77699983,0.52715623,0.70452857,0.6158424,0.7407015626552228
274,tail,suit,M+E-,尾巴,西装,4,4,0.041545528918504715,0.09835000336170197,0.0,0.01944444514811039,0.0,2.3333334922790527,燕尾服,西装,0.3041740655899048,0.255700945854187,0.5,0.3333333432674408,0.11666666716337204,"[{'zh': '尾巴', 'rcs': 0.4287750720977783, 'w': 0.5}]","[{'zh': '西服', 'rcs': 0.2543237507343292, 'w': 0.3333333333333333}, {'zh': '套装', 'rcs': 0.3030464947223663, 'w': 0.3333333333333333}]",0.72547716,0.7532095,0.7393433,0.52715623,0.11344075,0.3202985,0.5700990745782508
275,tail,butt,M-E+,尾巴,屁股,4,4,0.1726149618625641,0.03779999911785126,0.030864205211400986,0.0,5.0,0.0,,,,,,,,,,0.72547716,0.7246236,0.7250504,0.52715623,0.17101058,0.34908342,0.3248459179816231
276,tent,camp,M+E+,帐篷,野营,4,4,0.4122188687324524,0.2948499917984009,0.0651162788271904,0.07500000298023224,14.0,9.0,帐篷,野营,0.4726112186908722,0.2766191363334656,1.0,0.5,0.15000000596046448,[],"[{'zh': '营地', 'rcs': 0.4515192210674286, 'w': 0.5}]",0.76299316,0.7391484,0.75107074,0.4915423,0.612956,0.55224913,0.8143977190168684
277,tent,trip,M+E-,帐篷,旅行,4,4,0.04896455258131027,0.09945155680179596,0.0,0.01968558132648468,0.0,2.362269639968872,帐篷,旅行,0.4726112186908722,0.2982495725154876,1.0,0.590567409992218,0.03333333507180214,[],"[{'zh': '旅程', 'rcs': 0.2326556891202926, 'w': 0.40943257469127614}]",0.76299316,0.7715139,0.7672535,0.4915423,0.12217965,0.30686098,1.4390584071123358
278,tent,canvas,M-E+,帐篷,油画,4,6,0.21811476349830627,0.03909999877214432,0.037209298461675644,0.0,8.0,0.0,,,,,,,,,,0.76299316,0.6781513,0.72057223,0.4915423,0.13731396,0.31442815,1.2471788875924785
279,thick,thin,M+E+,厚,薄,5,4,0.18111154437065125,0.21764999628067017,0.18965519964694977,0.13445378839969635,33.0,16.0,厚,薄,0.4037962555885315,0.4066925942897796,1.0,0.5,0.2689075767993927,[],"[{'zh': '细', 'rcs': 0.2999193370342254, 'w': 0.5}]",0.65414226,0.75006765,0.7021049,0.7884531,0.49417633,0.64131474,0.5477245229026652
280,thick,warm,M+E-,厚,暖和,5,4,0.04742107912898064,0.18412822484970093,0.0,0.013688847422599792,0.0,1.6289727687835693,厚,暖和,0.4037962555885315,0.422766238451004,1.0,0.5429909229278564,0.02521008439362049,[],"[{'zh': '温暖', 'rcs': 0.3686213195323944, 'w': 0.45700908514453725}]",0.65414226,0.7935588,0.7238505,0.7884531,0.26628718,0.52737015,0.9544822341341095
281,thick,broad,M-E+,厚,宽广,5,5,0.16388459503650665,0.03709999844431877,0.028735630214214325,0.0,5.0,0.0,,,,,,,,,,0.65414226,0.72209525,0.68811876,0.7884531,0.07773387,0.4330935,1.451131937952445
282,thin,thick,M+E+,薄,厚,4,5,0.18111154437065125,0.21764999628067017,0.0703517496585846,0.1111111119389534,14.0,11.0,薄,厚,0.4066925942897796,0.4037962555885315,0.5,1.0,0.2222222238779068,"[{'zh': '细', 'rcs': 0.2999193370342254, 'w': 0.5}]",[],0.75006765,0.65414226,0.7021049,0.49417633,0.7884531,0.64131474,0.5477245229026652
283,thin,rough,M+E-,薄,粗糙,4,5,0.027040671557188034,0.08912181854248047,0.0,0.03021334670484066,0.0,3.474534749984741,细,粗,0.2999193370342254,0.2246107459068298,0.5,0.3474534749984741,0.17391304671764374,"[{'zh': '薄', 'rcs': 0.4066925942897796, 'w': 0.5}]","[{'zh': '粗糙', 'rcs': 0.2128840833902359, 'w': 0.6525465358805811}]",0.75006765,0.7057622,0.7279149,0.49417633,0.39005485,0.4421156,0.5887142168030832
284,thin,model,M-E+,薄,模型,4,5,0.21055111289024353,0.013978725299239159,0.055276382714509964,0.0,11.0,0.0,,,,,,,,,,0.75006765,0.7239861,0.7370269,0.49417633,0.10777142,0.30097386,0.852849657735694
285,thumb,nail,M+E+,大拇指,钉,5,4,0.35461515188217163,0.08002661168575287,0.2222222536802292,0.019828813150525093,28.0,1.6457915306091309,大拇指,指甲,0.4603366553783417,0.4805534183979034,0.5,0.4114478826522827,0.09638553857803345,"[{'zh': '拇指', 'rcs': 0.4884990155696869, 'w': 0.5}]","[{'zh': '钉', 'rcs': 0.494232714176178, 'w': 0.41144787488859724}, {'zh': '钉子', 'rcs': 0.4445976316928863, 'w': 0.17710425022280543}]",0.7341771,0.7656059,0.7498915,0.3675213,0.11914565,0.24333346,0.5447473586385163
286,thumb,bingo,M+E-,大拇指,好,5,5,0.019216330721974373,0.15459999442100525,0.0,0.0301204826682806,0.0,2.5,大拇指,好,0.4603366553783417,0.2145953923463821,0.5,1.0,0.0602409653365612,"[{'zh': '拇指', 'rcs': 0.4884990155696869, 'w': 0.5}]",[],0.7341771,0.5805541,0.6573656,0.3675213,0.0044899364,0.1860056,0.8991729207542555
287,thumb,nose,M-E+,大拇指,鼻,5,4,0.08847080171108246,0.021657347679138184,0.023809531703591347,0.0,3.0,0.0,,,,,,,,,,0.7341771,0.79401773,0.76409745,0.3675213,0.15315132,0.2603363,1.076882008664919
288,ticket,train,M+E+,门票,火车,6,5,0.1737700253725052,0.08615820854902267,0.07109005004167557,0.018978623673319817,15.0,1.7080761194229126,车票,火车,0.4166374206542969,0.4068214297294616,0.2846793532371521,0.5,0.13333334028720856,"[{'zh': '门票', 'rcs': 0.3813907504081726, 'w': 0.28467935418816703}, {'zh': '彩票', 'rcs': 0.3290631771087646, 'w': 0.28467935418816703}, {'zh': '票', 'rcs': 0.3064610660076141, 'w': 0.14596193743549893}]","[{'zh': '列车', 'rcs': 0.3996173441410064, 'w': 0.5}]",0.7358287,0.78923094,0.76252985,0.33745766,0.15093203,0.24419484,0.6328942114852755
289,ticket,aircraft,M+E-,门票,飞机,6,8,0.07496078312397003,0.07834376394748688,0.0,0.008340681903064251,0.0,0.8757716417312622,票,飞机,0.3064610660076141,0.5241279602050781,0.1459619402885437,1.0,0.05714285746216774,"[{'zh': '门票', 'rcs': 0.3813907504081726, 'w': 0.28467935418816703}, {'zh': '车票', 'rcs': 0.4166374206542969, 'w': 0.28467935418816703}, {'zh': '彩票', 'rcs': 0.3290631771087646, 'w': 0.28467935418816703}]",[],0.7358287,0.7968302,0.7663294,0.33745766,0.10313904,0.22029835,1.3201772458111334
290,ticket,machine,M-E+,门票,机器,6,7,0.058921340852975845,0.013027097098529339,0.023696687072515488,0.0,5.0,0.0,,,,,,,,,,0.7358287,0.76626587,0.75104725,0.33745766,0.51058114,0.4240194,0.6838216587220112
291,tribe,clan,M+E+,族,帮派,5,4,0.3911159932613373,0.08108333498239517,0.056179776787757874,0.016304347664117813,10.0,1.5,族,家族,0.3651827275753021,0.3892642855644226,0.5,0.3333333432674408,0.09782608598470688,"[{'zh': '部落', 'rcs': 0.4054463803768158, 'w': 0.5}]","[{'zh': '帮派', 'rcs': 0.2109794467687606, 'w': 0.3333333333333333}, {'zh': '氏族', 'rcs': 0.430666834115982, 'w': 0.3333333333333333}]",0.74247134,0.7459474,0.7442094,0.24318637,0.19057105,0.21687871,0.8349389387825563
292,tribe,warfare,M+E-,族,战争,5,7,0.03411553055047989,0.04741020128130913,0.0,0.011809935793280602,0.0,0.9802247285842896,部落,战争,0.4054463803768158,0.2952758073806762,0.5,0.6534831523895264,0.03614457696676254,"[{'zh': '族', 'rcs': 0.3651827275753021, 'w': 0.5}]","[{'zh': '斗争', 'rcs': 0.2138779163360595, 'w': 0.34651687342254717}]",0.74247134,0.75921524,0.7508433,0.24318637,0.2201114,0.23164889,1.4813530256109941
293,tribe,band,M-E+,族,乐队,5,4,0.07544049620628357,0.019899999722838402,0.02808988094329834,0.0,5.0,0.0,,,,,,,,,,0.74247134,0.7856084,0.7640399,0.24318637,0.5359053,0.38954583,1.3452814118035785
294,trunk,tree,M+E+,树干,大树,5,4,0.1239413172006607,0.18001596629619598,0.1428571343421936,0.01203926932066679,26.0,1.3965551853179932,树桩,大树,0.4005113244056701,0.3920817971229553,0.2828191816806793,0.38945695757865906,0.05050504952669144,"[{'zh': '树干', 'rcs': 0.4448303580284118, 'w': 0.7171808167341409}]","[{'zh': '树', 'rcs': 0.3510806560516357, 'w': 0.3894569459129817}, {'zh': '树木', 'rcs': 0.4441355466842651, 'w': 0.22108610817403662}]",0.48890853,0.80540377,0.6471561,0.081536956,0.4329255,0.25723124,0.8496039255497315
295,trunk,rough,M+E-,树干,粗糙,5,5,0.03875303640961647,0.06436499208211899,0.0,0.020172148942947388,0.0,2.3399691581726074,树干,粗糙,0.4448303580284118,0.2128840833902359,0.7171807885169983,0.6525465250015259,0.043103449046611786,"[{'zh': '树桩', 'rcs': 0.4005113244056701, 'w': 0.2828191832658591}]","[{'zh': '粗', 'rcs': 0.2246107459068298, 'w': 0.347453464119419}]",0.48890853,0.7057622,0.59733534,0.081536956,0.39005485,0.2357959,0.8924714351807262
296,trunk,suitcase,M-E+,树干,行李箱,5,8,0.3581017553806305,0.017989903688430786,0.07692307978868484,0.0,14.0,0.0,,,,,,,,,,0.48890853,0.7877254,0.638317,0.081536956,0.3202893,0.20091313,1.4908082219250356
297,tube,straw,M+E+,管,草,4,5,0.06900326162576675,0.049394018948078156,0.018099548295140266,0.009339765645563602,4.0,0.9339765310287476,管子,吸管,0.453959584236145,0.3520115315914154,0.3367549479007721,0.39620864391326904,0.07000000029802322,"[{'zh': '管', 'rcs': 0.3676127791404724, 'w': 0.3460718362106314}, {'zh': '电视机', 'rcs': 0.3481714725494385, 'w': 0.31717321065961124}]","[{'zh': '草', 'rcs': 0.3442866504192352, 'w': 0.6037913574663232}]",0.7207436,0.7525633,0.73665345,0.20718074,0.042951714,0.12506622,0.7149460088615482
298,tube,sofa,M+E-,管,沙发,4,4,0.03226287290453911,0.05855017527937889,0.0,0.009149227291345596,0.0,0.9515196084976196,电视机,沙发,0.3481714725494385,0.5028690695762634,0.31717321276664734,1.0,0.028846153989434242,"[{'zh': '管', 'rcs': 0.3676127791404724, 'w': 0.3460718362106314}, {'zh': '管子', 'rcs': 0.453959584236145, 'w': 0.3367549531297574}]",[],0.7207436,0.77522755,0.7479856,0.20718074,0.3154043,0.26129252,0.561256837989382
299,tube,test,M-E+,管,检验,4,4,0.05875268206000328,0.009458951652050018,0.027149317786097527,0.0,6.0,0.0,,,,,,,,,,0.7207436,0.7457604,0.733252,0.20718074,0.16328792,0.18523434,1.2135771736235816
300,tunnel,train,M+E+,隧道,火车,6,5,0.19469963014125824,0.17489999532699585,0.10857142508029938,0.0694444477558136,19.0,7.5,隧道,火车,0.5290884971618652,0.4068214297294616,1.0,0.5,0.1388888955116272,[],"[{'zh': '列车', 'rcs': 0.3996173441410064, 'w': 0.5}]",0.7858948,0.78923094,0.78756285,0.53203756,0.15093203,0.34148479,1.025588765388497
301,tunnel,length,M+E-,隧道,长度,6,6,0.038459666073322296,0.10050323605537415,0.0,0.00999588891863823,0.0,1.0795559883117676,隧道,长,0.5290884971618652,0.256422221660614,1.0,0.35985198616981506,0.02777777798473835,[],"[{'zh': '长度', 'rcs': 0.4575222134590149, 'w': 0.640148006083392}]",0.7858948,0.7554534,0.7706741,0.53203756,0.71451336,0.62327546,0.864706799273522
302,tunnel,tube,M-E+,隧道,管,6,4,0.2181505262851715,0.03795228153467178,0.04571428894996643,0.0,8.0,0.0,,,,,,,,,,0.7858948,0.7207436,0.7533192,0.53203756,0.20718074,0.36960915,0.9714410704512598
303,turtle,shell,M+E+,乌龟,贝壳,6,5,0.293546199798584,0.06374914199113846,0.21296297013759613,0.013569585978984833,46.0,1.370528221130371,乌龟,壳,0.5357335805892944,0.5318855047225952,0.7492443323135376,0.2613162696361542,0.06930693238973618,"[{'zh': '龟', 'rcs': 0.5089389085769653, 'w': 0.2507556634975731}]","[{'zh': '贝壳', 'rcs': 0.3945035934448242, 'w': 0.4211053524856641}, {'zh': '骨架', 'rcs': 0.4344162046909332, 'w': 0.18907589993328658}, {'zh': '炮弹', 'rcs': 0.3182783424854278, 'w': 0.1285024854830877}]",0.81603044,0.8229971,0.8195138,0.38958013,0.36660066,0.37809038,0.5378560898345072
304,turtle,skin,M+E-,乌龟,皮肤,6,4,0.03793904930353165,0.04433359578251839,0.0,0.009436811320483685,0.0,0.9531179070472717,乌龟,壳,0.5357335805892944,0.3820466101169586,0.7492443323135376,0.18172936141490936,0.06930693238973618,"[{'zh': '龟', 'rcs': 0.5089389085769653, 'w': 0.2507556634975731}]","[{'zh': '皮肤', 'rcs': 0.5646045207977295, 'w': 0.47892636749906364}, {'zh': '剥皮', 'rcs': 0.3006784617900848, 'w': 0.17885542186769768}, {'zh': '毛皮', 'rcs': 0.363589197397232, 'w': 0.16048884487323642}]",0.81603044,0.7957984,0.8059144,0.38958013,0.27219588,0.330888,1.115178681360891
305,turtle,neck,M-E+,乌龟,领子,6,4,0.11556398868560791,0.02453775145113468,0.027777783572673798,0.0,6.0,0.0,,,,,,,,,,0.81603044,0.74555004,0.7807902,0.38958013,0.30248174,0.34603095,1.1826015258742242
306,twist,lemon,M+E+,拧,柠檬,5,5,0.16793401539325714,0.17970000207424164,0.03465346246957779,0.0416666679084301,7.0,3.0,拧,柠檬,0.2425645291805267,0.5310279726982117,1.0,1.0,0.0416666679084301,[],[],0.68939376,0.8096661,0.74952996,0.10314945,0.6100002,0.35657483,1.02996643657282
307,twist,towel,M+E-,拧,纸巾,5,5,0.03328624367713928,0.08777587115764618,0.0,0.04461145028471947,0.0,3.212024450302124,拧,毛巾,0.2425645291805267,0.544564962387085,1.0,0.29200223088264465,0.1527777761220932,[],"[{'zh': '纸巾', 'rcs': 0.4714272916316986, 'w': 0.29200223595986147}, {'zh': '手巾', 'rcs': 0.4699572324752807, 'w': 0.29200223595986147}, {'zh': '抹布', 'rcs': 0.4854107499122619, 'w': 0.12399329212041563}]",0.68939376,0.7789504,0.7341721,0.10314945,0.28712675,0.1951381,0.9007744215341688
308,twist,shout,M-E+,拧,叫,5,5,0.09173288941383362,0.020636435598134995,0.12376238405704498,0.0,25.0,0.0,,,,,,,,,,0.68939376,0.7077442,0.69856894,0.10314945,0.15875797,0.13095371,0.29073192437843715
309,urine,yellow,M+E+,尿,黄色,5,6,0.10065480321645737,0.1614047735929489,0.14163091778755188,0.06577211618423462,33.0,5.2617692947387695,尿,黄色,0.544859766960144,0.5010339617729187,0.6577211618423462,1.0,0.10000000149011612,"[{'zh': '小便', 'rcs': 0.3024432063102722, 'w': 0.342278844307838}]",[],0.7513646,0.8135123,0.78243846,0.56721705,0.44301888,0.50511795,1.1724337808477414
310,urine,trousers,M+E-,尿,长裤,5,8,0.023436300456523895,0.033986933529376984,0.0,0.008010748773813248,0.0,0.640859842300415,尿,裤子,0.544859766960144,0.5765299797058105,0.6577211618423462,0.32478800415992737,0.03750000149011612,"[{'zh': '小便', 'rcs': 0.3024432063102722, 'w': 0.342278844307838}]","[{'zh': '长裤', 'rcs': 0.5876520276069641, 'w': 0.3475618315558301}, {'zh': '裤', 'rcs': 0.5567807555198669, 'w': 0.32765016186362866}]",0.7513646,0.8196648,0.7855147,0.56721705,0.35095483,0.45908594,1.4609548219655384
311,urine,sample,M-E+,尿,样品,5,6,0.15465913712978363,0.011378576047718525,0.021459221839904785,0.0,5.0,0.0,,,,,,,,,,0.7513646,0.7364049,0.74388474,0.56721705,0.13183837,0.34952772,1.2505016660961463
312,valley,river,M+E+,山谷,河流,6,5,0.2577868402004242,0.10768329352140427,0.13913042843341827,0.013314205221831799,16.0,1.0784505605697632,流域,河流,0.44387087225914,0.4896267354488373,0.3196455240249634,0.26418840885162354,0.12359550595283508,"[{'zh': '山谷', 'rcs': 0.5051570534706116, 'w': 0.6803544613277362}]","[{'zh': '小溪', 'rcs': 0.4996245503425598, 'w': 0.26418839524532906}, {'zh': '河', 'rcs': 0.4457035362720489, 'w': 0.26418839524532906}, {'zh': '溪流', 'rcs': 0.4985944032669067, 'w': 0.1300043317852566}, {'zh': '溪', 'rcs': 0.4290595948696136, 'w': 0.07743048247875631}]",0.77477074,0.82681257,0.8007916,0.3641326,0.5053446,0.43473864,0.668080389262702
313,valley,bird,M+E-,山谷,鸟,6,4,0.02304886095225811,0.06129993498325348,0.0,0.01259915716946125,0.0,1.0205316543579102,山谷,鸟,0.5051570534706116,0.5118882656097412,0.6803544759750366,0.5,0.03703703731298447,"[{'zh': '流域', 'rcs': 0.44387087225914, 'w': 0.31964553867226375}]","[{'zh': '姑娘', 'rcs': 0.2078591585159301, 'w': 0.5}]",0.77477074,0.75772154,0.76624614,0.3641326,0.18096685,0.27254975,1.0557947870661275
314,valley,shadow,M-E+,山谷,影子,6,6,0.08894247561693192,0.023200087249279022,0.026086969301104546,0.0,3.0,0.0,,,,,,,,,,0.77477074,0.76656234,0.77066654,0.3641326,0.42770177,0.39591718,0.190876277591981
315,waist,belt,M+E+,腰,带,5,4,0.2892095446586609,0.06969191879034042,0.14146342873573303,0.011434902437031269,29.0,0.9147921800613403,腰部,腰带,0.5781868696212769,0.4163514971733093,0.5,0.304930716753006,0.07500000298023224,"[{'zh': '腰', 'rcs': 0.5037955045700073, 'w': 0.5}]","[{'zh': '带', 'rcs': 0.2452611625194549, 'w': 0.3271426424436043}, {'zh': '皮带', 'rcs': 0.4041090309619903, 'w': 0.19097368060181708}, {'zh': '带子', 'rcs': 0.2921146154403686, 'w': 0.17695295689897544}]",0.7317434,0.76060283,0.74617314,0.2082112,0.30838487,0.25829804,0.9846017977938872
316,waist,acid,M+E-,腰,酸,5,4,0.016666477546095848,0.060100000351667404,0.0,0.019736841320991516,0.0,1.5,腰,酸,0.5037955045700073,0.5728314518928528,0.5,1.0,0.03947368264198303,"[{'zh': '腰部', 'rcs': 0.5781868696212769, 'w': 0.5}]",[],0.7317434,0.70554024,0.7186418,0.2082112,0.17999974,0.19410548,0.7459816952406187
317,waist,band,M-E+,腰,乐队,5,4,0.10294310003519058,0.01209999993443489,0.029268288984894753,0.0,6.0,0.0,,,,,,,,,,0.7317434,0.7856084,0.75867593,0.2082112,0.5359053,0.37205824,1.354974389693368
318,waiter,tray,M+E+,服务员,盘,6,4,0.39093440771102905,0.13313598930835724,0.03720930218696594,0.012306895107030869,8.0,1.1076204776763916,服务员,托盘,0.44697305560112,0.5686237215995789,1.0,0.36920684576034546,0.03333333507180214,[],"[{'zh': '盘', 'rcs': 0.3201288282871246, 'w': 0.36920685987704865}, {'zh': '碟', 'rcs': 0.3903550803661346, 'w': 0.26158628024590264}]",0.7142308,0.783063,0.74864686,0.4636184,0.06737667,0.26549754,1.0086990373473828
319,waiter,cheers,M+E-,服务员,谢谢,6,6,0.07565858215093613,0.13657376170158386,0.0,0.022716861218214035,0.0,2.0445175170898438,服务员,谢谢,0.44697305560112,0.3583634495735168,1.0,0.6815057992935181,0.03333333507180214,[],"[{'zh': '再见', 'rcs': 0.3508387804031372, 'w': 0.31849418447482974}]",0.7142308,0.56731725,0.640774,0.4636184,0.20484553,0.33423197,1.1518270651364588
320,waiter,table,M-E+,服务员,表,6,5,0.24300867319107056,0.02540000155568123,0.041860468685626984,0.0,9.0,0.0,,,,,,,,,,0.7142308,0.6845784,0.6994046,0.4636184,0.04760247,0.25561044,1.2432954748578626
321,weight,mass,M+E+,体重,大多数,6,4,0.335820734500885,0.044126879423856735,0.14765100181102753,0.011012173257768154,22.0,1.222351312637329,重量,质量,0.4664914011955261,0.4025217890739441,0.38632652163505554,0.31640365719795227,0.09009008854627609,"[{'zh': '体重', 'rcs': 0.2601625919342041, 'w': 0.38632652754929114}, {'zh': '高度', 'rcs': 0.3531632423400879, 'w': 0.10823306891676099}, {'zh': '固定', 'rcs': 0.2965547740459442, 'w': 0.07704953730344298}, {'zh': '压力', 'rcs': 0.206294909119606, 'w': 0.042064338681213814}]","[{'zh': '大多数', 'rcs': 0.2543220221996307, 'w': 0.4019633616783435}, {'zh': '多数', 'rcs': 0.2426012307405471, 'w': 0.2816329739179141}]",0.71597356,0.6085891,0.66228133,0.20806132,0.17297293,0.19051713,1.1497357225421294
322,weight,meat,M+E-,体重,肉,6,4,0.026687057688832283,0.1097167357802391,0.0,0.01125222910195589,0.0,1.1589795351028442,体重,肉,0.2601625919342041,0.5685207843780518,0.38632652163505554,1.0,0.029126213863492012,"[{'zh': '重量', 'rcs': 0.4664914011955261, 'w': 0.38632652754929114}, {'zh': '高度', 'rcs': 0.3531632423400879, 'w': 0.10823306891676099}, {'zh': '固定', 'rcs': 0.2965547740459442, 'w': 0.07704953730344298}, {'zh': '压力', 'rcs': 0.206294909119606, 'w': 0.042064338681213814}]",[],0.71597356,0.8459676,0.7809706,0.20806132,0.49032253,0.34919193,1.3263068664452873
323,weight,light,M-E+,体重,电灯,6,5,0.08501310646533966,0.00377777311950922,0.03355705365538597,0.0,5.0,0.0,,,,,,,,,,0.71597356,0.7564144,0.736194,0.20806132,0.788583,0.49832216,0.985511103494112
324,wire,phone,M+E+,电线,电话,4,5,0.27605703473091125,0.0931621789932251,0.019867554306983948,0.00992776919156313,3.0,0.9133546948432922,电线,手机,0.4526078999042511,0.4162161350250244,0.6826590895652771,0.3310316503047943,0.032608695328235626,"[{'zh': '电缆', 'rcs': 0.4007912278175354, 'w': 0.3173408934969921}]","[{'zh': '电话', 'rcs': 0.4296647608280182, 'w': 0.6689683530984972}]",0.7544293,0.7446308,0.7495301,0.2629307,0.08842685,0.17567877,1.3327581428201385
325,wire,sky,M+E-,电线,蓝天,4,3,0.03259509429335594,0.02434004656970501,0.0,0.014840415678918362,0.0,1.3653181791305542,电线,天空,0.4526078999042511,0.3954683542251587,0.6826590895652771,0.5,0.043478261679410934,"[{'zh': '电缆', 'rcs': 0.4007912278175354, 'w': 0.3173408934969921}]","[{'zh': '蓝天', 'rcs': 0.2938329875469208, 'w': 0.5}]",0.7544293,0.78652537,0.7704773,0.2629307,0.6850841,0.4740074,0.6072814676870415
326,wire,metal,M-E+,电线,金属,4,5,0.15960082411766052,0.040959544479846954,0.09271522611379623,0.0,14.0,0.0,,,,,,,,,,0.7544293,0.79557395,0.77500165,0.2629307,0.69042593,0.4766783,0.5387091035445115
327,writer,novel,M+E+,作家,小说,6,5,0.37533506751060486,0.23114843666553497,0.06222222372889519,0.05979107320308685,14.0,5.793193817138672,作者,小说,0.32391357421875,0.521359920501709,0.4733459949493408,1.0,0.12631578743457794,"[{'zh': '作家', 'rcs': 0.5219505429267883, 'w': 0.5266540000432389}]",[],0.74560267,0.7521042,0.74885345,0.41138986,0.10797054,0.2596802,0.6758002414993565
328,writer,volume,M+E-,作家,卷,6,6,0.026840783655643463,0.07319135963916779,0.0,0.014898435212671757,0.0,1.4153512716293335,作者,书,0.32391357421875,0.3105139434337616,0.4733459949493408,0.3737623393535614,0.08421052992343903,"[{'zh': '作家', 'rcs': 0.5219505429267883, 'w': 0.5266540000432389}]","[{'zh': '卷', 'rcs': 0.2456445693969726, 'w': 0.4710926004976253}, {'zh': '体积', 'rcs': 0.2032073885202407, 'w': 0.15514505981621135}]",0.74560267,0.5494763,0.6475395,0.41138986,0.056216206,0.23380303,1.342966555534218
329,writer,paper,M-E+,作家,文件,6,5,0.2909233868122101,0.04037828370928764,0.0533333383500576,0.0,12.0,0.0,,,,,,,,,,0.74560267,0.71140915,0.7285059,0.41138986,0.3958666,0.40362823,1.0961496652046618
330,yell,scream,M+E+,呐喊,尖叫,4,6,0.391147255897522,0.17288082838058472,0.18055561184883118,0.00895932037383318,39.0,0.9112927913665771,喊叫,尖叫,0.4403048455715179,0.4471179246902466,0.2278231978416443,1.0,0.03883495181798935,"[{'zh': '呐喊', 'rcs': 0.2807372212409973, 'w': 0.4390066994987985}, {'zh': '欢呼', 'rcs': 0.3175866305828094, 'w': 0.18876978998664773}, {'zh': '叫嚷', 'rcs': 0.393348753452301, 'w': 0.14440030688877328}]",[],0.75857437,0.7379725,0.74827343,0.42855528,0.41177428,0.42016476,1.0793620048741162
331,yell,stink,M+E-,呐喊,吵闹,4,5,0.016604945063591003,0.10632742196321487,0.0,0.019352618604898453,0.0,1.8772040605545044,叫嚷,吵闹,0.393348753452301,0.2834409177303314,0.14440031349658966,1.0,0.1340206116437912,"[{'zh': '呐喊', 'rcs': 0.2807372212409973, 'w': 0.4390066994987985}, {'zh': '喊叫', 'rcs': 0.4403048455715179, 'w': 0.22782320362578054}, {'zh': '欢呼', 'rcs': 0.3175866305828094, 'w': 0.18876978998664773}]",[],0.75857437,0.36970693,0.5641407,0.42855528,0.0025999595,0.21557762,0.5338027234165845
332,yell,rebel,M-E+,呐喊,造反,4,5,0.12877345085144043,0.010878478176891804,0.013888893648982048,0.0,3.0,0.0,,,,,,,,,,0.75857437,0.71818614,0.73838025,0.42855528,0.17915878,0.30385703,1.1075987211680727
