stim_id,cue_en,target_en,condition,route_cue_zh,route_target_zh,delete,changed,reason,rw_en,"rw_zh, alignment weighted",str_en,"str_zh, alignment weighted",cnt_en,"cnt_zh, alignment weighted",cue_sim_cos_rw,target_sim_cos_rw,pair_sim_cos_rw,route_cue_rcs,route_target_rcs,route_cue_w,route_target_w,route_s_zh,route_cue_other_translations,route_target_other_translations,cov_distance,cue_sim_cos_str,target_sim_cos_str,pair_sim_cos_str,cue_zh,target_zh,cue_len,target_len
0,animal,cat,M+E+,动物,猫,,,,0.30554860830307000,0.22752249240875200,0.14457830786705000,0.06921393424272540,24.0,10.036020278930700,0.84472525,0.82852244,0.83662385,0.5035275816917420,0.4880292117595670,0.5903541445732120,1.0,0.11724138259887700,"[{'zh': '兽', 'rcs': 0.3038774132728576, 'w': 0.2910345454408785}, {'zh': '牲畜', 'rcs': 0.2842504382133484, 'w': 0.11861132141469986}]",[],1.488277109658930,0.6573555,0.70452857,0.68094206,动物,猫,6,3
1,animal,world,M+E-,动物,世界,,,,0.04042018577456470,0.03589353337883950,0.0,0.02442844770848750,0.0,3.5421247482299800,0.84472525,0.7565454,0.80063534,0.5035275816917420,0.2459629625082020,0.5903541445732120,1.0,0.04137931019067760,"[{'zh': '兽', 'rcs': 0.3038774132728576, 'w': 0.2910345454408785}, {'zh': '牲畜', 'rcs': 0.2842504382133484, 'w': 0.11861132141469986}]",[],1.3570367305685900,0.6573555,0.47041208,0.5638838,动物,世界,6,5
2,animal,kingdom,M-E+,,,,,,0.1099073588848110,0.03878626972436910,0.024096384644508400,0.0,4.0,0.0,0.84472525,0.7754183,0.81007177,,,,,,,,1.0999119131638300,0.6573555,0.27346176,0.46540862,动物,王国,6,7
3,author,novel,M+E+,作者,小说,,,,0.45325803756713900,0.1567145138978960,0.043668121099472000,0.04411748796701430,10.0,4.191161632537840,0.7721143,0.7521042,0.7621093,0.4292629063129430,0.521359920501709,0.349263459444046,1.0,0.12631578743457800,"[{'zh': '作家', 'rcs': 0.5371952652931213, 'w': 0.3017924982462423}, {'zh': '写作', 'rcs': 0.2703870832920074, 'w': 0.21036091366891385}, {'zh': '著作', 'rcs': 0.4064566791057586, 'w': 0.13858312553074836}]",[],0.5038525045203680,0.32956252,0.10797054,0.21876653,作者,小说,6,5
4,author,volume,M+E-,著作,书,y,,poor translation,0.028228644281625700,0.054005034267902400,0.0,0.010992971248924700,0.0,1.0443322658538800,0.7721143,0.5494763,0.66079533,0.4064566791057590,0.3105139434337620,0.13858312368392900,0.3737623393535610,0.09195402264595030,"[{'zh': '作者', 'rcs': 0.4292629063129425, 'w': 0.3492634625540954}, {'zh': '作家', 'rcs': 0.5371952652931213, 'w': 0.3017924982462423}, {'zh': '写作', 'rcs': 0.2703870832920074, 'w': 0.21036091366891385}]","[{'zh': '卷', 'rcs': 0.2456445693969726, 'w': 0.4710926004976253}, {'zh': '体积', 'rcs': 0.2032073885202407, 'w': 0.15514505981621135}]",1.1162503716925700,0.32956252,0.056216206,0.19288936,作者,卷,6,6
5,author,title,M-E+,,,,,,0.31767088174819900,0.009566822089254860,0.021834060549736000,0.0,5.0,0.0,0.7721143,0.3663952,0.56925476,,,,,,,,1.1045123961806200,0.32956252,0.0030042636,0.16628338,作者,冠军,6,5
6,award,trophy,M+E+,奖,奖杯,,,,0.48553237318992600,0.2970958948135380,0.11267605423927300,0.02871728502213960,24.0,3.331205129623410,0.719095,0.7523289,0.73571193,0.3378996849060060,0.2394146025180820,0.21124403178691900,1.0,0.11538461595773700,"[{'zh': '奖状', 'rcs': 0.2945268452167511, 'w': 0.4758864219094916}, {'zh': '奖学金', 'rcs': 0.2771758139133453, 'w': 0.1341402113237985}, {'zh': '奖励', 'rcs': 0.2158609181642532, 'w': 0.10594170804027137}, {'zh': '奖金', 'rcs': 0.2081794291734695, 'w': 0.07278762659723526}]",[],0.9008148329811740,0.5372194,0.14404662,0.340633,奖状,奖杯,5,6
7,award,pupil,M+E-,奖学金,学生,,,,0.03483842313289640,0.07538040727376940,0.0,0.016409877687692600,0.0,1.9035457372665400,0.719095,0.7207131,0.71990407,0.2771758139133450,0.3569338321685790,0.13414020836353300,1.0,0.03846153989434240,"[{'zh': '奖状', 'rcs': 0.2945268452167511, 'w': 0.4758864219094916}, {'zh': '奖', 'rcs': 0.3378996849060058, 'w': 0.2112440321292032}, {'zh': '奖励', 'rcs': 0.2158609181642532, 'w': 0.10594170804027137}, {'zh': '奖金', 'rcs': 0.2081794291734695, 'w': 0.07278762659723526}]",[],0.8526757098257220,0.5372194,0.26879975,0.4030096,奖状,学生,5,5
8,award,ribbon,M-E+,,,,,,0.21540814638137800,0.015354295261204200,0.014084506779909100,0.0,3.0,0.0,0.719095,0.7566797,0.7378874,,,,,,,,0.9912386152531760,0.5372194,0.4454856,0.4913525,奖状,丝带,5,6
9,barrel,wood,M+E+,桶,木,,,,0.08729492872953420,0.06272943317890170,0.08372092992067340,0.016880296170711500,18.0,1.5867478847503700,0.72587246,0.72057724,0.7232249,0.4394333362579350,0.2228804677724840,1.0,0.26445797085762000,0.06382978707551960,[],"[{'zh': '林地', 'rcs': 0.3142346739768982, 'w': 0.2644579592310321}, {'zh': '树林', 'rcs': 0.3620069622993469, 'w': 0.2644579592310321}, {'zh': '木头', 'rcs': 0.5249272584915161, 'w': 0.14812697031238062}, {'zh': '木材', 'rcs': 0.4958810210227966, 'w': 0.05849915199452298}]",1.0933451347483600,0.19569644,0.37188697,0.28379172,桶,林地,6,4
10,barrel,rice,M+E-,桶,饭,,y,duplicate route,0.06198134273290630,0.0687749981880188,0.0,0.01595744676887990,0.0,1.5,0.72587246,0.86023504,0.79305375,0.4394333362579350,0.4602023959159850,1.0,0.25,0.06382978707551960,[],"[{'zh': '米饭', 'rcs': 0.5950742959976196, 'w': 0.25}, {'zh': '大米', 'rcs': 0.5953600406646729, 'w': 0.25}, {'zh': '米', 'rcs': 0.2004998624324798, 'w': 0.25}]",0.9885828218944940,0.19569644,0.17163135,0.1836639,桶,米饭,6,4
11,barrel,monkey,M-E+,,,,,,0.0991058349609375,0.02192801795899870,0.03720930218696590,0.0,8.0,0.0,0.72587246,0.803336,0.7646042,,,,,,,,0.6215740968782990,0.19569644,0.5658823,0.3807894,桶,猴子,6,6
12,belt,leather,M+E+,腰带,皮革,,,,0.27463361620903000,0.12389335036277800,0.10849056392908100,0.010164357721805600,23.0,0.9147921800613400,0.76060283,0.7873352,0.77396905,0.4163514971733090,0.6170324683189390,0.304930716753006,1.0,0.03333333507180210,"[{'zh': '带', 'rcs': 0.2452611625194549, 'w': 0.3271426424436043}, {'zh': '皮带', 'rcs': 0.4041090309619903, 'w': 0.19097368060181708}, {'zh': '带子', 'rcs': 0.2921146154403686, 'w': 0.17695295689897544}]",[],1.4911704272879200,0.30838487,0.21277216,0.2605785,带,皮革,4,7
13,belt,sack,M+E-,带,袋子,,,,0.04250582680106160,0.08895009011030200,0.0,0.01078492309898140,0.0,0.9814279675483700,0.76060283,0.7359671,0.74828494,0.2452611625194550,0.2280734628438950,0.3271426558494570,1.0,0.032967034727335000,"[{'zh': '腰带', 'rcs': 0.4163514971733093, 'w': 0.3049307200556031}, {'zh': '皮带', 'rcs': 0.4041090309619903, 'w': 0.19097368060181708}, {'zh': '带子', 'rcs': 0.2921146154403686, 'w': 0.17695295689897544}]",[],0.34696536682848700,0.30838487,0.12801418,0.21819952,带,袋子,4,4
14,belt,loop,M-E+,,,,,,0.1866176426410680,0.011796684935689000,0.04245283082127570,0.0,9.0,0.0,0.76060283,0.65861017,0.7096065,,,,,,,,0.9150409552957740,0.30838487,0.543234,0.42580944,带,圈,4,4
15,bench,park,M+E+,长椅,公园,,,,0.2968735992908480,0.13757529854774500,0.1593625545501710,0.12394170463085200,40.0,15.492713928222700,0.7617733,0.78119713,0.7714852,0.2888665795326230,0.5533136129379270,1.0,0.38731783628463700,0.3199999928474430,[],"[{'zh': '庭院', 'rcs': 0.3167878687381744, 'w': 0.3873178485052622}, {'zh': '停车场', 'rcs': 0.4356929063796997, 'w': 0.16419304137673238}, {'zh': '庄园', 'rcs': 0.3247393667697906, 'w': 0.06117126161274324}]",1.195640905863260,0.66365933,0.1420726,0.40286598,长椅,庭院,5,4
16,bench,lover,M+E-,长椅,情侣,,,,0.009054317139089110,0.040962573140859600,0.0,0.012401157990098,0.0,1.5501446723938000,0.7617733,0.74432623,0.75304973,0.2888665795326230,0.3756688237190250,1.0,0.3875361680984500,0.03200000151991840,[],"[{'zh': '情人', 'rcs': 0.4167958498001098, 'w': 0.3875361571585559}, {'zh': '爱人', 'rcs': 0.4504662752151489, 'w': 0.22492768568288826}]",1.241096753358520,0.66365933,0.23645446,0.4500569,长椅,情人,5,5
17,bench,press,M-E+,,,,?,synonym in en,0.10324922204017600,0.013100000098347700,0.03187251091003420,0.0,8.0,0.0,0.7617733,0.6138731,0.6878232,,,,,,,,1.3420434166556500,0.66365933,0.00453229,0.3340958,长椅,评论,5,5
18,blast,bomb,M+E+,爆炸,炸弹,,,,0.4350455403327940,0.15305694937706000,0.13385826349258400,0.013891114853322500,17.0,1.5280226469039900,0.78289163,0.8075657,0.79522866,0.4362828135490420,0.4657172560691830,0.7640113234519960,0.3333333432674410,0.05454545468091970,"[{'zh': '响声', 'rcs': 0.3306280076503753, 'w': 0.23598869700517877}]","[{'zh': '核弹', 'rcs': 0.368561178445816, 'w': 0.3333333333333333}, {'zh': '轰炸', 'rcs': 0.3353384733200073, 'w': 0.3333333333333333}]",1.1955943660292500,0.20434366,0.3391666,0.27175513,爆炸,核弹,5,4
19,blast,voice,M+E-,响声,声音,,,,0.0399295836687088,0.0795045867562294,0.0,0.01685633510351180,0.0,1.6519207954406700,0.78289163,0.7235539,0.75322276,0.3306280076503750,0.4346926212310790,0.23598869144916500,1.0,0.0714285746216774,"[{'zh': '爆炸', 'rcs': 0.4362828135490417, 'w': 0.7640113029948211}]",[],0.9294008697144910,0.20434366,0.20194404,0.20314385,爆炸,声音,5,5
20,blast,party,M-E+,,,,,,0.06412847340106960,0.01722845435142520,0.06299212574958800,0.0,8.0,0.0,0.78289163,0.5295197,0.65620565,,,,,,,,1.4424811986953100,0.20434366,0.051740978,0.12804233,爆炸,党派,5,5
21,block,street,M+E+,街区,街道,,,,0.17185312509536700,0.08155160397291180,0.04830917716026310,0.022198162972927100,10.0,2.3974015712738000,0.5981291,0.77889574,0.68851244,0.3015282750129700,0.4668838083744050,0.3003528416156770,0.4434416890144350,0.1666666716337200,"[{'zh': '大楼', 'rcs': 0.2855587303638458, 'w': 0.30035285066531436}, {'zh': '立方体', 'rcs': 0.3033852279186249, 'w': 0.30035285066531436}, {'zh': '块', 'rcs': 0.3588471710681915, 'w': 0.0989414480040568}]","[{'zh': '街', 'rcs': 0.5340383648872375, 'w': 0.2582630918582018}, {'zh': '路', 'rcs': 0.428592711687088, 'w': 0.17541440449220072}, {'zh': '大街', 'rcs': 0.5593153238296509, 'w': 0.12288080151686276}]",0.8891773781149380,0.13787603,0.3035475,0.22071177,大楼,街道,5,6
22,block,mansion,M+E-,大楼,大厦,?,,poor translation,0.045758865773677800,0.1821640133857730,0.0,0.036042340099811600,0.0,3.604234218597410,0.5981291,0.605979,0.60205406,0.2855587303638460,0.4652509689331050,0.3003528416156770,1.0,0.11999999731779100,"[{'zh': '街区', 'rcs': 0.3015282750129699, 'w': 0.30035285066531436}, {'zh': '立方体', 'rcs': 0.3033852279186249, 'w': 0.30035285066531436}, {'zh': '块', 'rcs': 0.3588471710681915, 'w': 0.0989414480040568}]",[],1.4402009273260700,0.13787603,0.01085868,0.07436736,大楼,大厦,5,7
23,block,toy,M-E+,,,,,,0.09373296052217480,0.036282625049352600,0.04830917716026310,0.0,10.0,0.0,0.5981291,0.7505278,0.67432845,,,,,,,,1.1594116762146500,0.13787603,0.20527373,0.17157489,大楼,玩具,5,3
24,border,state,M+E+,边界,国家,,,,0.16155199706554400,0.09998095780611040,0.03086419776082040,0.01081028301268820,5.0,1.167510747909550,0.6317142,0.7015089,0.66661155,0.3967014253139500,0.2936394810676570,0.1590379923582080,0.734108030796051,0.09259258955717090,"[{'zh': '边境', 'rcs': 0.4416214823722839, 'w': 0.4204810016270035}, {'zh': '边疆', 'rcs': 0.2616983354091644, 'w': 0.4204810016270035}]","[{'zh': '规定', 'rcs': 0.2473006099462509, 'w': 0.26589196465579745}]",1.3195349259653600,0.21258223,0.25638014,0.23448119,边境,国家,6,5
25,border,soldier,M+E-,边疆,战士,,,,0.044731561094522500,0.05734517052769660,0.0,0.009503674693405630,0.0,1.0644115209579500,0.6317142,0.75581336,0.6937638,0.2616983354091640,0.3228359520435330,0.42048099637031600,0.31642675399780300,0.0714285746216774,"[{'zh': '边境', 'rcs': 0.4416214823722839, 'w': 0.4204810016270035}, {'zh': '边界', 'rcs': 0.3967014253139496, 'w': 0.15903799674599292}]","[{'zh': '兵', 'rcs': 0.3273873627185821, 'w': 0.3164267561764707}, {'zh': '军人', 'rcs': 0.4203858375549316, 'w': 0.18820543137467238}, {'zh': '士兵', 'rcs': 0.4214936792850494, 'w': 0.17894105627238624}]",0.7699646229619350,0.21258223,0.31563348,0.26410785,边境,战士,6,7
26,border,barrier,M-E+,,,,,,0.18023288249969500,0.015557796694338300,0.02469135820865630,0.0,4.0,0.0,0.6317142,0.6874486,0.6595814,,,,,,,,1.0066423638169700,0.21258223,0.09970817,0.1561452,边境,障碍,6,7
27,brick,cement,M+E+,砖头,水泥,,,,0.4374702572822570,0.1797666847705840,0.021621622145175900,0.012578616850078100,4.0,1.3333333730697600,0.741537,0.7559994,0.7487682,0.3522881269454960,0.5626490116119390,0.3333333432674410,1.0,0.03773584961891170,"[{'zh': '积木', 'rcs': 0.2154386341571808, 'w': 0.3333333333333333}, {'zh': '砖', 'rcs': 0.5376665592193604, 'w': 0.3333333333333333}]",[],0.6611438591540120,0.22103651,0.28496802,0.25300226,积木,水泥,5,6
28,brick,toy,M+E-,积木,玩具,,,,0.05573732778429990,0.15913334488868700,0.0,0.0451977401971817,0.0,5.333333492279050,0.741537,0.7505278,0.74603236,0.2154386341571810,0.4676190018653870,0.3333333432674410,1.0,0.1355932205915450,"[{'zh': '砖头', 'rcs': 0.3522881269454956, 'w': 0.3333333333333333}, {'zh': '砖', 'rcs': 0.5376665592193604, 'w': 0.3333333333333333}]",[],1.0121330937879800,0.22103651,0.20527373,0.21315512,积木,玩具,5,3
29,brick,layer,M-E+,,,,,,0.200916588306427,0.01743333414196970,0.021621622145175900,0.0,4.0,0.0,0.741537,0.5463708,0.6439539,,,,,,,,1.3416863579321800,0.22103651,0.17130128,0.1961689,积木,层次,5,5
30,bubble,soap,M+E+,泡沫,肥皂,,,,0.34357553720474200,0.05552026256918910,0.15068493783474000,0.008560298010706900,33.0,0.8132283687591550,0.7646963,0.7759434,0.7703198,0.4069440960884090,0.3308897018432620,0.07059616595506670,0.5,0.0891089141368866,"[{'zh': '泡泡', 'rcs': 0.3187713325023651, 'w': 0.23235095813660003}, {'zh': '起泡', 'rcs': 0.3191709220409393, 'w': 0.23235095813660003}, {'zh': '气泡', 'rcs': 0.3949038386344909, 'w': 0.23235095813660003}, {'zh': '泡', 'rcs': 0.3404182195663452, 'w': 0.23235095813660003}]","[{'zh': '香皂', 'rcs': 0.2565927505493164, 'w': 0.5}]",1.0756430327784300,0.17728187,0.42318115,0.30023152,泡泡,香皂,6,4
31,bubble,sugar,M+E-,泡泡,糖,,,,0.0540446862578392,0.07260967791080480,0.0,0.017120596021413800,0.0,1.6264567375183100,0.7646963,0.8346725,0.7996844,0.3187713325023650,0.6042978167533880,0.23235096037387800,1.0,0.0736842080950737,"[{'zh': '起泡', 'rcs': 0.3191709220409393, 'w': 0.23235095813660003}, {'zh': '气泡', 'rcs': 0.3949038386344909, 'w': 0.23235095813660003}, {'zh': '泡', 'rcs': 0.3404182195663452, 'w': 0.23235095813660003}, {'zh': '泡沫', 'rcs': 0.4069440960884094, 'w': 0.07059616745359987}]",[],1.001044055351410,0.17728187,0.2812132,0.22924754,泡泡,糖,6,5
32,bubble,round,M-E+,,,,,,0.09997345507144930,0.009340507909655570,0.0502283088862896,0.0,11.0,0.0,0.7646963,0.46832725,0.61651176,,,,,,,,1.4052008569773400,0.17728187,0.014070731,0.0956763,泡泡,回合,6,5
33,bull,red,M+E+,公牛,红色,,,,0.04432765394449230,0.028466667979955700,0.0839160829782486,0.035087719559669500,12.0,2.0,0.7259266,0.7974439,0.76168525,0.3644729852676390,0.3834229111671450,1.0,0.3333333432674410,0.10526315867900800,[],"[{'zh': '红的', 'rcs': 0.2435952574014663, 'w': 0.3333333333333333}, {'zh': '红', 'rcs': 0.3943059742450714, 'w': 0.3333333333333333}]",1.1787773553645500,0.082972884,0.3534052,0.21818905,公牛,红的,4,3
34,bull,angle,M+E-,公牛,角,y,,polysemy in zh,0.010572373867034900,0.1518959105014800,0.0,0.03850925713777540,0.0,2.1950275897979700,0.7259266,0.62731457,0.6766206,0.3644729852676390,0.2185849845409390,1.0,0.7316758632659910,0.05263157933950420,[],"[{'zh': '角度', 'rcs': 0.3891266286373138, 'w': 0.26832411603542305}]",1.393369138245420,0.082972884,0.16969074,0.1263318,公牛,角,4,5
35,bull,market,M-E+,,,,,,0.07433144748210910,0.00848471000790596,0.0279720276594162,0.0,4.0,0.0,0.7259266,0.771651,0.74878883,,,,,,,,0.991713581779033,0.082972884,0.09831905,0.09064597,公牛,市场,4,6
36,butt,rear,M+E+,屁股,臀部,,,,0.38679614663124100,0.5623000264167790,0.058252427726984000,0.07207207381725310,12.0,8.0,0.7246236,0.54897034,0.63679695,0.4348784983158110,0.2361449003219600,1.0,1.0,0.07207207381725310,[],[],1.2463019216456300,0.17101058,0.27734083,0.2241757,屁股,臀部,4,4
37,butt,body,M+E-,屁股,身体,,,,0.053883977234363600,0.1084931418299680,0.0,0.014416160993278000,0.0,1.6001938581466700,0.7246236,0.68073213,0.70267785,0.4348784983158110,0.3793242275714870,1.0,0.40004846453666700,0.036036036908626600,[],"[{'zh': '尸体', 'rcs': 0.214199960231781, 'w': 0.4000484667624227}, {'zh': '物体', 'rcs': 0.4174042642116546, 'w': 0.19990306647515454}]",0.8785453445743650,0.17101058,0.043146376,0.10707848,屁股,尸体,4,4
38,butt,sex,M-E+,,,y,,profanity,0.06541331857442860,0.024925777688622500,0.02427184395492080,0.0,5.0,0.0,0.7246236,0.72243667,0.7235302,,,,,,,,1.075370317897990,0.17101058,0.29370517,0.23235787,屁股,性,4,3
39,button,switch,M+E+,按钮,开关,,y,poor translation,0.1046920195221900,0.07998200505971910,0.01595744676887990,0.019166335463523900,3.0,1.839968204498290,0.78395116,0.6346009,0.709276,0.4878642857074740,0.3317148685455320,0.22952285408973700,0.6166532635688780,0.1354166716337200,"[{'zh': '扣子', 'rcs': 0.3900531828403473, 'w': 0.22952285107089268}, {'zh': '按键', 'rcs': 0.4508865475654602, 'w': 0.22952285107089268}, {'zh': '纽扣', 'rcs': 0.3458504974842071, 'w': 0.22952285107089268}, {'zh': '键', 'rcs': 0.3273929059505462, 'w': 0.08190859571642929}]","[{'zh': '转换', 'rcs': 0.3224034905433655, 'w': 0.19782583341149027}, {'zh': '转移', 'rcs': 0.2481322288513183, 'w': 0.09754687964753536}, {'zh': '交换', 'rcs': 0.2526579201221466, 'w': 0.08797401518700525}]",0.8330791251581870,0.14869538,0.10374456,0.12621997,扣子,开关,6,6
40,button,voice,M+E-,按键,声音,,?,low str,0.014528078027069600,0.025775417685508700,0.0,0.009979254566133020,0.0,0.9180914163589480,0.78395116,0.7235539,0.7537525,0.4508865475654600,0.4346926212310790,0.22952285408973700,1.0,0.043478261679410900,"[{'zh': '扣子', 'rcs': 0.3900531828403473, 'w': 0.22952285107089268}, {'zh': '按钮', 'rcs': 0.4878642857074737, 'w': 0.22952285107089268}, {'zh': '纽扣', 'rcs': 0.3458504974842071, 'w': 0.22952285107089268}, {'zh': '键', 'rcs': 0.3273929059505462, 'w': 0.08190859571642929}]",[],1.096499843575140,0.14869538,0.20194404,0.1753197,扣子,声音,6,5
41,button,press,M-E+,,,,,,0.1876007467508320,0.017191262915730500,0.058510638773441300,0.0,11.0,0.0,0.78395116,0.6138731,0.69891214,,,,,,,,1.1777295370329400,0.14869538,0.00453229,0.076613836,扣子,评论,6,5
42,cancer,sickness,M+E+,癌,疾病,,,,0.3293450176715850,0.17241623997688300,0.05343511328101160,0.013135694898665000,7.0,1.4317907094955400,0.7922889,0.7799919,0.78614044,0.643173336982727,0.4873869121074680,0.5,0.5727162957191470,0.0458715595304966,"[{'zh': '癌症', 'rcs': 0.6733107566833496, 'w': 0.5}]","[{'zh': '恶心', 'rcs': 0.4008625745773315, 'w': 0.17974843156570344}, {'zh': '呕吐', 'rcs': 0.4489710330963135, 'w': 0.1162461307620861}, {'zh': '厌恶', 'rcs': 0.2158258259296417, 'w': 0.07098864434248908}, {'zh': '悲伤', 'rcs': 0.2323462665081024, 'w': 0.06030047312504205}]",1.1835144178330300,0.097811274,0.22926068,0.16353598,癌症,疾病,6,8
43,cancer,perish,M+E-,癌症,死亡,,,,0.05828866735100750,0.04083135724067690,0.0,0.023990033194422700,0.0,2.5669333934783900,0.7922889,0.6875172,0.7399031,0.6733107566833500,0.2510530650615690,0.5,0.3422577977180480,0.14018692076206200,"[{'zh': '癌', 'rcs': 0.643173336982727, 'w': 0.5}]","[{'zh': '丧失', 'rcs': 0.3378564715385437, 'w': 0.3900043667165838}, {'zh': '毁灭', 'rcs': 0.3822246491909027, 'w': 0.26773784416724294}]",1.3073423365882300,0.097811274,0.042202048,0.07000666,癌症,丧失,6,6
44,cancer,research,M-E+,,,,,,0.06339406222105030,0.008587397634983060,0.030534351244568800,0.0,4.0,0.0,0.7922889,0.6132488,0.70276886,,,,,,,,1.2611135150971700,0.097811274,0.06620239,0.08200683,癌症,探索,6,8
45,cannon,weapon,M+E+,大炮,武器,,,,0.3683567941188810,0.17270594835281400,0.055276382714510000,0.020697085186839100,11.0,1.779949426651000,0.7808657,0.7073319,0.7440988,0.4868981540203090,0.4844430685043340,1.0,0.2542784810066220,0.08139535039663320,[],"[{'zh': '凶器', 'rcs': 0.2454517632722854, 'w': 0.5076603114202342}, {'zh': '兵器', 'rcs': 0.4094533324241638, 'w': 0.16383712565252684}, {'zh': '工具', 'rcs': 0.2591533958911896, 'w': 0.07422409669575192}]",0.9073439622456950,0.24590074,0.6664765,0.45618862,大炮,凶器,6,6
46,cannon,airplane,M+E-,大炮,飞机,,,,0.0480201281607151,0.16910000145435300,0.0,0.04651162773370740,0.0,4.0,0.7808657,0.8041768,0.79252124,0.4868981540203090,0.4810656905174260,1.0,1.0,0.04651162773370740,[],[],0.9909127755244310,0.24590074,0.548523,0.39721188,大炮,飞机,6,8
47,cannon,camera,M-E+,,,,,,0.08871393650770190,0.014233333989977800,0.04020100459456440,0.0,8.0,0.0,0.7808657,0.7588961,0.7698809,,,,,,,,1.0341331367861900,0.24590074,0.55002904,0.3979649,大炮,相机,6,6
48,cell,phone,M+E+,电池,手机,,,,0.2760106027126310,0.03960262984037400,0.2198275923728940,0.020449677482247400,51.0,1.513276219367980,0.69735515,0.7446308,0.720993,0.3752782046794890,0.4162161350250240,0.3265281617641450,0.3310316503047940,0.18918919563293500,"[{'zh': '细胞', 'rcs': 0.5658032298088074, 'w': 0.6734718358099498}]","[{'zh': '电话', 'rcs': 0.4296647608280182, 'w': 0.6689683530984972}]",1.0678754603764100,0.19988123,0.08842685,0.14415404,细胞,电话,4,5
49,cell,split,M+E-,细胞,分裂,,,,0.042959898710250900,0.09205140918493270,0.0,0.013967393897473800,0.0,1.2430980205535900,0.69735515,0.68003774,0.68869644,0.5658032298088070,0.2465959638357160,0.6734718084335330,0.4614514112472530,0.04494382068514820,"[{'zh': '电池', 'rcs': 0.3752782046794891, 'w': 0.3265281641900501}]","[{'zh': '分离', 'rcs': 0.2221004962921142, 'w': 0.27476371614688927}, {'zh': '分开', 'rcs': 0.2601527571678161, 'w': 0.26378487540017903}]",0.687759018478743,0.19988123,0.08168606,0.14078364,细胞,分裂,4,5
50,cell,jail,M-E+,,,,,,0.21122011542320300,0.010893238708376900,0.12068965286016500,0.0,28.0,0.0,0.69735515,0.78983456,0.7435949,,,,,,,,0.39156232258412800,0.19988123,0.33836442,0.26912284,细胞,监狱,4,4
51,cellar,wine,M+E+,地窖,酒,,,,0.19139467179775200,0.10992316156625700,0.3195266127586370,0.014402813278138600,54.0,1.5122953653335600,0.75148815,0.82116216,0.78632516,0.5133994817733770,0.5839354395866390,0.7117900252342220,0.11803538352251100,0.17142857611179400,"[{'zh': '地下室', 'rcs': 0.4973924160003662, 'w': 0.2882099641173327}]","[{'zh': '红酒', 'rcs': 0.6238476037979126, 'w': 0.44098230964746854}, {'zh': '葡萄酒', 'rcs': 0.5747804641723633, 'w': 0.44098230964746854}]",1.4017753951392700,0.15617557,0.25448346,0.20532951,地窖,红酒,6,4
52,cellar,liquor,M+E-,地窖,酒,y,,duplicate route,0.0692436620593071,0.18050995469093300,0.0,0.1220211535692220,0.0,12.812220573425300,0.75148815,0.80507517,0.7782817,0.5133994817733770,0.4539623856544490,0.7117900252342220,1.0,0.17142857611179400,"[{'zh': '地下室', 'rcs': 0.4973924160003662, 'w': 0.2882099641173327}]",[],0.33409955310417300,0.15617557,0.6628885,0.40953204,地窖,酒,6,6
53,cellar,bottom,M-E+,,,,,,0.18840007483959200,0.035322628915309900,0.017751479521393800,0.0,3.0,0.0,0.75148815,0.69940823,0.7254482,,,,,,,,0.9893420914713140,0.15617557,0.3808172,0.2684964,地窖,底部,6,6
54,chips,potato,M+E+,薯片,土豆,,,,0.4689476788043980,0.14011156558990500,0.20624999701976800,0.019134650006890300,33.0,2.162215232849120,0.8494861,0.8585923,0.8540392,0.4061576426029210,0.5999026298522950,0.3931300640106200,0.5,0.09734513610601430,"[{'zh': '薯条', 'rcs': 0.4132479429244995, 'w': 0.39313006220577895}, {'zh': '片', 'rcs': 0.2534704208374023, 'w': 0.21373987558844212}]","[{'zh': '马铃薯', 'rcs': 0.6352267861366272, 'w': 0.5}]",0.5253638030100090,0.41253394,0.2965405,0.35453722,薯片,马铃薯,5,6
55,chips,movie,M+E-,片,电影,y,,polysemy in zh,0.01134582795202730,0.05104108154773710,0.0,0.009606286883354190,0.0,0.8549594879150390,0.8494861,0.75840205,0.8039441,0.2534704208374020,0.40373095870018,0.21373987197876000,1.0,0.04494382068514820,"[{'zh': '薯片', 'rcs': 0.4061576426029205, 'w': 0.39313006220577895}, {'zh': '薯条', 'rcs': 0.4132479429244995, 'w': 0.39313006220577895}]",[],1.1323187409465900,0.41253394,0.6955069,0.5540204,薯片,电影,5,5
56,chips,poker,M-E+,,,,,,0.21336530148983000,0.014042709954083000,0.11874999850988400,0.0,19.0,0.0,0.8494861,0.6640656,0.75677586,,,,,,,,0.6552541010527700,0.41253394,0.024044998,0.21828946,薯片,扑克,5,5
57,chop,knife,M+E+,砍,刀,,,,0.31608670949935900,0.1682540327310560,0.11052631586790100,0.025491395965218500,21.0,2.702087879180910,0.6405899,0.8075766,0.72408324,0.2859668731689450,0.4517486691474910,0.49728140234947200,0.31963059306144700,0.1603773534297940,"[{'zh': '劈', 'rcs': 0.3510035276412964, 'w': 0.5027185974379433}]","[{'zh': '刀子', 'rcs': 0.5002323985099792, 'w': 0.6803694095529377}]",0.9141284920778800,0.25464034,0.6887677,0.471704,劈,刀子,4,5
58,chop,log,M+E-,劈,木头,,,,0.06255979090929030,0.17600177228450800,0.0,0.02872677519917490,0.0,2.0108742713928200,0.6405899,0.61934423,0.6299671,0.3510035276412960,0.2718109786510470,0.5027185678482060,1.0,0.05714285746216770,"[{'zh': '砍', 'rcs': 0.2859668731689453, 'w': 0.4972814025620566}]",[],0.664925170118607,0.25464034,0.2735067,0.26407352,劈,木头,4,3
59,chop,pork,M-E+,,,,,,0.3766520917415620,0.027146803215146100,0.08947368711233140,0.0,17.0,0.0,0.6405899,0.8564856,0.7485378,,,,,,,,0.3215265385765180,0.25464034,0.5490882,0.40186426,劈,猪肉,4,4
60,juice,orange,M+E+,果汁,橙子,,,,0.4837367534637450,0.12358962744474400,0.34328359365463300,0.0182076133787632,69.0,1.9664220809936500,0.8238368,0.818682,0.8212594,0.6015601754188540,0.3725557923316960,0.8193425536155700,0.20000000298023200,0.1111111119389530,"[{'zh': '汽油', 'rcs': 0.2952397167682647, 'w': 0.18065745538948738}]","[{'zh': '橙汁', 'rcs': 0.3125021755695343, 'w': 0.2}, {'zh': '橘色', 'rcs': 0.4478543996810913, 'w': 0.2}, {'zh': '橘子', 'rcs': 0.2898399233818054, 'w': 0.2}, {'zh': '橙色', 'rcs': 0.3954050242900848, 'w': 0.2}]",0.5402635596033730,0.23336983,0.47633475,0.3548523,果汁,橙汁,5,6
61,juice,auto,M+E-,汽油,汽车,y,,poor translation,0.004882819019258020,0.0909610316157341,0.0,0.04516436532139780,0.0,5.419723987579350,0.8238368,0.7357835,0.7798102,0.2952397167682650,0.4339776635169980,0.18065746128559100,1.0,0.25,"[{'zh': '果汁', 'rcs': 0.6015601754188538, 'w': 0.8193425446105127}]",[],1.1783554022826700,0.23336983,0.04260072,0.13798527,果汁,汽车,5,4
62,juice,box,M-E+,,,,,,0.03494416922330860,0.03178727999329570,0.03482586890459060,0.0,7.0,0.0,0.8238368,0.73905814,0.78144747,,,,,,,,1.168954819904700,0.23336983,0.108495235,0.17093253,果汁,盒子,5,3
63,knight,sword,M+E+,骑士,剑,,,,0.42133304476738000,0.14389346539974200,0.10050251334905600,0.02087360806763170,20.0,2.463085412979130,0.7385294,0.7492657,0.74389756,0.3701637685298920,0.3996585011482240,0.7538077235221860,0.6535049676895140,0.04237288236618040,"[{'zh': '爵士', 'rcs': 0.2292007505893707, 'w': 0.24619225649468346}]","[{'zh': '刀', 'rcs': 0.3880504071712494, 'w': 0.3464950224921284}]",0.5027117658816390,0.33574829,0.34472117,0.34023473,骑士,剑,6,5
64,knight,music,M+E-,爵士,音乐,?,,poor translation,0.006321261171251540,0.04382361099123960,0.0,0.028575580567121500,0.0,2.771831512451170,0.7385294,0.8164149,0.77747214,0.2292007505893710,0.435087114572525,0.24619226157665300,0.3882347643375400,0.2989690601825710,"[{'zh': '骑士', 'rcs': 0.3701637685298919, 'w': 0.7538077435053165}]","[{'zh': '乐谱', 'rcs': 0.2720466256141662, 'w': 0.38823476818978614}, {'zh': '乐曲', 'rcs': 0.3667509257793426, 'w': 0.2235304636204278}]",1.147481340470020,0.33574829,0.3563554,0.34605184,骑士,音乐,6,5
65,knight,white,M-E+,,,,,,0.07620950043201450,0.013643920421600300,0.05025125667452810,0.0,10.0,0.0,0.7385294,0.7987871,0.7686583,,,,,,,,1.3976568380118000,0.33574829,0.652965,0.49435663,骑士,白,6,5
66,laser,surgery,M+E+,激光,手术,,,,0.1957014799118040,0.2700999975204470,0.06598984450101850,0.1489361673593520,13.0,14.0,0.7685543,0.787066,0.7778101,0.5724965333938600,0.5506819486618040,1.0,1.0,0.1489361673593520,[],[],1.219312864350450,0.2512124,0.16315109,0.20718174,激光,手术,5,7
67,laser,arms,M+E-,激光,武器,,,,0.04222150146961210,0.11571867018938100,0.0,0.030501727014780000,0.0,2.8671622276306200,0.7685543,0.5700322,0.6692932,0.5724965333938600,0.2963938415050510,1.0,0.573432445526123,0.05319149047136310,[],"[{'zh': '兵器', 'rcs': 0.2892235517501831, 'w': 0.4265675521178863}]",1.2415755598698600,0.2512124,0.08172515,0.16646877,激光,武器,5,4
68,laser,space,M-E+,,,,,,0.15411540865898100,0.023046188056469000,0.015228426083922400,0.0,3.0,0.0,0.7685543,0.6740433,0.7212988,,,,,,,,1.4270234890624400,0.2512124,0.266436,0.2588242,激光,空间,5,5
69,laugh,teeth,M+E+,大笑,牙齿,,,,0.07514019310474400,0.03626198694109920,0.0258620698004961,0.0135000329464674,3.0,1.1610027551651,0.75537825,0.77567595,0.7655271,0.4641201496124270,0.5494320392608640,0.38989385962486300,0.4962901175022130,0.06976744532585140,"[{'zh': '笑声', 'rcs': 0.4315326511859894, 'w': 0.3539020323843083}, {'zh': '笑', 'rcs': 0.4041086435317993, 'w': 0.25620411067862575}]","[{'zh': '牙', 'rcs': 0.283527672290802, 'w': 0.5037098760926835}]",0.7173814068855370,0.26593342,0.3219151,0.29392427,大笑,牙,5,5
70,laugh,voice,M+E-,笑声,声音,,,,0.07412134855985640,0.11646916717290900,0.0,0.0140159223228693,0.0,1.4156081676483200,0.75537825,0.7235539,0.7394661,0.4315326511859890,0.4346926212310790,0.35390204191207900,1.0,0.039603959769010500,"[{'zh': '大笑', 'rcs': 0.4641201496124267, 'w': 0.389893856937066}, {'zh': '笑', 'rcs': 0.4041086435317993, 'w': 0.25620411067862575}]",[],0.18616747121786400,0.26593342,0.20194404,0.23393872,大笑,声音,5,5
71,laugh,belly,M-E+,,,,,,0.12846992909908300,0.01906581036746500,0.0258620698004961,0.0,3.0,0.0,0.75537825,0.7772397,0.76630896,,,,,,,,0.9349151210373020,0.26593342,0.24125734,0.25359538,大笑,肚子,5,5
72,lick,cat,M+E+,舔,猫,,,,0.13671281933784500,0.19910000264644600,0.01886792480945590,0.043478261679410900,4.0,5.0,0.8102749,0.82852244,0.81939864,0.3550833761692050,0.4880292117595670,1.0,1.0,0.043478261679410900,[],[],1.1328334140709000,0.59915155,0.70452857,0.6518401,舔,猫,4,3
73,lick,bone,M+E-,舔,舌头,y,,poor translation,0.07303119450807570,0.1160864382982250,0.0,0.04563146084547040,0.0,5.247617721557620,0.8102749,0.7707477,0.7905113,0.3550833761692050,0.4872653484344480,1.0,0.22815729677677200,0.20000000298023200,[],"[{'zh': '骨', 'rcs': 0.535764753818512, 'w': 0.5007268142487543}, {'zh': '骨头', 'rcs': 0.5531677603721619, 'w': 0.27111589079686227}]",0.5877057532615050,0.59915155,0.30005962,0.44960558,舔,骨,4,4
74,lick,stick,M-E+,,,,,,0.17358741164207500,0.025354821234941500,0.01886792480945590,0.0,4.0,0.0,0.8102749,0.69549215,0.75288355,,,,,,,,1.2766935386596500,0.59915155,0.023742562,0.31144705,舔,放置,4,5
75,lift,rise,M+E+,电梯,上升,,,,0.342477947473526,0.1588955521583560,0.0301204826682806,0.02180197834968570,5.0,2.5072274208068800,0.6691163,0.65922374,0.66417,0.2849179804325100,0.3109742105007170,0.7558307647705080,0.82929527759552,0.03478260710835460,"[{'zh': '移动', 'rcs': 0.3695006072521209, 'w': 0.24416924500773757}]","[{'zh': '增长', 'rcs': 0.2891542613506317, 'w': 0.17070472211336812}]",0.18354257630619800,0.053380553,0.22844301,0.14091179,电梯,上升,4,4
76,lift,mirror,M+E-,电梯,镜子,,,,0.017818741500377700,0.062053702771663700,0.0,0.019717324525117900,0.0,2.2674922943115200,0.6691163,0.7085929,0.6888546,0.2849179804325100,0.4032974243164060,0.7558307647705080,1.0,0.0260869562625885,"[{'zh': '移动', 'rcs': 0.3695006072521209, 'w': 0.24416924500773757}]",[],1.4136282521944500,0.053380553,0.117079146,0.08522985,电梯,镜子,4,6
77,lift,raise,M-E+,,,,,,0.29701051115989700,0.017283005639910700,0.11445783078670500,0.0,19.0,0.0,0.6691163,0.64813256,0.6586244,,,,,,,,0.5567568217417130,0.053380553,0.1448494,0.09911498,电梯,培育,4,5
78,meat,beef,M+E+,肉,牛肉,,,,0.5472329258918760,0.6776000261306760,0.13684210181236300,0.05263157933950420,26.0,7.0,0.8459676,0.85176283,0.8488652,0.5685207843780520,0.6528488397598270,1.0,1.0,0.05263157933950420,[],[],0.4551550940699420,0.49032253,0.40743673,0.44887963,肉,牛肉,4,4
79,meat,touch,M+E-,肉,吃,y,,poor translation,0.017573438584804500,0.14212583005428300,0.0,0.02070513926446440,0.0,2.7537834644317600,0.8459676,0.5634652,0.7047164,0.5685207843780520,0.2017240822315220,1.0,0.30597594380378700,0.06766917556524280,[],"[{'zh': '触摸', 'rcs': 0.3498248159885406, 'w': 0.6222482817801144}, {'zh': '打', 'rcs': 0.2069639414548874, 'w': 0.07177576707765093}]",1.271884671501200,0.49032253,0.24174066,0.3660316,肉,触摸,4,5
80,meat,market,M-E+,,,,,,0.16029244661331200,0.03304571285843850,0.021052632480859800,0.0,4.0,0.0,0.8459676,0.771651,0.8088093,,,,,,,,0.9933660643894180,0.49032253,0.09831905,0.2943208,肉,市场,4,6
81,media,news,M+E+,媒体,新闻,,,,0.370339959859848,0.17729327082634000,0.14009661972522700,0.054026469588279700,29.0,6.05096435546875,0.7705258,0.7357612,0.75314355,0.3585670590400700,0.4185450077056890,0.5,0.7118781805038450,0.1517857164144520,"[{'zh': '传媒', 'rcs': 0.2715575098991394, 'w': 0.5}]","[{'zh': '消息', 'rcs': 0.2309300005435943, 'w': 0.2881218429053617}]",1.1944648668859700,0.5171616,0.16517748,0.34116954,媒体,新闻,5,4
82,media,campus,M+E-,传媒,大学,?,,poor translation,0.030409127473831200,0.014911397360265300,0.0,0.008487221784889700,0.0,1.0354410409927400,0.7705258,0.68898064,0.72975326,0.2715575098991390,0.2137802988290790,0.5,0.1479201465845110,0.1147540956735610,"[{'zh': '媒体', 'rcs': 0.3585670590400696, 'w': 0.5}]","[{'zh': '校园', 'rcs': 0.3047914206981659, 'w': 0.8520798559841679}]",1.181322401763960,0.5171616,0.26682115,0.39199138,媒体,校园,5,6
83,media,mass,M-E+,,,,,,0.05999176576733590,0.018570706248283400,0.02415458858013150,0.0,5.0,0.0,0.7705258,0.6085891,0.68955743,,,,,,,,0.5190145928736120,0.5171616,0.17297293,0.34506726,媒体,大多数,5,4
84,milk,white,M+E+,牛奶,白色,,,,0.0985090509057045,0.02449999935925010,0.19745223224163100,0.013274336233735100,31.0,1.5,0.8443462,0.7987871,0.8215667,0.6177763938903810,0.4515153765678410,0.5,0.25,0.10619468986988100,"[{'zh': '奶', 'rcs': 0.5055748224258423, 'w': 0.5}]","[{'zh': '白', 'rcs': 0.2417072206735611, 'w': 0.25}, {'zh': '雪白', 'rcs': 0.4313930571079254, 'w': 0.25}, {'zh': '白色的', 'rcs': 0.4358446896076202, 'w': 0.25}]",1.3165070925872000,0.17669687,0.652965,0.41483092,牛奶,白,4,5
85,milk,mum,M+E-,奶,妈,,,,0.040999576449394200,0.06512351334095000,0.0,0.010721640661358800,0.0,1.1686588525772100,0.8443462,0.72782457,0.78608537,0.5055748224258420,0.3762714564800260,0.5,0.5843294262886050,0.03669724613428120,"[{'zh': '牛奶', 'rcs': 0.6177763938903809, 'w': 0.5}]","[{'zh': '妈妈', 'rcs': 0.4451901316642761, 'w': 0.41567056225558385}]",0.9706042038094960,0.17669687,0.3069125,0.24180469,牛奶,妈,4,3
86,milk,baby,M-E+,,,,,,0.06749771535396580,0.023960569873452200,0.025477707386016800,0.0,4.0,0.0,0.8443462,0.73960555,0.79197586,,,,,,,,1.3448124344494300,0.17669687,0.19951873,0.18810779,牛奶,小孩,4,4
87,monkey,banana,M+E+,猴子,香蕉,,,,0.17200368642807000,0.1361035704612730,0.10762331634759900,0.03247908130288120,24.0,2.7607216835022000,0.803336,0.8444719,0.8239039,0.4993607997894290,0.5577446222305300,0.3943888247013090,1.0,0.08235294371843340,"[{'zh': '猴', 'rcs': 0.4219879508018493, 'w': 0.39438882057389607}, {'zh': '捣蛋鬼', 'rcs': 0.3786680400371551, 'w': 0.21122235885220783}]",[],0.6225648570610020,0.5658823,0.8898525,0.7278674,猴子,香蕉,6,6
88,monkey,person,M+E-,猴子,人,,,,0.034276332706213,0.03553443402051930,0.0,0.018559474498033500,0.0,1.5775552988052400,0.803336,0.69399196,0.748664,0.4993607997894290,0.2342890352010730,0.3943888247013090,1.0,0.0470588244497776,"[{'zh': '猴', 'rcs': 0.4219879508018493, 'w': 0.39438882057389607}, {'zh': '捣蛋鬼', 'rcs': 0.3786680400371551, 'w': 0.21122235885220783}]",[],1.013834476260890,0.5658823,0.08301145,0.3244469,猴子,人,6,6
89,monkey,wrench,M-E+,,,,,,0.10762462764978400,0.02074485272169110,0.013452914543449900,0.0,3.0,0.0,0.803336,0.7390088,0.7711724,,,,,,,,1.1529444802170900,0.5658823,0.29183486,0.42885858,猴子,扳手,6,6
90,motion,movement,M+E+,动,运动,,,,0.37575745582580600,0.03867122903466230,0.15048544108867600,0.011093296110630000,31.0,1.3311954736709600,0.7093724,0.62111986,0.6652461,0.2037381082773210,0.345899760723114,0.4110391438007360,0.40482625365257300,0.06666667014360430,"[{'zh': '动作', 'rcs': 0.2580753862857818, 'w': 0.4110391564354223}, {'zh': '移动', 'rcs': 0.2366111874580383, 'w': 0.17792168712915535}]","[{'zh': '进步', 'rcs': 0.2919689416885376, 'w': 0.5951737585287443}]",0.9921812891293320,0.14263941,0.13152725,0.13708332,动作,进步,6,8
91,motion,movie,M+E-,动作,电影,,,,0.03787009045481680,0.055202554911375000,0.0,0.05708877369761470,0.0,6.165586948394780,0.7093724,0.75840205,0.7338872,0.2580753862857820,0.40373095870018,0.4110391438007360,1.0,0.1388888955116270,"[{'zh': '动', 'rcs': 0.2037381082773208, 'w': 0.4110391564354223}, {'zh': '移动', 'rcs': 0.2366111874580383, 'w': 0.17792168712915535}]",[],1.3430066618385400,0.14263941,0.6955069,0.41907313,动作,电影,6,5
92,motion,sickness,M-E+,,,,,,0.06941450387239460,0.003272182308137420,0.033980581909418100,0.0,7.0,0.0,0.7093724,0.7799919,0.7446822,,,,,,,,1.1268480124943500,0.14263941,0.22926068,0.18595004,动作,疾病,6,8
93,nail,metal,M+E+,钉,金属,,,,0.16370761394500700,0.09039510041475300,0.06870228797197340,0.014694567769765900,9.0,1.2343436479568500,0.7656059,0.79557395,0.78058994,0.494232714176178,0.4880557358264920,0.4114478826522830,1.0,0.0357142873108387,"[{'zh': '指甲', 'rcs': 0.4805534183979034, 'w': 0.41144787488859724}, {'zh': '钉子', 'rcs': 0.4445976316928863, 'w': 0.17710425022280543}]",[],0.488954245361935,0.11914565,0.69042593,0.40478578,钉,金属,4,5
94,nail,oil,M+E-,指甲,油,,,,0.02157030627131460,0.07410331070423130,0.0,0.03474926948547360,0.0,2.3282008171081500,0.7656059,0.73983413,0.75272,0.4805534183979030,0.4368906319141390,0.4114478826522830,0.8083651661872860,0.10447761416435200,"[{'zh': '钉', 'rcs': 0.494232714176178, 'w': 0.41144787488859724}, {'zh': '钉子', 'rcs': 0.4445976316928863, 'w': 0.17710425022280543}]","[{'zh': '石油', 'rcs': 0.476806104183197, 'w': 0.19163481615261352}]",0.6462289673840450,0.11914565,0.23999403,0.17956984,钉,油,4,3
95,nail,bed,M-E+,,,,,,0.040400125086307500,0.01277545653283600,0.030534351244568800,0.0,4.0,0.0,0.7656059,0.7466802,0.7561431,,,,,,,,1.3394285544199700,0.11914565,0.49461982,0.30688274,钉,底层,4,3
96,navy,blue,M+E+,海军,蓝色,,,,0.18816573917865800,0.11050000041723300,0.1991869956254960,0.023364486172795300,49.0,2.5,0.82606906,0.81527954,0.8206743,0.5721511244773870,0.3801732659339910,1.0,0.5,0.04672897234559060,[],"[{'zh': '蓝', 'rcs': 0.3567917346954345, 'w': 0.5}]",0.7643721814723570,0.42394558,0.55630505,0.4901253,海军,蓝色,4,4
97,navy,white,M+E-,海军,白色,,,,0.032801996916532500,0.019075000658631300,0.0,0.011682243086397600,0.0,1.25,0.82606906,0.7987871,0.8124281,0.5721511244773870,0.4515153765678410,1.0,0.25,0.04672897234559060,[],"[{'zh': '白', 'rcs': 0.2417072206735611, 'w': 0.25}, {'zh': '雪白', 'rcs': 0.4313930571079254, 'w': 0.25}, {'zh': '白色的', 'rcs': 0.4358446896076202, 'w': 0.25}]",1.1359064998530400,0.42394558,0.652965,0.5384553,海军,白,4,5
98,navy,bean,M-E+,,,,,,0.08242911100387570,0.005366667173802850,0.020325202494859700,0.0,5.0,0.0,0.82606906,0.8341423,0.83010566,,,,,,,,1.2301662220889500,0.42394558,0.22804466,0.32599512,海军,豆豆,4,4
99,nerve,brain,M+E+,神经,大脑,,,,0.2486272156238560,0.16289006173610700,0.12138728052377700,0.03152059018611910,21.0,3.908553123474120,0.6554417,0.7237043,0.689573,0.5768988132476810,0.5517149567604070,1.0,0.3908553123474120,0.08064515888690950,[],"[{'zh': '脑', 'rcs': 0.4921719133853912, 'w': 0.47670489913630926}, {'zh': '智力', 'rcs': 0.3047632277011871, 'w': 0.13243978150903857}]",0.9943916325217060,0.31645396,0.16811858,0.24228626,神经,脑,5,5
100,nerve,network,M+E-,神经,网络,?,,high en rw,0.06505902856588360,0.062199998646974600,0.0,0.024193547666072800,0.0,3.0,0.6554417,0.7353553,0.6953985,0.5768988132476810,0.322317510843277,1.0,1.0,0.024193547666072800,[],[],1.179103182827920,0.31645396,0.5686431,0.4425485,神经,网络,5,7
101,nerve,steel,M-E+,,,,,,0.04062088206410410,0.0166923850774765,0.028901733458042100,0.0,5.0,0.0,0.6554417,0.7872494,0.72134554,,,,,,,,0.9248970332206490,0.31645396,0.5706547,0.44355434,神经,钢,5,5
102,note,music,M+E+,音符,音乐,,,,0.19658523797988900,0.1800861805677410,0.1434262990951540,0.05001088231801990,36.0,5.951294898986820,0.5172766,0.8164149,0.66684574,0.3429398536682130,0.435087114572525,0.6131645441055300,0.3882347643375400,0.21008403599262200,"[{'zh': '记录', 'rcs': 0.2945465743541717, 'w': 0.20296655820800996}, {'zh': '音调', 'rcs': 0.3171283304691314, 'w': 0.1838689012505353}]","[{'zh': '乐谱', 'rcs': 0.2720466256141662, 'w': 0.38823476818978614}, {'zh': '乐曲', 'rcs': 0.3667509257793426, 'w': 0.2235304636204278}]",0.7944180406473840,0.45798734,0.3563554,0.40717137,音符,音乐,4,5
103,note,leap,M+E-,音符,跳跃,?,,poor translation,0.02123483642935750,0.10613878071308100,0.0,0.020610574632883100,0.0,2.452658176422120,0.5172766,0.6972972,0.60728693,0.3429398536682130,0.2716983556747440,0.6131645441055300,1.0,0.03361344709992410,"[{'zh': '记录', 'rcs': 0.2945465743541717, 'w': 0.20296655820800996}, {'zh': '音调', 'rcs': 0.3171283304691314, 'w': 0.1838689012505353}]",[],1.3264854371442700,0.45798734,0.0020978816,0.2300426,音符,跳跃,4,4
104,note,letter,M-E+,,,,,,0.35125547647476200,0.026885779574513400,0.04780876636505130,0.0,12.0,0.0,0.5172766,0.72047174,0.6188742,,,,,,,,1.001822005324430,0.45798734,0.36632788,0.4121576,音符,书信,4,6
105,palm,tree,M+E+,棕榈树,树,,,,0.15515504777431500,0.18191534280777000,0.44516128301620500,0.012045060284435700,69.0,1.1683708429336500,0.7461882,0.80540377,0.775796,0.4547617137432100,0.3510806560516360,1.0,0.38945695757865900,0.030927835032343900,[],"[{'zh': '大树', 'rcs': 0.3920817971229553, 'w': 0.3894569459129817}, {'zh': '树木', 'rcs': 0.4441355466842651, 'w': 0.22108610817403662}]",0.8747416194724220,0.31641984,0.4329255,0.37467265,棕榈树,大树,4,4
106,palm,timber,M+E-,棕榈树,树木,y,,duplicate route,0.0719391480088234,0.2656303346157070,0.0,0.019380446523428000,0.0,1.8799033164978000,0.7461882,0.7190048,0.7325965,0.4547617137432100,0.3935052156448360,1.0,0.626634418964386,0.030927835032343900,[],"[{'zh': '木材', 'rcs': 0.4957786202430725, 'w': 0.37336558992450924}]",1.3251614270807200,0.31641984,0.29556286,0.30599135,棕榈树,树木,4,6
107,palm,reader,M-E+,,,,,,0.10846719145774800,0.02669999934732910,0.03870967775583270,0.0,6.0,0.0,0.7461882,0.73754823,0.74186826,,,,,,,,1.3945969308917300,0.31641984,0.18726555,0.25184268,棕榈树,读者,4,6
108,papa,mama,M+E+,爸爸,妈妈,,,,0.48952654004097000,0.14974892139434800,0.2293577939271930,0.055113133043050800,25.0,7.715838432312010,0.70735765,0.6280759,0.66771674,0.3902774453163150,0.4193300902843480,1.0,0.2143288403749470,0.2571428716182710,[],"[{'zh': '大妈', 'rcs': 0.3528442680835724, 'w': 0.7856711614554388}]",0.4963581334544490,0.33076245,0.58103603,0.45589924,爸爸,大妈,4,4
109,papa,bloke,M+E-,爸爸,男人,?,,uncommon word,0.07290518283843990,0.1865944266319280,0.0,0.015378663316369100,0.0,2.153012752532960,0.70735765,0.68595093,0.6966543,0.3902774453163150,0.3848049640655520,1.0,0.7176709175109860,0.02142857201397420,[],"[{'zh': '家伙', 'rcs': 0.4022364318370819, 'w': 0.28232908843550797}]",1.384302675992360,0.33076245,0.14578894,0.23827569,爸爸,男人,4,5
110,papa,potato,M-E+,,,,,,0.14930766820907600,0.00930000003427267,0.08256880939006810,0.0,9.0,0.0,0.70735765,0.8585923,0.78297496,,,,,,,,1.269068386166240,0.33076245,0.2965405,0.31365147,爸爸,马铃薯,4,6
111,peach,pear,M+E+,桃子,梨,,,,0.5025886297225950,0.21680636703968000,0.1130952388048170,0.019114933907985700,19.0,1.720344066619870,0.83259237,0.8297776,0.831185,0.4308467805385590,0.4103727638721470,0.43008601665496800,1.0,0.04444444552063940,"[{'zh': '桃', 'rcs': 0.4020262956619262, 'w': 0.43008602373517}, {'zh': '粉红色', 'rcs': 0.2817367613315582, 'w': 0.13982795252965993}]",[],0.9688889546513640,0.33207098,0.8269221,0.57949656,桃子,梨,5,4
112,peach,booty,M+E-,桃子,屁股,y,,profanity,0.04504431411623960,0.11689738184213600,0.0,0.019114933907985700,0.0,1.720344066619870,0.83259237,0.62284213,0.7277173,0.4308467805385590,0.211815521121025,0.43008601665496800,1.0,0.04444444552063940,"[{'zh': '桃', 'rcs': 0.4020262956619262, 'w': 0.43008602373517}, {'zh': '粉红色', 'rcs': 0.2817367613315582, 'w': 0.13982795252965993}]",[],0.5058041728493860,0.33207098,0.035338357,0.18370467,桃子,屁股,5,5
113,peach,pit,M-E+,,,,,,0.25116896629333500,0.007182436063885690,0.0535714291036129,0.0,9.0,0.0,0.83259237,0.701578,0.7670852,,,,,,,,1.0678410222790600,0.33207098,0.015348896,0.17370993,桃子,坑,5,3
114,pearl,necklace,M+E+,珍珠,项链,,,,0.5092113018035890,0.5909000039100650,0.13934426009655,0.13084112107753800,34.0,14.0,0.8265486,0.78310484,0.80482674,0.4107668101787570,0.5170893669128420,1.0,1.0,0.13084112107753800,[],[],1.480352247037010,0.78076476,0.5772478,0.6790063,珍珠,项链,5,8
115,pearl,circle,M+E-,珍珠,圆,y,,duplicate route,0.054400186985731100,0.06461881846189500,0.0,0.008088136091828350,0.0,0.8654305934906010,0.8265486,0.7311723,0.77886045,0.4107668101787570,0.3139594197273250,1.0,0.2884768545627590,0.028037382289767300,[],"[{'zh': '圆周', 'rcs': 0.2899746596813202, 'w': 0.2884768449289036}, {'zh': '圆圈', 'rcs': 0.4085624814033508, 'w': 0.15500026620728077}, {'zh': '环', 'rcs': 0.3163108229637146, 'w': 0.1345146566525419}, {'zh': '圆形', 'rcs': 0.3672444522380829, 'w': 0.13353138728237027}]",0.653248934376213,0.78076476,0.10434064,0.4425527,珍珠,圆周,5,6
116,pearl,round,M-E+,,,,,,0.051457203924655900,0.019300000742077800,0.02459016442298890,0.0,6.0,0.0,0.8265486,0.46832725,0.64743793,,,,,,,,1.1980539054256700,0.78076476,0.014070731,0.39741775,珍珠,回合,5,5
117,photo,camera,M+E+,照片,相机,,,,0.5456144213676450,0.0768219381570816,0.15897436439991000,0.009999893605709080,31.0,1.3699854612350500,0.7584455,0.7588961,0.7586708,0.4080589115619660,0.4744944870471950,0.3424963653087620,0.3333333432674410,0.08759123831987380,"[{'zh': '图片', 'rcs': 0.319156140089035, 'w': 0.3611604036877704}, {'zh': '相片', 'rcs': 0.4264026284217834, 'w': 0.2963432284355887}]","[{'zh': '照相机', 'rcs': 0.4374339282512665, 'w': 0.3333333333333333}, {'zh': '摄像机', 'rcs': 0.4753681123256683, 'w': 0.3333333333333333}]",0.695712094642242,0.2050441,0.55002904,0.37753657,图片,相机,5,6
118,photo,untie,M+E-,图片,打开,y,,poor translation,0.015655767172575000,0.06793426722288130,0.0,0.010318868793547200,0.0,1.0834811925888100,0.7584455,0.44019672,0.5993211,0.319156140089035,0.3402752876281740,0.36116039752960200,1.0,0.02857142873108390,"[{'zh': '照片', 'rcs': 0.4080589115619659, 'w': 0.34249636787664095}, {'zh': '相片', 'rcs': 0.4264026284217834, 'w': 0.2963432284355887}]",[],1.260880359203760,0.2050441,0.015188901,0.110116504,图片,打开,5,5
119,photo,book,M-E+,,,,,,0.12456423789262800,0.019141996279358900,0.015384615398943400,0.0,3.0,0.0,0.7584455,0.7431709,0.75080824,,,,,,,,1.2089395245444300,0.2050441,0.25095463,0.22799936,图片,本子,5,4
120,pier,boat,M+E+,码头,船,,,,0.4772398769855500,0.3188665211200710,0.12568305432796500,0.07238984107971190,23.0,6.370306015014650,0.7989633,0.82973105,0.81434715,0.5837805867195130,0.562246561050415,1.0,0.335279256105423,0.21590909361839300,[],"[{'zh': '小船', 'rcs': 0.533439040184021, 'w': 0.6647207355631239}]",1.4782714711335200,0.23891924,0.2317743,0.23534676,码头,小船,4,4
121,pier,worker,M+E-,码头,工人,,,,0.028162173926830300,0.0437309630215168,0.0,0.014673507772386100,0.0,1.2912685871124300,0.7989633,0.72683734,0.76290035,0.5837805867195130,0.4522655606269840,1.0,0.4304228723049160,0.034090910106897400,[],"[{'zh': '雇员', 'rcs': 0.3635508120059967, 'w': 0.24003656820420624}, {'zh': '员工', 'rcs': 0.4414107203483581, 'w': 0.23406585525535825}, {'zh': '人员', 'rcs': 0.2698992788791656, 'w': 0.09547470990835677}]",1.0094987540097700,0.23891924,0.21142602,0.22517264,码头,工人,4,6
122,pier,wood,M-E+,,,,,,0.10937962681055100,0.017930250614881500,0.02185792289674280,0.0,4.0,0.0,0.7989633,0.72057724,0.7597703,,,,,,,,0.7946395221870170,0.23891924,0.37188697,0.3054031,码头,林地,4,4
123,pizza,cheese,M+E+,披萨,芝士,,,,0.45778217911720300,0.233433336019516,0.23618090152740500,0.05494505912065510,47.0,5.0,0.8528188,0.8603194,0.85656905,0.4875780642032620,0.6471855640411380,1.0,0.3333333432674410,0.16483516991138500,[],"[{'zh': '起司', 'rcs': 0.648933470249176, 'w': 0.3333333333333333}, {'zh': '奶酪', 'rcs': 0.6327145099639893, 'w': 0.3333333333333333}]",0.5666334180369630,0.7130328,0.47317386,0.5931033,披萨,起司,5,6
124,pizza,touch,M+E-,披萨,吃,y,,poor translation,0.010158332996070400,0.14267659187316900,0.0,0.013449491932988200,0.0,1.223903775215150,0.8528188,0.5634652,0.708142,0.4875780642032620,0.2017240822315220,1.0,0.30597594380378700,0.04395604506134990,[],"[{'zh': '触摸', 'rcs': 0.3498248159885406, 'w': 0.6222482817801144}, {'zh': '打', 'rcs': 0.2069639414548874, 'w': 0.07177576707765093}]",1.3349499038571700,0.7130328,0.24174066,0.4773867,披萨,触摸,5,5
125,pizza,round,M-E+,,,,,,0.08615222573280330,0.0203000009059906,0.030150754377245900,0.0,6.0,0.0,0.8528188,0.46832725,0.660573,,,,,,,,1.0943654434978800,0.7130328,0.014070731,0.36355177,披萨,回合,5,5
126,plant,animal,M+E+,植物,动物,,,,0.0906151533126831,0.019431231543421700,0.035211268812418000,0.01134171336889270,5.0,1.2816134691238400,0.5745459,0.84472525,0.7096356,0.4080849587917330,0.5035275816917420,0.1669940948486330,0.5903541445732120,0.1150442510843280,"[{'zh': '设备', 'rcs': 0.2381909489631652, 'w': 0.4180537806850469}, {'zh': '播种', 'rcs': 0.3342699110507965, 'w': 0.20092637177637448}, {'zh': '种植', 'rcs': 0.3710850477218628, 'w': 0.1275964458819257}, {'zh': '工厂', 'rcs': 0.2790567874908447, 'w': 0.08642930388166525}]","[{'zh': '兽', 'rcs': 0.3038774132728576, 'w': 0.2910345454408785}, {'zh': '牲畜', 'rcs': 0.2842504382133484, 'w': 0.11861132141469986}]",0.5727051357071100,0.09775641,0.6573555,0.37755594,设备,动物,5,6
127,plant,machine,M+E-,设备,机械,,y,poor translation,0.05564330518245700,0.09453663975000380,0.0,0.008300594054162500,0.0,1.0624760389328000,0.5745459,0.76626587,0.67040586,0.2381909489631650,0.3681373298168180,0.4180537760257720,0.31768521666526800,0.0625,"[{'zh': '播种', 'rcs': 0.3342699110507965, 'w': 0.20092637177637448}, {'zh': '植物', 'rcs': 0.4080849587917328, 'w': 0.1669940977749877}, {'zh': '种植', 'rcs': 0.3710850477218628, 'w': 0.1275964458819257}, {'zh': '工厂', 'rcs': 0.2790567874908447, 'w': 0.08642930388166525}]","[{'zh': '机器', 'rcs': 0.403625875711441, 'w': 0.4521798033516054}, {'zh': '制造', 'rcs': 0.2593474090099334, 'w': 0.23013497577752465}]",1.1935130444597800,0.09775641,0.51058114,0.30416876,设备,机器,5,7
128,plant,pot,M-E+,,,,,,0.25811558961868300,0.005728677846491340,0.07042253762483600,0.0,10.0,0.0,0.5745459,0.7677407,0.6711433,,,,,,,,0.9776846207647330,0.09775641,0.2769282,0.1873423,设备,锅,5,3
129,plug,wire,M+E+,插头,电线,,,,0.2865450978279110,0.2962692677974700,0.034682080149650600,0.028668051585555100,6.0,1.978095531463620,0.6861574,0.7544293,0.72029334,0.4740006327629090,0.4526078999042510,0.7244082689285280,0.6826590895652770,0.05797101557254790,"[{'zh': '射击', 'rcs': 0.2009297460317611, 'w': 0.14859924619000328}, {'zh': '插入', 'rcs': 0.3141502737998962, 'w': 0.1269924906906099}]","[{'zh': '电缆', 'rcs': 0.4007912278175354, 'w': 0.3173408934969921}]",0.5301885048821510,0.048552215,0.2629307,0.15574145,插头,电线,4,4
130,plug,bullet,M+E-,射击,子弹,y,,poor translation,0.02336135134100910,0.07868330180644990,0.0,0.011065901257097700,0.0,1.0401947498321500,0.6861574,0.8177105,0.75193393,0.2009297460317610,0.4223982095718380,0.14859925210475900,1.0,0.07446808367967610,"[{'zh': '插头', 'rcs': 0.4740006327629089, 'w': 0.7244082631193868}, {'zh': '插入', 'rcs': 0.3141502737998962, 'w': 0.1269924906906099}]",[],1.2112814907434800,0.048552215,0.13625708,0.09240465,插头,子弹,4,6
131,plug,socket,M-E+,,,,,,0.4289771318435670,0.03216372802853580,0.080924853682518,0.0,14.0,0.0,0.6861574,0.5393234,0.6127404,,,,,,,,1.4286304498210100,0.048552215,0.0070969793,0.027824597,插头,槽,4,6
132,pocket,pants,M+E+,口袋,裤子,,,,0.16693443059921300,0.08234737068414690,0.10047847032547000,0.00842541828751564,21.0,0.9183706045150760,0.79961663,0.81233823,0.80597746,0.4073184132575990,0.5325920581817630,1.0,0.22959265112876900,0.03669724613428120,[],"[{'zh': '裤', 'rcs': 0.5033533573150635, 'w': 0.22666493699366944}, {'zh': '长裤', 'rcs': 0.4558230638504028, 'w': 0.20629720192838058}, {'zh': '短裤', 'rcs': 0.4888901114463806, 'w': 0.18459931658294818}, {'zh': '牛仔裤', 'rcs': 0.4652194082736969, 'w': 0.1528458961932007}]",0.5798664414030270,0.12936984,0.58007216,0.354721,口袋,裤子,6,5
133,pocket,thread,M+E-,口袋,衣服,y,,poor translation,0.05628661811351780,0.18592040240764600,0.0,0.043264035135507600,0.0,4.715779781341550,0.79961663,0.64790684,0.72376174,0.4073184132575990,0.2073432207107540,1.0,0.24819894134998300,0.17431192100048100,[],"[{'zh': '穿', 'rcs': 0.2127098888158798, 'w': 0.7518010622210529}]",1.0541994846951900,0.12936984,0.026098285,0.07773406,口袋,穿,6,6
134,pocket,watch,M-E+,,,,,,0.10380125790834400,0.008725103922188280,0.11483253538608600,0.0,24.0,0.0,0.79961663,0.5612938,0.6804552,,,,,,,,1.2983701786014900,0.12936984,0.052115336,0.09074259,口袋,观看,6,5
135,pool,swim,M+E+,水池,游泳,,,,0.43337875604629500,0.08199800550937650,0.10775861889123900,0.029670357704162600,25.0,3.3824210166931200,0.66579133,0.75890666,0.712349,0.4459186792373660,0.2599096298217770,0.19896593689918500,1.0,0.14912280440330500,"[{'zh': '水坑', 'rcs': 0.319256991147995, 'w': 0.6096506105009666}, {'zh': '池塘', 'rcs': 0.3448101282119751, 'w': 0.19138345259482803}]",[],0.38179333747736500,0.3720415,0.42403856,0.39804003,水坑,游泳,4,4
136,pool,auto,M+E-,水坑,汽车,y,,poor translation,0.013602430000901200,0.04450449347496030,0.0,0.019252125173807100,0.0,1.8289518356323200,0.66579133,0.7357835,0.7007874,0.319256991147995,0.4339776635169980,0.6096506118774410,1.0,0.031578946858644500,"[{'zh': '水池', 'rcs': 0.4459186792373657, 'w': 0.1989659369042054}, {'zh': '池塘', 'rcs': 0.3448101282119751, 'w': 0.19138345259482803}]",[],1.2159776377629400,0.3720415,0.04260072,0.2073211,水坑,汽车,4,4
137,pool,table,M-E+,,,,,,0.053848568350076700,0.009429262951016430,0.025862064212560700,0.0,6.0,0.0,0.66579133,0.6845784,0.67518485,,,,,,,,0.6649205693153850,0.3720415,0.04760247,0.20982198,水坑,表,4,5
138,post,letter,M+E+,邮政,信件,,,,0.37631380558013900,0.3460654318332670,0.04954954609274860,0.01259947381913660,11.0,1.1969499588012700,0.6693432,0.72047174,0.6949074,0.2057422846555710,0.4592893123626710,1.0,0.39898332953453100,0.031578946858644500,[],"[{'zh': '书信', 'rcs': 0.4381456077098846, 'w': 0.601016682430027}]",1.1564263533615400,0.055568572,0.36632788,0.21094823,邮政,书信,4,6
139,post,slow,M+E-,邮政,慢,,,,0.04101526737213140,0.1509999930858610,0.0,0.12631578743457800,0.0,12.0,0.6693432,0.7629393,0.7161412,0.2057422846555710,0.3522450625896450,1.0,1.0,0.12631578743457800,[],[],1.0600366572913200,0.055568572,0.34552816,0.20054837,邮政,慢,4,4
140,post,pole,M-E+,,,,,,0.10550733655691100,0.01140000019222500,0.04054054245352750,0.0,9.0,0.0,0.6693432,0.7120809,0.69071203,,,,,,,,0.6123874662146340,0.055568572,0.0055285897,0.03054858,邮政,杆,4,4
141,prick,needle,M+E+,刺痛,针,,,,0.38331642746925400,0.16004863381385800,0.1145833283662800,0.03536413237452510,22.0,3.677870035171510,0.6934977,0.7083572,0.7009275,0.3895090222358700,0.5263547301292420,0.7018048763275150,0.43671563267707800,0.11538461595773700,"[{'zh': '戳', 'rcs': 0.2868856191635132, 'w': 0.15544444387061235}, {'zh': '刺', 'rcs': 0.2932660281658172, 'w': 0.14275065848627358}]","[{'zh': '针头', 'rcs': 0.5342175364494324, 'w': 0.43671563189910584}, {'zh': '指针', 'rcs': 0.2426190823316574, 'w': 0.1265687362017882}]",1.074851650250200,0.314972,0.23918825,0.27708012,刺痛,针,5,6
142,prick,skin,M+E-,刺痛,皮肤,,,,0.05535609647631650,0.0604667067527771,0.0,0.009695562534034250,0.0,1.0083385705947900,0.6934977,0.7957984,0.7446481,0.3895090222358700,0.5646045207977300,0.7018048763275150,0.4789263606071470,0.028846153989434200,"[{'zh': '戳', 'rcs': 0.2868856191635132, 'w': 0.15544444387061235}, {'zh': '刺', 'rcs': 0.2932660281658172, 'w': 0.14275065848627358}]","[{'zh': '壳', 'rcs': 0.3820466101169586, 'w': 0.1817293657600022}, {'zh': '剥皮', 'rcs': 0.3006784617900848, 'w': 0.17885542186769768}, {'zh': '毛皮', 'rcs': 0.363589197397232, 'w': 0.16048884487323642}]",1.136615017146520,0.314972,0.27219588,0.29358393,刺痛,皮肤,5,4
143,prick,pin,M-E+,,,,,,0.23713205754756900,0.010809711180627300,0.0885416716337204,0.0,17.0,0.0,0.6934977,0.6037958,0.6486468,,,,,,,,1.3571274958740500,0.314972,0.0131251495,0.16404858,刺痛,旗杆,5,3
144,prince,queen,M+E+,国王,王后,,,,0.5096243619918820,0.12356587499380100,0.05365854129195210,0.013245295733213400,11.0,1.5894354581832900,0.7846712,0.7987373,0.79170424,0.4750861227512360,0.374015063047409,0.298019140958786,0.3333333432674410,0.13333334028720900,"[{'zh': '王子', 'rcs': 0.2860147953033447, 'w': 0.6380337896361722}, {'zh': '贵族', 'rcs': 0.3622331321239471, 'w': 0.06394705671830593}]","[{'zh': '女王', 'rcs': 0.3969371914863586, 'w': 0.3333333333333333}, {'zh': '皇后', 'rcs': 0.3590055704116821, 'w': 0.3333333333333333}]",0.49638803169756000,0.70466113,0.523819,0.61424005,王子,王后,6,5
145,prince,state,M+E-,国王,国家,,,,0.04594086483120920,0.04412757232785230,0.0,0.016408368945121800,0.0,1.9690042734146100,0.7846712,0.7015089,0.74309003,0.4750861227512360,0.2936394810676570,0.298019140958786,0.734108030796051,0.07500000298023220,"[{'zh': '王子', 'rcs': 0.2860147953033447, 'w': 0.6380337896361722}, {'zh': '贵族', 'rcs': 0.3622331321239471, 'w': 0.06394705671830593}]","[{'zh': '规定', 'rcs': 0.2473006099462509, 'w': 0.26589196465579745}]",1.0951893977832300,0.70466113,0.25638014,0.48052064,王子,国家,6,5
146,prince,singer,M-E+,,,,,,0.12647631764411900,0.0378992073237896,0.024390248581767100,0.0,5.0,0.0,0.7846712,0.78461635,0.78464377,,,,,,,,0.59486391242989,0.70466113,0.40966824,0.55716467,王子,歌手,6,6
147,print,paper,M+E+,打印,纸,,,,0.43339213728904700,0.051564741879701600,0.0892857164144516,0.016673091799020800,20.0,1.433885931968690,0.671839,0.71140915,0.69162405,0.3888677954673770,0.327637255191803,0.40698814392089800,0.2710126042366030,0.151162788271904,"[{'zh': '指纹', 'rcs': 0.2423380315303802, 'w': 0.40698813158278163}, {'zh': '印刷', 'rcs': 0.4753153622150421, 'w': 0.11607403962695022}, {'zh': '相片', 'rcs': 0.3974620401859283, 'w': 0.06994969720748648}]","[{'zh': '文件', 'rcs': 0.2631358802318573, 'w': 0.2710125906312715}, {'zh': '试卷', 'rcs': 0.2282652109861374, 'w': 0.2710125906312715}, {'zh': '纸张', 'rcs': 0.4235454499721527, 'w': 0.1323204461818563}, {'zh': '报纸', 'rcs': 0.2869635820388794, 'w': 0.05464178192432924}]",1.1385599131178000,0.22712955,0.3958666,0.31149808,指纹,文件,5,5
148,print,sheet,M+E-,打印,纸张,y,,duplicate route,0.060394030064344400,0.07022266089916230,0.0,0.009612037800252440,0.0,0.8266351819038390,0.671839,0.7659373,0.71888816,0.3888677954673770,0.4602515995502470,0.40698814392089800,0.33851730823516800,0.06976744532585140,"[{'zh': '指纹', 'rcs': 0.2423380315303802, 'w': 0.40698813158278163}, {'zh': '印刷', 'rcs': 0.4753153622150421, 'w': 0.11607403962695022}, {'zh': '相片', 'rcs': 0.3974620401859283, 'w': 0.06994969720748648}]","[{'zh': '床单', 'rcs': 0.279130756855011, 'w': 0.661482690889327}]",0.7692954721664770,0.22712955,0.31622943,0.2716795,指纹,床单,5,5
149,print,write,M-E+,,,,,,0.5655429363250730,0.03807617351412770,0.1160714253783230,0.0,26.0,0.0,0.671839,0.6980162,0.6849276,,,,,,,,1.0006346619784300,0.22712955,0.26926136,0.24819545,指纹,写信,5,5
150,racket,tennis,M+E+,球拍,网球,,,,0.3988964855670930,0.751800000667572,0.3008849322795870,0.17592592537403100,68.0,19.0,0.5815467,0.7393462,0.66044647,0.2656524181365970,0.5727742910385130,1.0,1.0,0.17592592537403100,[],[],0.36394894169947500,0.73034674,0.5518939,0.6411203,球拍,网球,6,6
151,racket,movement,M+E-,球拍,运动,,,,0.02548220381140710,0.19630025327205700,0.0,0.026238737627863900,0.0,2.8337838649749800,0.5815467,0.62111986,0.60133326,0.2656524181365970,0.345899760723114,1.0,0.40482625365257300,0.06481481343507770,[],"[{'zh': '进步', 'rcs': 0.2919689416885376, 'w': 0.5951737585287443}]",1.1953414595104500,0.73034674,0.13152725,0.430937,球拍,进步,6,8
152,racket,noise,M-E+,,,,,,0.2409847378730770,0.0041797831654548600,0.23893804848194100,0.0,54.0,0.0,0.5815467,0.7475443,0.66454554,,,,,,,,1.188591828846930,0.73034674,0.06307412,0.39671043,球拍,干扰,6,5
153,riding,saddle,M+E+,骑马,马鞍,,,,0.4769769012928010,0.4952000081539150,0.04724408686161040,0.04938271641731260,6.0,4.0,0.6668382,0.6921119,0.67947507,0.3449922800064090,0.2919842898845670,1.0,1.0,0.04938271641731260,[],[],1.0102230238544000,0.23870078,0.32381082,0.28125578,骑马,马鞍,6,6
154,riding,quick,M+E-,骑马,快,,,,0.05209892615675930,0.11829999834299100,0.0,0.03703703731298450,0.0,3.0,0.6668382,0.7524308,0.70963454,0.3449922800064090,0.2568528056144710,1.0,1.0,0.03703703731298450,[],[],1.4287530675134000,0.23870078,0.47288588,0.35579333,骑马,快,6,5
155,riding,train,M-E+,,,,,,0.2785591185092930,0.039799999445676800,0.0236220546066761,0.0,3.0,0.0,0.6668382,0.78923094,0.7280346,,,,,,,,0.9757524642325820,0.23870078,0.15093203,0.19481641,骑马,火车,6,5
156,rifle,weapon,M+E+,步枪,武器,,,,0.3345073461532590,0.14786294102668800,0.05511810630559920,0.012464631348848300,7.0,1.2713923454284700,0.7530453,0.7073319,0.7301886,0.5110562443733220,0.4844430685043340,1.0,0.2542784810066220,0.04901960864663120,[],"[{'zh': '凶器', 'rcs': 0.2454517632722854, 'w': 0.5076603114202342}, {'zh': '兵器', 'rcs': 0.4094533324241638, 'w': 0.16383712565252684}, {'zh': '工具', 'rcs': 0.2591533958911896, 'w': 0.07422409669575192}]",0.7987764752580790,0.27141634,0.6664765,0.4689464,步枪,凶器,5,6
157,rifle,slug,M+E-,步枪,子弹,y,,poor translation,0.04192475602030750,0.5234000086784360,0.0,0.0882352963089943,0.0,9.0,0.7530453,0.44296688,0.5980061,0.5110562443733220,0.2440744638442990,1.0,1.0,0.0882352963089943,[],[],0.7822499615650180,0.27141634,0.001967554,0.13669194,步枪,子弹,5,4
158,rifle,barrel,M-E+,,,,,,0.2543862462043760,0.015599999576807000,0.023622050881385800,0.0,3.0,0.0,0.7530453,0.72587246,0.7394589,,,,,,,,0.5142990891696910,0.27141634,0.19569644,0.23355639,步枪,桶,5,6
159,rise,lift,M+E+,上升,电梯,,,,0.342477947473526,0.1588955521583560,0.06185566633939740,0.03877155855298040,12.0,3.7608413696289100,0.65922374,0.6691163,0.66417,0.3109742105007170,0.2849179804325100,0.82929527759552,0.7558307647705080,0.06185567006468770,"[{'zh': '增长', 'rcs': 0.2891542613506317, 'w': 0.17070472211336812}]","[{'zh': '移动', 'rcs': 0.3695006072521209, 'w': 0.24416924500773757}]",0.18354257630619800,0.22844301,0.053380553,0.14091179,上升,电梯,4,4
160,rise,space,M+E-,上升,空间,,,,0.025112910196185100,0.0383647195994854,0.0,0.010865730233490500,0.0,1.0539759397506700,0.65922374,0.6740433,0.6666335,0.3109742105007170,0.4441013634204860,0.82929527759552,0.42364317178726200,0.030927835032343900,"[{'zh': '增长', 'rcs': 0.2891542613506317, 'w': 0.17070472211336812}]","[{'zh': '空隙', 'rcs': 0.2548846900463104, 'w': 0.42364316696716553}, {'zh': '空格', 'rcs': 0.2406511604785919, 'w': 0.15271366606566908}]",0.8247300381231840,0.22844301,0.266436,0.2474395,上升,空间,4,5
161,rise,bread,M-E+,,,,,,0.1573774367570880,0.016337117180228200,0.07731958478689190,0.0,15.0,0.0,0.65922374,0.8496332,0.7544285,,,,,,,,0.956145062734177,0.22844301,0.3416906,0.2850668,上升,面包,4,5
162,rough,smooth,M+E+,粗糙,光滑,,,,0.14358624815940900,0.2510998845100400,0.0784313753247261,0.06397514790296560,16.0,6.52546501159668,0.7057622,0.7832629,0.74451256,0.2128840833902360,0.4371867179870610,0.6525465250015260,1.0,0.09803921729326250,"[{'zh': '粗', 'rcs': 0.2246107459068298, 'w': 0.347453464119419}]",[],0.6208641585754760,0.39005485,0.5231723,0.4566136,粗糙,光滑,5,6
163,rough,thin,M+E-,粗,细,,,,0.027040671557188000,0.08912181854248050,0.0,0.03445819392800330,0.0,4.1694416999816900,0.7057622,0.75006765,0.7279149,0.2246107459068300,0.2999193370342250,0.3474534749984740,0.5,0.19834710657596600,"[{'zh': '粗糙', 'rcs': 0.2128840833902359, 'w': 0.6525465358805811}]","[{'zh': '薄', 'rcs': 0.4066925942897796, 'w': 0.5}]",0.5887142168030830,0.39005485,0.49417633,0.4421156,粗糙,薄,5,4
164,rough,tough,M-E+,,,,,,0.21270182728767400,0.018467066809535000,0.11274509131908400,0.0,23.0,0.0,0.7057622,0.5257976,0.6157799,,,,,,,,1.3335281858723900,0.39005485,0.013533704,0.20179428,粗糙,难,5,5
165,rubber,tire,M+E+,橡胶,轮胎,,,,0.19311699271202100,0.16975000500679000,0.13297872245311700,0.07352941483259200,25.0,7.5,0.74730843,0.6856807,0.71649456,0.5649929642677310,0.5057921409606930,0.5,1.0,0.14705882966518400,"[{'zh': '橡皮', 'rcs': 0.4567258358001709, 'w': 0.5}]",[],0.981445231190305,0.47639507,0.17496835,0.32568172,橡皮,轮胎,6,4
166,rubber,rake,M+E-,橡皮,擦,y,,poor translation,0.02880414016544820,0.0740153044462204,0.0,0.0229007750749588,0.0,2.3129782676696800,0.74730843,0.62080055,0.6840545,0.4567258358001710,0.2295340150594710,0.5,0.4625956416130070,0.09900990128517150,"[{'zh': '橡胶', 'rcs': 0.5649929642677307, 'w': 0.5}]","[{'zh': '刮', 'rcs': 0.2640303373336792, 'w': 0.5374043610835426}]",1.27960633112745,0.47639507,0.0,0.23819754,橡皮,刮,6,4
167,rubber,band,M-E+,,,,,,0.1737217903137210,0.004699999932199720,0.10638297349214600,0.0,20.0,0.0,0.74730843,0.7856084,0.7664584,,,,,,,,1.2221517682038200,0.47639507,0.5359053,0.5061502,橡皮,乐队,6,4
168,sack,pack,M+E+,袋子,装,,,,0.2608262300491330,0.3939000070095060,0.015625005587935400,0.028037382289767300,3.0,3.0,0.7359671,0.6118962,0.67393166,0.2280734628438950,0.3028482794761660,1.0,1.0,0.028037382289767300,[],[],1.1529667055217000,0.12801418,0.038814045,0.08341411,袋子,装,4,4
169,sack,plastic,M+E-,袋子,塑料袋,,,,0.06335754692554470,0.22775906324386600,0.0,0.05100453644990920,0.0,5.457485198974610,0.7359671,0.79986227,0.76791465,0.2280734628438950,0.5784884095191960,1.0,0.39361271262168900,0.11214952915906900,[],"[{'zh': '塑料', 'rcs': 0.5795463919639587, 'w': 0.6063872741703015}]",1.4701775964521000,0.12801418,0.16726188,0.14763802,袋子,塑料,4,7
170,sack,potato,M-E+,,,,,,0.19374147057533300,0.03985000029206280,0.078125,0.0,15.0,0.0,0.7359671,0.8585923,0.7972797,,,,,,,,0.9731286163505870,0.12801418,0.2965405,0.21227734,袋子,马铃薯,4,6
171,sailor,boat,M+E+,水手,船,,,,0.3749810457229610,0.31880006194114700,0.1411290168762210,0.04862828925251960,35.0,6.370306015014650,0.7703857,0.82973105,0.80005836,0.3911719918251040,0.562246561050415,1.0,0.335279256105423,0.1450381726026540,[],"[{'zh': '小船', 'rcs': 0.533439040184021, 'w': 0.6647207355631239}]",1.4723032834441400,0.73896444,0.2317743,0.48536938,水手,小船,6,4
172,sailor,attire,M+E-,水手,衣服,y,,duplicate route,0.056918513029813800,0.02116207405924800,0.0,0.010964427143335300,0.0,1.4363398551940900,0.7703857,0.76984525,0.7701155,0.3911719918251040,0.4196466505527500,1.0,0.47877997159957900,0.022900763899087900,[],"[{'zh': '服装', 'rcs': 0.483843058347702, 'w': 0.5212200249628415}]",1.1964687900767700,0.73896444,0.16428323,0.45162383,水手,服装,6,6
173,sailor,suit,M-E+,,,,,,0.09629516303539280,0.01346666645258670,0.024193547666072800,0.0,6.0,0.0,0.7703857,0.7532095,0.76179755,,,,,,,,1.344489809241790,0.73896444,0.11344075,0.4262026,水手,西装,6,4
174,salute,military,M+E+,敬礼,军人,,,,0.2898229956626890,0.05890181288123130,0.17112304270267500,0.028869301080703700,32.0,3.1756231784820600,0.7048079,0.76135147,0.7330797,0.3540296554565430,0.3106077313423160,0.5446546077728270,0.23322105407714800,0.22727273404598200,"[{'zh': '致敬', 'rcs': 0.3040205538272857, 'w': 0.26999046499469515}, {'zh': '致意', 'rcs': 0.272709310054779, 'w': 0.1853549058641541}]","[{'zh': '军事', 'rcs': 0.4116553962230682, 'w': 0.5755468789631837}, {'zh': '军队', 'rcs': 0.4304167330265045, 'w': 0.19123206161084616}]",1.422837554581560,0.5883543,0.24250275,0.41542852,敬礼,军事,6,8
175,salute,martyr,M+E-,致敬,烈士,,,,0.055254802107811000,0.22102084755897500,0.0,0.018946699798107100,0.0,2.159923791885380,0.7048079,0.57752943,0.64116865,0.3040205538272860,0.2590580582618710,0.269990473985672,1.0,0.07017543911933900,"[{'zh': '敬礼', 'rcs': 0.3540296554565429, 'w': 0.5446546291411507}, {'zh': '致意', 'rcs': 0.272709310054779, 'w': 0.1853549058641541}]",[],1.4317006762039300,0.5883543,0.19068871,0.3895215,敬礼,烈士,6,6
176,salute,parade,M-E+,,,,,,0.19656424224376700,0.016805650666356100,0.03208555653691290,0.0,6.0,0.0,0.7048079,0.52237904,0.61359346,,,,,,,,0.3149638436955780,0.5883543,0.0044025993,0.29637843,敬礼,展览,6,6
177,scoop,litter,M+E+,捡起,垃圾,,,,0.15646083652973200,0.09175730496644970,0.020833326503634500,0.038529206067323700,3.0,4.238212585449220,0.7555373,0.74247587,0.74900657,0.3155144453048710,0.3325892984867100,0.42382127046585100,1.0,0.09090909361839290,"[{'zh': '铲子', 'rcs': 0.3201693594455719, 'w': 0.42382127259040975}, {'zh': '勺', 'rcs': 0.2109838426113128, 'w': 0.15235745481918056}]",[],0.6036817745222160,0.08311735,0.0441999,0.063658625,铲子,垃圾,5,6
178,scoop,stoop,M+E-,捡起,弯腰,y,,poor translation,0.050095491111278500,0.16262023150920900,0.0,0.057793810963630700,0.0,6.357318878173830,0.7555373,0.62338376,0.6894605,0.3155144453048710,0.3258056342601780,0.42382127046585100,1.0,0.13636364042758900,"[{'zh': '铲子', 'rcs': 0.3201693594455719, 'w': 0.42382127259040975}, {'zh': '勺', 'rcs': 0.2109838426113128, 'w': 0.15235745481918056}]",[],0.6365115094750090,0.08311735,0.13508925,0.1091033,铲子,弯腰,5,5
179,scoop,sugar,M-E+,,,,,,0.1882948875427250,0.03513478487730030,0.020833326503634500,0.0,3.0,0.0,0.7555373,0.8346725,0.79510486,,,,,,,,1.2261371626414200,0.08311735,0.2812132,0.18216527,铲子,糖,5,5
180,scream,yell,M+E+,尖叫,呐喊,,,,0.391147255897522,0.17288082838058500,0.16062171757221200,0.01116118673235180,31.0,1.317020058631900,0.7379725,0.75857437,0.74827343,0.4471179246902470,0.2807372212409970,1.0,0.4390066862106320,0.025423727929592100,[],"[{'zh': '喊叫', 'rcs': 0.4403048455715179, 'w': 0.22782320362578054}, {'zh': '欢呼', 'rcs': 0.3175866305828094, 'w': 0.18876978998664773}, {'zh': '叫嚷', 'rcs': 0.393348753452301, 'w': 0.14440030688877328}]",1.0793620048741200,0.41177428,0.42855528,0.42016476,尖叫,呐喊,6,4
181,scream,lady,M+E-,尖叫,女生,,,,0.008791905827820300,0.02121548354625700,0.0,0.009583807550370690,0.0,1.1308892965316800,0.7379725,0.70106053,0.7195165,0.4471179246902470,0.2570992112159730,1.0,0.2261778563261030,0.04237288236618040,[],"[{'zh': '女', 'rcs': 0.3753880858421325, 'w': 0.22617785022206596}, {'zh': '淑女', 'rcs': 0.3811275660991668, 'w': 0.22617785022206596}, {'zh': '女子', 'rcs': 0.2242671996355056, 'w': 0.22617785022206596}, {'zh': '女人', 'rcs': 0.3171866238117218, 'w': 0.09528859911173618}]",1.496294889808080,0.41177428,0.101873435,0.25682387,尖叫,女,6,4
182,scream,pain,M-E+,,,,,,0.19812658429145800,0.023546157404780400,0.03108809143304830,0.0,6.0,0.0,0.7379725,0.7658408,0.75190663,,,,,,,,1.4257530964193600,0.41177428,0.30135605,0.35656518,尖叫,伤痛,6,4
183,screw,nail,M+E+,螺丝,钉,,,,0.34020906686782800,0.16830186545848800,0.1170731708407400,0.02791869454085830,24.0,2.1776580810546900,0.7446698,0.7656059,0.75513786,0.5131198763847350,0.494232714176178,0.756095826625824,0.4114478826522830,0.08974359184503560,"[{'zh': '螺旋桨', 'rcs': 0.5076266527175903, 'w': 0.24390419018381151}]","[{'zh': '指甲', 'rcs': 0.4805534183979034, 'w': 0.41144787488859724}, {'zh': '钉子', 'rcs': 0.4445976316928863, 'w': 0.17710425022280543}]",0.6248888168730220,0.43415058,0.11914565,0.2766481,螺丝,钉,5,4
184,screw,ship,M+E-,螺旋桨,船,y,,poor translation,0.024078167974948900,0.09058601409196850,0.0,0.023742886260151900,0.0,2.682945966720580,0.7446698,0.8279798,0.7863248,0.5076266527175900,0.5217533111572270,0.24390418827533700,1.0,0.09734513610601430,"[{'zh': '螺丝', 'rcs': 0.5131198763847351, 'w': 0.7560958098161884}]",[],0.7166113848304260,0.43415058,0.54570097,0.48992577,螺丝,船,5,4
185,screw,sex,M-E+,,,,,,0.07751278579235080,0.002659562276676300,0.09268292784690860,0.0,19.0,0.0,0.7446698,0.72243667,0.73355323,,,,,,,,1.398968978149820,0.43415058,0.29370517,0.36392787,螺丝,性,5,3
186,seal,animal,M+E+,海豹,动物,,,,0.14345234632492100,0.08176404982805250,0.0569620281457901,0.01621852070093160,9.0,1.4758853912353500,0.7661048,0.84472525,0.80541503,0.2252060621976850,0.5035275816917420,0.5,0.5903541445732120,0.05494505539536480,"[{'zh': '密封', 'rcs': 0.2454538196325302, 'w': 0.5}]","[{'zh': '兽', 'rcs': 0.3038774132728576, 'w': 0.2910345454408785}, {'zh': '牲畜', 'rcs': 0.2842504382133484, 'w': 0.11861132141469986}]",1.1457086580354700,0.29184505,0.6573555,0.47460026,海豹,动物,4,6
187,seal,jar,M+E-,密封,罐子,,,,0.05042066425085070,0.06929442286491390,0.0,0.015790361911058400,0.0,1.5632457733154300,0.7661048,0.8230291,0.794567,0.2454538196325300,0.5186755061149600,0.5,0.28422650694847100,0.1111111119389530,"[{'zh': '海豹', 'rcs': 0.2252060621976852, 'w': 0.5}]","[{'zh': '缸', 'rcs': 0.3032687902450561, 'w': 0.28422651929244713}, {'zh': '坛子', 'rcs': 0.3367401957511902, 'w': 0.28422651929244713}, {'zh': '罐头', 'rcs': 0.4481330215930938, 'w': 0.0989784531646106}, {'zh': '罐', 'rcs': 0.4865182042121887, 'w': 0.04834198895804806}]",0.6716052692843310,0.29184505,0.22502257,0.25843382,海豹,缸,4,3
188,seal,singer,M-E+,,,,,,0.07163266837596890,0.014499999582767500,0.03797468915581700,0.0,6.0,0.0,0.7661048,0.78461635,0.7753606,,,,,,,,0.9709853067608520,0.29184505,0.40966824,0.35075665,海豹,歌手,4,6
189,sewer,rat,M+E+,下水道,老鼠,,,,0.2468605488538740,0.17302678525447800,0.06145251914858820,0.054646797478199000,11.0,6.065793991088870,0.76699734,0.78748375,0.7772405,0.4418801963329320,0.525272011756897,1.0,0.5054828524589540,0.10810811072588000,[],"[{'zh': '鼠', 'rcs': 0.4795914888381958, 'w': 0.49451712452432905}]",1.4720717228106100,0.21407603,0.5262946,0.37018532,下水道,老鼠,5,3
190,sewer,mermaid,M+E-,下水道,美人鱼,,,,0.018688470125198400,0.2599000036716460,0.0,0.10810811072588000,0.0,12.0,0.76699734,0.8009887,0.783993,0.4418801963329320,0.4055846035480500,1.0,1.0,0.10810811072588000,[],[],0.9945662632938860,0.21407603,0.16013908,0.18710756,下水道,美人鱼,5,7
191,sewer,stink,M-E+,,,,,,0.5297276377677920,0.02500000037252900,0.033519547432661100,0.0,6.0,0.0,0.76699734,0.36970693,0.5683521,,,,,,,,0.8883665770232680,0.21407603,0.0025999595,0.10833799,下水道,吵闹,5,5
192,sharp,knife,M+E+,锋利,刀,,,,0.37435194849968000,0.24186764657497400,0.2739725708961490,0.05563585087656980,60.0,4.895954608917240,0.7699418,0.8075766,0.78875923,0.3983169496059420,0.4517486691474910,0.6382308602333070,0.31963059306144700,0.27272728085517900,"[{'zh': '尖', 'rcs': 0.2377199679613113, 'w': 0.36176915618324945}]","[{'zh': '刀子', 'rcs': 0.5002323985099792, 'w': 0.6803694095529377}]",1.0399795197805700,0.57118124,0.6887677,0.6299745,锋利,刀子,5,5
193,sharp,scream,M+E-,尖,尖叫,,,,0.04909868910908700,0.06663788110017780,0.0,0.016633065417408900,0.0,1.447076678276060,0.7699418,0.7379725,0.75395715,0.2377199679613110,0.4471179246902470,0.3617691695690160,1.0,0.04597701132297520,"[{'zh': '锋利', 'rcs': 0.3983169496059418, 'w': 0.6382308438167505}]",[],0.6511576368264700,0.57118124,0.41177428,0.49147776,锋利,尖叫,5,6
194,sharp,point,M-E+,,,,,,0.21795731782913200,0.018180454149842300,0.07305936515331270,0.0,16.0,0.0,0.7699418,0.72487867,0.74741024,,,,,,,,1.3176027955431700,0.57118124,0.10333664,0.33725893,锋利,指向,5,5
195,sheet,pillow,M+E+,床单,枕头,,,,0.43434712290763900,0.34813836216926600,0.04484305530786510,0.049611203372478500,10.0,3.9688961505889900,0.7659373,0.79217243,0.7790549,0.279130756855011,0.4794847369194030,0.6614826917648320,1.0,0.07500000298023220,"[{'zh': '纸张', 'rcs': 0.4602515995502472, 'w': 0.33851730911067296}]",[],0.48969146042850200,0.31622943,0.74965966,0.53294456,床单,枕头,5,6
196,sheet,pen,M+E-,纸张,笔,,,,0.05939730256795880,0.09464943408966060,0.0,0.011573242023587200,0.0,1.3540692329406700,0.7659373,0.75962746,0.7627824,0.4602515995502470,0.2590196132659910,0.33851730823516800,0.5,0.0683760717511177,"[{'zh': '床单', 'rcs': 0.279130756855011, 'w': 0.661482690889327}]","[{'zh': '钢笔', 'rcs': 0.2198588103055954, 'w': 0.5}]",1.0528821067479200,0.31622943,0.7793726,0.547801,床单,钢笔,5,3
197,sheet,rain,M-E+,,,,,,0.14197951555252100,0.023659031838178600,0.03139013051986690,0.0,7.0,0.0,0.7659373,0.7865754,0.7762563,,,,,,,,0.9169235779715980,0.31622943,0.34192422,0.32907683,床单,下雨,5,4
198,shell,sea,M+E+,贝壳,大海,,,,0.3662668466567990,0.06884420663118360,0.20418845117092100,0.01132288109511140,39.0,0.99641352891922,0.8229971,0.86250806,0.8427526,0.3945035934448240,0.3686357140541080,0.42110535502433800,0.3380265533924100,0.07954545319080350,"[{'zh': '壳', 'rcs': 0.5318855047225952, 'w': 0.26131626209796166}, {'zh': '骨架', 'rcs': 0.4344162046909332, 'w': 0.18907589993328658}, {'zh': '炮弹', 'rcs': 0.3182783424854278, 'w': 0.1285024854830877}]","[{'zh': '海', 'rcs': 0.2446184605360031, 'w': 0.34962473494946494}, {'zh': '海洋', 'rcs': 0.3984117209911346, 'w': 0.3123487031553847}]",1.2680553225697600,0.36660066,0.3810418,0.37382123,贝壳,海,5,3
199,shell,slim,M+E-,骨架,瘦,y,,poor translation,0.026105888187885300,0.04227737337350850,0.0,0.007813053205609320,0.0,0.9453794956207280,0.8229971,0.67208874,0.7475429,0.4344162046909330,0.2281483858823780,0.18907590210437800,1.0,0.041322313249111200,"[{'zh': '贝壳', 'rcs': 0.3945035934448242, 'w': 0.4211053524856641}, {'zh': '壳', 'rcs': 0.5318855047225952, 'w': 0.26131626209796166}, {'zh': '炮弹', 'rcs': 0.3182783424854278, 'w': 0.1285024854830877}]",[],0.9497242824137850,0.36660066,0.29442403,0.33051234,贝壳,瘦,5,4
200,shell,oil,M-E+,,,,,,0.12833328545093500,0.029024234041571600,0.04188482463359830,0.0,8.0,0.0,0.8229971,0.73983413,0.7814156,,,,,,,,1.1541165329810900,0.36660066,0.23999403,0.30329734,贝壳,油,5,3
201,sink,ship,M+E+,下沉,船,,,,0.16224057972431200,0.13426531851291700,0.04347825422883030,0.024978142231702800,8.0,2.5727486610412600,0.578077,0.8279798,0.70302844,0.335970789194107,0.5217533111572270,0.32159358263015700,1.0,0.0776699036359787,"[{'zh': '挖', 'rcs': 0.245032325387001, 'w': 0.3215935772131797}, {'zh': '下陷', 'rcs': 0.2833151519298553, 'w': 0.3215935772131797}, {'zh': '降低', 'rcs': 0.2159217745065689, 'w': 0.035219268360460895}]",[],0.9620161578458460,0.12548529,0.54570097,0.33559313,挖,船,4,4
202,sink,rise,M+E-,下沉,上升,,,,0.04610166698694230,0.057446327060461000,0.0,0.010357127524912400,0.0,1.066784143447880,0.578077,0.65922374,0.6186504,0.335970789194107,0.3109742105007170,0.32159358263015700,0.82929527759552,0.03883495181798940,"[{'zh': '挖', 'rcs': 0.245032325387001, 'w': 0.3215935772131797}, {'zh': '下陷', 'rcs': 0.2833151519298553, 'w': 0.3215935772131797}, {'zh': '降低', 'rcs': 0.2159217745065689, 'w': 0.035219268360460895}]","[{'zh': '增长', 'rcs': 0.2891542613506317, 'w': 0.17070472211336812}]",0.705315723818144,0.12548529,0.22844301,0.17696415,挖,上升,4,4
203,sink,tub,M-E+,,,,,,0.5263946056365970,0.0137901920825243,0.03804348409175870,0.0,7.0,0.0,0.578077,0.6492201,0.61364853,,,,,,,,0.5180482073347140,0.12548529,0.09863524,0.112060264,挖,盆,4,3
204,site,area,M+E+,场所,场地,,,,0.23449395596981000,0.08238376677036290,0.0416666716337204,0.008617171086370950,9.0,1.1977866888046300,0.6207391,0.67047954,0.6456093,0.2181979268789290,0.2410415709018710,0.7300111651420590,0.3281557261943820,0.035971224308013900,"[{'zh': '地点', 'rcs': 0.3332363367080688, 'w': 0.26998882409914665}]","[{'zh': '面积', 'rcs': 0.4091840088367462, 'w': 0.3281557120225794}, {'zh': '地域', 'rcs': 0.3876585662364959, 'w': 0.14713191289801802}, {'zh': '区', 'rcs': 0.4339649677276611, 'w': 0.11992787865294534}, {'zh': '地方', 'rcs': 0.3078873455524444, 'w': 0.07662878440387767}]",1.0766892300586900,0.34485286,0.15819186,0.25152236,场所,场地,4,4
205,site,library,M+E-,场所,图书馆,,y,poor translation,0.050014711916446700,0.06562800705432890,0.0,0.015755636617541300,0.0,2.190033435821530,0.6207391,0.7623995,0.6915693,0.2181979268789290,0.4777210354804990,0.7300111651420590,1.0,0.02158273383975030,"[{'zh': '地点', 'rcs': 0.3332363367080688, 'w': 0.26998882409914665}]",[],1.4758908514198500,0.34485286,0.37063518,0.35774404,场所,图书馆,4,7
206,site,web,M-E+,,,,,,0.22596342861652400,0.0203301589936018,0.15740738809108700,0.0,34.0,0.0,0.6207391,0.679988,0.65036356,,,,,,,,0.651546545920652,0.34485286,0.4967448,0.42079884,场所,网络,4,3
207,skate,ski,M+E+,滑冰,滑雪,,,,0.3505875766277310,0.501800000667572,0.033557042479515100,0.03488372266292570,5.0,3.0,0.7046778,0.7487869,0.7267324,0.3423976600170140,0.472254991531372,1.0,1.0,0.03488372266292570,[],[],0.9874251956995520,0.06800411,0.052774593,0.06038935,滑冰,滑雪,5,3
208,skate,title,M+E-,滑冰,冠军,y,,poor translation,0.016111599281430200,0.30970001220703100,0.0,0.03488372266292570,0.0,3.0,0.7046778,0.3663952,0.5355365,0.3423976600170140,0.2084692567586900,1.0,1.0,0.03488372266292570,[],[],1.3152939482408600,0.06800411,0.0030042636,0.035504185,滑冰,冠军,5,5
209,skate,board,M-E+,,,,,,0.10863705724477800,0.016599999740719800,0.20134225487709000,0.0,30.0,0.0,0.7046778,0.5308222,0.61775005,,,,,,,,1.2889299495745800,0.06800411,0.009992078,0.038998093,滑冰,委员会,5,5
210,skull,bone,M+E+,头骨,骨头,,,,0.37230509519577000,0.13910190761089300,0.32608699798584000,0.011891048401594200,45.0,1.3555794954299900,0.74810874,0.7707477,0.75942826,0.5555534362792970,0.5531677603721620,0.5,0.27111589908599900,0.08771929889917370,"[{'zh': '脑袋', 'rcs': 0.3159124553203583, 'w': 0.5}]","[{'zh': '骨', 'rcs': 0.535764753818512, 'w': 0.5007268142487543}, {'zh': '舌头', 'rcs': 0.4872653484344482, 'w': 0.22815729495438342}]",0.5790073972029950,0.3941793,0.30005962,0.34711945,头骨,骨,5,4
211,skull,pouch,M+E-,脑袋,袋子,y,,poor translation,0.054471634328365300,0.0957999974489212,0.0,0.013636363670229900,0.0,1.5,0.74810874,0.7399102,0.7440095,0.3159124553203580,0.5022851824760440,0.5,1.0,0.027272727340459800,"[{'zh': '头骨', 'rcs': 0.5555534362792969, 'w': 0.5}]",[],1.2000824776887300,0.3941793,0.523049,0.45861417,头骨,袋子,5,5
212,skull,tattoo,M-E+,,,,,,0.1345696747303010,0.03739999979734420,0.02173912525177000,0.0,3.0,0.0,0.74810874,0.61375374,0.6809312,,,,,,,,0.5103625573504490,0.3941793,0.063368395,0.22877386,头骨,花纹,5,6
213,slice,meat,M+E+,片,肉,,,,0.2624482214450840,0.30693960189819300,0.014925369061529600,0.010561827570200000,3.0,0.9400026798248290,0.7353474,0.8459676,0.7906575,0.240795686841011,0.5685207843780520,0.31333422660827600,1.0,0.033707864582538600,"[{'zh': '锅铲', 'rcs': 0.2552796304225921, 'w': 0.6866657782216525}]",[],1.406891128342880,0.022902219,0.49032253,0.25661236,锅铲,肉,5,4
214,slice,snow,M+E-,片,雪花,,y,poor translation,0.024798749014735200,0.02204197086393830,0.0,0.008801523596048360,0.0,0.7833355665206910,0.7353474,0.80626625,0.7708068,0.240795686841011,0.3500865399837490,0.31333422660827600,0.5,0.056179776787757900,"[{'zh': '锅铲', 'rcs': 0.2552796304225921, 'w': 0.6866657782216525}]","[{'zh': '下雪', 'rcs': 0.259146898984909, 'w': 0.5}]",1.2672966941404900,0.022902219,0.3016111,0.16225666,锅铲,下雪,5,4
215,slice,orange,M-E+,,,,,,0.26062285900116000,0.022673701867461200,0.049751248210668600,0.0,10.0,0.0,0.7353474,0.818682,0.77701473,,,,,,,,1.0392320667625600,0.022902219,0.47633475,0.24961849,锅铲,橙汁,5,6
216,slide,park,M+E+,滑梯,公园,,,,0.24500644207000700,0.05201678350567820,0.04477611929178240,0.00922185368835926,9.0,1.1619534492492700,0.73754287,0.78119713,0.75936997,0.3873946964740750,0.5533136129379270,0.5,0.38731783628463700,0.0476190485060215,"[{'zh': '滑动', 'rcs': 0.4370788633823395, 'w': 0.5}]","[{'zh': '庭院', 'rcs': 0.3167878687381744, 'w': 0.3873178485052622}, {'zh': '停车场', 'rcs': 0.4356929063796997, 'w': 0.16419304137673238}, {'zh': '庄园', 'rcs': 0.3247393667697906, 'w': 0.06117126161274324}]",0.9303232895129690,0.11800272,0.1420726,0.13003767,滑梯,庭院,5,4
217,slide,child,M+E-,滑梯,小孩,?,,high en rw,0.07238569855690000,0.032090239226818100,0.0,0.010237779468298000,0.0,1.2899601459503200,0.73754287,0.6764439,0.70699334,0.3873946964740750,0.300133466720581,0.5,0.12382668256759600,0.1587301641702650,"[{'zh': '滑动', 'rcs': 0.4370788633823395, 'w': 0.5}]","[{'zh': '女儿', 'rcs': 0.3485642671585083, 'w': 0.4042131146934415}, {'zh': '儿童', 'rcs': 0.2888596951961517, 'w': 0.19845540966654351}, {'zh': '儿子', 'rcs': 0.3133778274059295, 'w': 0.15180410567274608}, {'zh': '孩子', 'rcs': 0.3606066405773163, 'w': 0.12170068952723075}]",1.2114621295291200,0.11800272,0.24452023,0.18126148,滑梯,女儿,5,5
218,slide,metal,M-E+,,,,,,0.046832963824272200,0.03579999879002570,0.024875624105334300,0.0,5.0,0.0,0.73754287,0.79557395,0.7665584,,,,,,,,0.3680953076212020,0.11800272,0.69042593,0.40421432,滑梯,金属,5,5
219,smooth,skin,M+E+,光滑,皮肤,,,,0.2037767767906190,0.17279663681983900,0.054726362228393600,0.09390713274478910,11.0,9.578527450561520,0.7832629,0.7957984,0.78953063,0.4371867179870610,0.5646045207977300,1.0,0.4789263606071470,0.19607843458652500,[],"[{'zh': '壳', 'rcs': 0.3820466101169586, 'w': 0.1817293657600022}, {'zh': '剥皮', 'rcs': 0.3006784617900848, 'w': 0.17885542186769768}, {'zh': '毛皮', 'rcs': 0.363589197397232, 'w': 0.16048884487323642}]",1.4174188529509100,0.5231723,0.27219588,0.3976841,光滑,皮肤,6,4
220,smooth,plane,M+E-,光滑,平面,?,,poor translation,0.05636410042643550,0.12854373455047600,0.0,0.013219223357737100,0.0,1.3483607769012500,0.7832629,0.7042102,0.74373657,0.4371867179870610,0.2684282958507540,1.0,0.44945359230041500,0.029411764815449700,[],"[{'zh': '滑翔', 'rcs': 0.3761391341686249, 'w': 0.44945360527190037}, {'zh': '飞机', 'rcs': 0.4154236614704132, 'w': 0.10109278945619923}]",1.4540660165642600,0.5231723,0.3956297,0.459401,光滑,滑翔,6,5
221,smooth,sailing,M-E+,,,,,,0.09362836927175520,0.02110472321510320,0.029850751161575300,0.0,6.0,0.0,0.7832629,0.6612883,0.7222756,,,,,,,,0.6909144330747570,0.5231723,0.052034944,0.28760362,光滑,航班,6,7
222,snow,white,M+E+,下雪,白色,,,,0.16047242283821100,0.07283750176429750,0.36477991938591000,0.01666666753590110,58.0,1.75,0.80626625,0.7987871,0.8025267,0.259146898984909,0.4515153765678410,0.5,0.25,0.13333334028720900,"[{'zh': '雪花', 'rcs': 0.3500865399837494, 'w': 0.5}]","[{'zh': '白', 'rcs': 0.2417072206735611, 'w': 0.25}, {'zh': '雪白', 'rcs': 0.4313930571079254, 'w': 0.25}, {'zh': '白色的', 'rcs': 0.4358446896076202, 'w': 0.25}]",1.3736037908097500,0.3016111,0.652965,0.47728807,下雪,白,4,5
223,snow,beer,M+E-,雪花,啤酒,,y,uncommon word,0.027111584320664400,0.08124999701976780,0.0,0.04854368790984150,0.0,5.0,0.80626625,0.78424996,0.7952581,0.3500865399837490,0.574459969997406,0.5,1.0,0.09708737581968310,"[{'zh': '下雪', 'rcs': 0.259146898984909, 'w': 0.5}]",[],0.47588514751667300,0.3016111,0.23740996,0.26951054,下雪,啤酒,4,4
224,snow,soft,M-E+,,,,,,0.07365761697292330,0.02333788014948370,0.025157233700156200,0.0,4.0,0.0,0.80626625,0.79574925,0.80100775,,,,,,,,0.9080293356449340,0.3016111,0.32706863,0.31433988,下雪,软,4,4
225,soft,skin,M+E+,柔软,皮肤,,,,0.18321305513382000,0.04188589006662370,0.054216861724853500,0.01334006991237400,9.0,1.8542697429657000,0.79574925,0.7957984,0.79577386,0.3980827033519750,0.5646045207977300,0.4301913380622860,0.4789263606071470,0.06474819779396060,"[{'zh': '软', 'rcs': 0.4027330577373504, 'w': 0.43019133098298074}, {'zh': '小的', 'rcs': 0.2205965369939804, 'w': 0.13961733803403859}]","[{'zh': '壳', 'rcs': 0.3820466101169586, 'w': 0.1817293657600022}, {'zh': '剥皮', 'rcs': 0.3006784617900848, 'w': 0.17885542186769768}, {'zh': '毛皮', 'rcs': 0.363589197397232, 'w': 0.16048884487323642}]",0.869047362946495,0.32706863,0.27219588,0.29963225,软,皮肤,4,4
226,soft,sugar,M+E-,软,糖,,,,0.06361734867095950,0.10746179521083800,0.0,0.027169978246092800,0.0,2.581148147583010,0.79574925,0.8346725,0.8152109,0.4027330577373500,0.6042978167533880,0.4301913380622860,1.0,0.06315789371728900,"[{'zh': '柔软', 'rcs': 0.3980827033519745, 'w': 0.43019133098298074}, {'zh': '小的', 'rcs': 0.2205965369939804, 'w': 0.13961733803403859}]",[],1.0498064086996100,0.32706863,0.2812132,0.30414093,软,糖,4,5
227,soft,light,M-E+,,,,,,0.05980953574180600,0.006761286407709120,0.024096382781863200,0.0,4.0,0.0,0.79574925,0.7564144,0.7760818,,,,,,,,1.0573045087903500,0.32706863,0.788583,0.5578258,软,电灯,4,5
228,solid,rock,M+E+,坚固,石头,,,,0.241864413022995,0.049872927367687200,0.12883436679840100,0.010648103430867200,21.0,1.277772307395940,0.7583316,0.5878591,0.67309535,0.2520243227481840,0.2639249563217160,0.5,0.2839494049549100,0.07500000298023220,"[{'zh': '固体', 'rcs': 0.4507730305194855, 'w': 0.5}]","[{'zh': '钻石', 'rcs': 0.2007309198379516, 'w': 0.7160506063685319}]",1.0429794889611300,0.64797664,0.06207218,0.3550244,固体,钻石,5,4
229,solid,wet,M+E-,固体,液体,y,,poor translation,0.040642332285642600,0.018676431849598900,0.0,0.011438240297138700,0.0,1.3268358707428000,0.7583316,0.810579,0.7844553,0.4507730305194860,0.3145627677440640,0.5,0.07804916799068450,0.2931034564971920,"[{'zh': '坚固', 'rcs': 0.2520243227481842, 'w': 0.5}]","[{'zh': '湿', 'rcs': 0.4603066146373749, 'w': 0.25993643248032516}, {'zh': '湿的', 'rcs': 0.4789307117462158, 'w': 0.25993643248032516}, {'zh': '潮湿', 'rcs': 0.4323588013648987, 'w': 0.25993643248032516}, {'zh': '水', 'rcs': 0.3768291473388672, 'w': 0.14214153668897236}]",1.0412334390616700,0.64797664,0.37285385,0.51041526,固体,湿,5,3
230,solid,state,M-E+,,,,,,0.04640054702758790,0.010571155697107300,0.030674846842885000,0.0,5.0,0.0,0.7583316,0.7015089,0.72992027,,,,,,,,1.2494103769245400,0.64797664,0.25638014,0.4521784,固体,国家,5,5
231,sperm,male,M+E+,精子,男性,y,,profanity,0.18256956338882400,0.18857234716415400,0.06557377427816390,0.08922981470823290,12.0,6.692236423492430,0.77611023,0.7709186,0.7735144,0.5983464121818540,0.3941675722599030,0.7435818314552310,1.0,0.11999999731779100,"[{'zh': '精液', 'rcs': 0.5561825633049011, 'w': 0.2564181623648632}]",[],1.0920962381799500,0.3527292,0.046534922,0.19963206,精子,男性,5,4
232,sperm,bloke,M+E-,精液,男人,,,,0.051741212606430100,0.09392188489437100,0.0,0.02846117503941060,0.0,2.1345882415771500,0.77611023,0.68595093,0.7310306,0.5561825633049010,0.3848049640655520,0.2564181685447690,0.7176709175109860,0.09090909361839290,"[{'zh': '精子', 'rcs': 0.5983464121818542, 'w': 0.7435818376351369}]","[{'zh': '家伙', 'rcs': 0.4022364318370819, 'w': 0.28232908843550797}]",0.8844125984896480,0.3527292,0.14578894,0.24925907,精子,男人,5,5
233,sperm,whale,M-E+,,,,,,0.21753138303756700,0.014822064898908100,0.14754098653793300,0.0,27.0,0.0,0.77611023,0.8123611,0.7942357,,,,,,,,0.3445582949532470,0.3527292,0.5650439,0.45888656,精子,鲸,5,5
234,spin,wheel,M+E+,转动,轮子,,,,0.28807416558265700,0.061639029532671000,0.029556646943092300,0.008497113361954690,6.0,0.7987287044525150,0.7111176,0.8055589,0.7583383,0.2905631363391880,0.5315656661987310,0.4763233959674840,0.23955173790454900,0.07446808367967610,"[{'zh': '旋转', 'rcs': 0.2885651886463165, 'w': 0.5236766046364622}]","[{'zh': '车轮', 'rcs': 0.547667920589447, 'w': 0.23955173710622196}, {'zh': '方向盘', 'rcs': 0.4993504583835602, 'w': 0.23955173710622196}, {'zh': '轮', 'rcs': 0.3787873983383178, 'w': 0.23955173710622196}, {'zh': '轮椅', 'rcs': 0.3203202188014984, 'w': 0.041793051575112115}]",1.0739378500657500,0.03836216,0.2208088,0.12958547,旋转,车轮,4,5
235,spin,leap,M+E-,旋转,跳跃,,,,0.0461551770567894,0.16925227642059300,0.0,0.1496219038963320,0.0,15.710298538208000,0.7111176,0.6972972,0.7042074,0.2885651886463170,0.2716983556747440,0.5236766338348390,1.0,0.2857142984867100,"[{'zh': '转动', 'rcs': 0.2905631363391876, 'w': 0.4763233953635378}]",[],0.4257849458804370,0.03836216,0.0020978816,0.020230021,旋转,跳跃,4,4
236,spin,round,M-E+,,,,,,0.17465639114379900,0.0211963914334774,0.06403941661119460,0.0,13.0,0.0,0.7111176,0.46832725,0.58972245,,,,,,,,0.9516713868664220,0.03836216,0.014070731,0.026216445,旋转,回合,4,5
237,spine,bone,M+E+,脊柱,骨头,,,,0.20463146269321400,0.10547298192977900,0.060301508754491800,0.01008529495447870,12.0,0.7463119626045230,0.7388731,0.7707477,0.75481045,0.5940449237823490,0.5531677603721620,0.550548255443573,0.27111589908599900,0.06756756454706190,"[{'zh': '背', 'rcs': 0.3529384136199951, 'w': 0.29316027912838}, {'zh': '刺', 'rcs': 0.3742818534374237, 'w': 0.15629146524398665}]","[{'zh': '骨', 'rcs': 0.535764753818512, 'w': 0.5007268142487543}, {'zh': '舌头', 'rcs': 0.4872653484344482, 'w': 0.22815729495438342}]",0.9498350371092780,0.16916916,0.30005962,0.23461439,脊柱,骨,5,4
238,spine,backpack,M+E-,背,背包,y,,poor translation,0.023565657436847700,0.06839429587125780,0.0,0.037497248500585600,0.0,3.2247631549835200,0.7388731,0.7042114,0.72154224,0.3529384136199950,0.5377047657966610,0.2931602895259860,1.0,0.12790697813034100,"[{'zh': '脊柱', 'rcs': 0.5940449237823486, 'w': 0.5505482556276334}, {'zh': '刺', 'rcs': 0.3742818534374237, 'w': 0.15629146524398665}]",[],1.477875243515950,0.16916916,0.035007514,0.10208833,脊柱,背包,5,8
239,spine,tap,M-E+,,,,,,0.10656245797872500,0.03396882861852650,0.02512562833726410,0.0,5.0,0.0,0.7388731,0.69501346,0.71694326,,,,,,,,1.2269276828065500,0.16916916,0.5978189,0.38349402,脊柱,水龙头,5,3
240,sports,running,M+E+,运动,跑步,,,,0.2812228202819820,0.1741248369216920,0.042168669402599300,0.02812894433736800,7.0,3.684891700744630,0.7607556,0.7895584,0.775157,0.2600416839122770,0.2267284095287320,0.2164754569530490,0.36176687479019200,0.1164383590221410,"[{'zh': '体育', 'rcs': 0.4324929714202881, 'w': 0.7835245430329306}]","[{'zh': '跑', 'rcs': 0.2226924896240234, 'w': 0.6382331357135055}]",1.1520182988634900,0.24604157,0.34699973,0.29652065,体育,跑,6,7
241,sports,teacher,M+E-,体育,老师,,,,0.015414093621075200,0.05392153561115270,0.0,0.012296183966100200,0.0,1.6108001470565800,0.7607556,0.7545064,0.757631,0.4324929714202880,0.3468257486820220,0.7835245132446290,0.5139597058296200,0.030534351244568800,"[{'zh': '运动', 'rcs': 0.2600416839122772, 'w': 0.21647545696706927}]","[{'zh': '教师', 'rcs': 0.5814129710197449, 'w': 0.27992430342702346}, {'zh': '先生', 'rcs': 0.3092143535614013, 'w': 0.20611599535842348}]",0.9201942500405540,0.24604157,0.3640417,0.3050416,体育,老师,6,7
242,sports,team,M-E+,,,,,,0.3059673607349400,0.026666082441806800,0.024096384644508400,0.0,4.0,0.0,0.7607556,0.6859404,0.723348,,,,,,,,1.3281213642064500,0.24604157,0.06955115,0.15779635,体育,队伍,6,4
243,spray,bottle,M+E+,喷雾,瓶子,,,,0.09311811625957490,0.1048373430967330,0.05263158679008480,0.020984360948205000,11.0,1.8256393671035800,0.74561656,0.71386576,0.72974116,0.5236483216285710,0.4807119071483610,1.0,0.45640984177589400,0.04597701132297520,[],"[{'zh': '奶瓶', 'rcs': 0.5026694536209106, 'w': 0.45640985357178115}, {'zh': '酒', 'rcs': 0.38345867395401, 'w': 0.08718029285643766}]",1.0896563476875500,0.18206261,0.16522732,0.17364496,喷雾,瓶子,5,6
244,spray,alcohol,M+E-,喷雾,酒精,,,,0.06474342942237850,0.25599467754364000,0.0,0.02925887517631050,0.0,2.5455222129821800,0.74561656,0.7658027,0.75570965,0.5236483216285710,0.5819281339645390,1.0,0.8485074043273930,0.03448275849223140,[],"[{'zh': '酒', 'rcs': 0.2689618468284607, 'w': 0.1514925831382802}]",1.0421816722348300,0.18206261,0.41948226,0.30077243,喷雾,酒精,5,7
245,spray,ocean,M-E+,,,,,,0.128483846783638,0.01831434667110440,0.047846898436546300,0.0,10.0,0.0,0.74561656,0.855346,0.8004813,,,,,,,,0.7040422482117330,0.18206261,0.43111223,0.30658743,喷雾,海洋,5,5
246,square,circle,M+E+,方形,圆形,,,,0.3162387013435360,0.0410502552986145,0.16161616146564500,0.008120152167975900,32.0,0.9013369083404540,0.73764163,0.7311723,0.73440695,0.3444466888904570,0.3672444522380830,0.25,0.133531391620636,0.2432432472705840,"[{'zh': '广场', 'rcs': 0.4968146383762359, 'w': 0.25}, {'zh': '平方', 'rcs': 0.3648816347122192, 'w': 0.25}, {'zh': '正方形', 'rcs': 0.2869710028171539, 'w': 0.25}]","[{'zh': '圆周', 'rcs': 0.2899746596813202, 'w': 0.2884768449289036}, {'zh': '圆', 'rcs': 0.3139594197273254, 'w': 0.2884768449289036}, {'zh': '圆圈', 'rcs': 0.4085624814033508, 'w': 0.15500026620728077}, {'zh': '环', 'rcs': 0.3163108229637146, 'w': 0.1345146566525419}]",0.23450789797973700,0.3081997,0.10434064,0.20627017,广场,圆周,6,6
247,square,mama,M+E-,广场,大妈,?,,poor translation,0.004668050445616250,0.052522119134664500,0.0,0.024349313229322400,0.0,2.9462668895721400,0.73764163,0.6280759,0.68285877,0.4968146383762360,0.3528442680835720,0.25,0.7856711745262150,0.12396693974733400,"[{'zh': '方形', 'rcs': 0.3444466888904571, 'w': 0.25}, {'zh': '平方', 'rcs': 0.3648816347122192, 'w': 0.25}, {'zh': '正方形', 'rcs': 0.2869710028171539, 'w': 0.25}]","[{'zh': '妈妈', 'rcs': 0.4193300902843475, 'w': 0.21432883854456125}]",1.1625993439871000,0.3081997,0.58103603,0.44461787,广场,大妈,6,4
248,square,round,M-E+,,,y,,duplicate route,0.2200705111026760,0.01075000036507850,0.08080808073282240,0.0,16.0,0.0,0.73764163,0.46832725,0.6029844,,,,,,,,0.7464243709746650,0.3081997,0.014070731,0.16113521,广场,回合,6,5
249,stamp,postcard,M+E+,邮票,明信片,,,,0.36907103657722500,0.28858664631843600,0.013574663549661600,0.01277022436261180,3.0,1.3664140701293900,0.709393,0.7403092,0.72485113,0.516403079032898,0.466812789440155,0.45547133684158300,1.0,0.028037382289767300,"[{'zh': '贴', 'rcs': 0.2576663494110107, 'w': 0.4554713490238911}, {'zh': '戳', 'rcs': 0.2337913513183593, 'w': 0.08905730195221785}]",[],1.484008238215840,0.18696253,0.35352045,0.2702415,贴,明信片,5,8
250,stamp,lining,M+E-,贴,膜,y,,poor translation,0.03959769755601880,0.11099836230278000,0.0,0.026277191936969800,0.0,1.3664140701293900,0.709393,0.51914597,0.6142695,0.2576663494110110,0.377110093832016,0.45547133684158300,1.0,0.057692307978868500,"[{'zh': '邮票', 'rcs': 0.516403079032898, 'w': 0.4554713490238911}, {'zh': '戳', 'rcs': 0.2337913513183593, 'w': 0.08905730195221785}]",[],0.5744053141893730,0.18696253,0.0037303155,0.09534642,贴,膜,5,6
251,stamp,lick,M-E+,,,,,,0.13528485596180000,0.03283948451280590,0.04072399064898490,0.0,9.0,0.0,0.709393,0.8102749,0.75983393,,,,,,,,0.6116754614661230,0.18696253,0.59915155,0.39305705,贴,舔,5,4
252,steel,iron,M+E+,钢,铁,,,,0.27806273102760300,0.4047520160675050,0.1479591578245160,0.2759299874305730,29.0,30.62822723388670,0.7872494,0.795556,0.7914027,0.3168725371360780,0.37674680352211,0.7657057046890260,1.0,0.36036035418510400,"[{'zh': '兵器', 'rcs': 0.2304255664348602, 'w': 0.23429430532653753}]",[],0.5516545971675970,0.5706547,0.75996953,0.6653121,钢,铁,5,4
253,steel,shooter,M+E-,兵器,枪,y,,poor translation,0.05341577157378200,0.10754108428955100,0.0,0.022313743829727200,0.0,2.3429431915283200,0.7872494,0.7726568,0.7799531,0.2304255664348600,0.3207056224346160,0.23429431021213500,1.0,0.095238097012043,"[{'zh': '钢', 'rcs': 0.3168725371360779, 'w': 0.7657056946734625}]",[],1.2352653067793200,0.5706547,0.33269796,0.4516763,钢,枪,5,7
254,steel,wool,M-E+,,,,,,0.09059934318065640,0.03238935023546220,0.020408162847161300,0.0,4.0,0.0,0.7872494,0.806813,0.79703116,,,,,,,,1.068672428181020,0.5706547,0.13531001,0.35298234,钢,毛线,5,4
255,string,violin,M+E+,弦,小提琴,,,,0.23940126597881300,0.2659173309803010,0.040000006556510900,0.05207151919603350,10.0,4.061578273773190,0.6284958,0.80656534,0.7175306,0.4187423884868620,0.5336957573890690,0.5802254676818850,1.0,0.08974359184503560,"[{'zh': '绳子', 'rcs': 0.3045003116130829, 'w': 0.41977453550667027}]",[],0.5617700020656420,0.254066,0.2713516,0.26270878,弦,小提琴,6,6
256,string,serpent,M+E-,绳子,蛇,?,,uncommon word,0.02319173514842990,0.06947268545627590,0.0,0.01614517532289030,0.0,1.679098129272460,0.6284958,0.72112226,0.67480904,0.3045003116130830,0.425779789686203,0.41977453231811500,1.0,0.03846153989434240,"[{'zh': '弦', 'rcs': 0.4187423884868622, 'w': 0.5802254644933297}]",[],1.1375026479435400,0.254066,0.022838162,0.13845208,弦,蛇,6,7
257,string,thread,M-E+,,,,,,0.3838324248790740,0.024710455909371400,0.052000004798173900,0.0,13.0,0.0,0.6284958,0.64790684,0.63820136,,,,,,,,0.48923575554128900,0.254066,0.026098285,0.14008214,弦,穿,6,6
258,subway,train,M+E+,地铁,火车,,,,0.2997165620327000,0.26579999923706100,0.18143463134765600,0.024752475321292900,43.0,2.5,0.7617278,0.78923094,0.7754794,0.4217494428157810,0.4068214297294620,1.0,0.5,0.049504950642585800,[],"[{'zh': '列车', 'rcs': 0.3996173441410064, 'w': 0.5}]",1.2777251802918200,0.38268942,0.15093203,0.26681072,地铁,火车,6,5
259,subway,squeeze,M+E-,地铁,挤,,y,poor translation,0.0298631452023983,0.1864088475704190,0.0,0.01867670752108100,0.0,1.8863474130630500,0.7617278,0.65930796,0.7105179,0.4217494428157810,0.2201699912548070,1.0,0.3772694766521450,0.049504950642585800,[],"[{'zh': '捏', 'rcs': 0.3188902139663696, 'w': 0.3434488904341609}, {'zh': '挤压', 'rcs': 0.2590376138687134, 'w': 0.2792816473521119}]",1.1615225369279400,0.38268942,0.08670793,0.23469867,地铁,挤,6,7
260,subway,tube,M-E+,,,,,,0.24497035145759600,0.019464435055851900,0.050632912665605500,0.0,12.0,0.0,0.7617278,0.7207436,0.74123573,,,,,,,,0.9982671850278400,0.38268942,0.20718074,0.29493508,地铁,管,6,4
261,swamp,wet,M+E+,淹没,水,,,,0.2676752805709840,0.03647720441222190,0.0364583283662796,0.010424834676086900,7.0,1.2092808485031100,0.6842351,0.810579,0.7474071,0.2308024913072590,0.3768291473388670,0.6076844930648800,0.14214153587818100,0.12068965286016500,"[{'zh': '沼泽', 'rcs': 0.4666385054588318, 'w': 0.3923155171236762}]","[{'zh': '湿', 'rcs': 0.4603066146373749, 'w': 0.25993643248032516}, {'zh': '湿的', 'rcs': 0.4789307117462158, 'w': 0.25993643248032516}, {'zh': '潮湿', 'rcs': 0.4323588013648987, 'w': 0.25993643248032516}, {'zh': '液体', 'rcs': 0.3145627677440643, 'w': 0.07804916587005213}]",1.3397048720213700,0.2664486,0.37285385,0.31965122,淹没,湿,5,3
262,swamp,swim,M+E-,淹没,游泳,?,,uncommon word,0.07420631498098370,0.2072811871767040,0.0,0.015715979039669000,0.0,1.8230534791946400,0.6842351,0.75890666,0.72157085,0.2308024913072590,0.2599096298217770,0.6076844930648800,1.0,0.0258620698004961,"[{'zh': '沼泽', 'rcs': 0.4666385054588318, 'w': 0.3923155171236762}]",[],0.9737266974119500,0.2664486,0.42403856,0.34524357,淹没,游泳,5,4
263,swamp,muck,M-E+,,,,,,0.3386612832546230,0.021475819870829600,0.02083333022892480,0.0,4.0,0.0,0.6842351,0.5523958,0.61831546,,,,,,,,1.474313469097970,0.2664486,0.027797455,0.14712302,淹没,打扫,5,4
264,swing,jazz,M+E+,摇摆,爵士,,,,0.15924639999866500,0.0769582986831665,0.0175438541918993,0.007670516613870860,4.0,0.6059708595275880,0.5413396,0.71124583,0.6262927,0.3255805671215060,0.2111568748950960,0.2019902765750890,1.0,0.037974681705236400,"[{'zh': '转弯', 'rcs': 0.2614188492298126, 'w': 0.5235030263109579}, {'zh': '摇', 'rcs': 0.3378275334835052, 'w': 0.2745066918235665}]",[],0.8782902694432000,0.026704676,0.9212167,0.4739607,转弯,爵士,5,4
265,swing,auto,M+E-,转弯,汽车,y,,poor translation,0.036475926637649500,0.2366233617067340,0.0,0.04079243913292890,0.0,3.1410179138183600,0.5413396,0.7357835,0.63856155,0.2614188492298130,0.4339776635169980,0.5235030055046080,1.0,0.07792207598686220,"[{'zh': '摇', 'rcs': 0.3378275334835052, 'w': 0.2745066918235665}, {'zh': '摇摆', 'rcs': 0.3255805671215057, 'w': 0.2019902818654756}]",[],0.9619476680575240,0.026704676,0.04260072,0.0346527,转弯,汽车,5,4
266,swing,bat,M-E+,,,,,,0.1399262398481370,0.00943865068256855,0.035087719559669500,0.0,8.0,0.0,0.5413396,0.807446,0.6743928,,,,,,,,1.068901663735990,0.026704676,0.38794613,0.2073254,转弯,蝙蝠,5,3
267,switch,light,M+E+,开关,电灯,,,,0.15474432706832900,0.12179547548294100,0.14611871540546400,0.01951100304722790,32.0,1.9901220798492400,0.6346009,0.7564144,0.69550765,0.3317148685455320,0.218872919678688,0.6166532635688780,0.32272952795028700,0.09803921729326250,"[{'zh': '转换', 'rcs': 0.3224034905433655, 'w': 0.19782583341149027}, {'zh': '转移', 'rcs': 0.2481322288513183, 'w': 0.09754687964753536}, {'zh': '交换', 'rcs': 0.2526579201221466, 'w': 0.08797401518700525}]","[{'zh': '光亮', 'rcs': 0.3436053693294525, 'w': 0.32272952076039185}, {'zh': '光线', 'rcs': 0.4118394553661346, 'w': 0.1417129593790649}, {'zh': '点', 'rcs': 0.226642832159996, 'w': 0.12998594163398947}, {'zh': '窗户', 'rcs': 0.2362789809703827, 'w': 0.0828420574661619}]",1.0813021106738200,0.10374456,0.788583,0.44616377,开关,电灯,6,5
268,switch,untie,M+E-,开关,打开,y,,poor translation,0.0458696149289608,0.27015578746795700,0.0,0.042319342494010900,0.0,4.316572666168210,0.6346009,0.44019672,0.5373988,0.3317148685455320,0.3402752876281740,0.6166532635688780,1.0,0.06862745434045790,"[{'zh': '转换', 'rcs': 0.3224034905433655, 'w': 0.19782583341149027}, {'zh': '转移', 'rcs': 0.2481322288513183, 'w': 0.09754687964753536}, {'zh': '交换', 'rcs': 0.2526579201221466, 'w': 0.08797401518700525}]",[],1.048090063679790,0.10374456,0.015188901,0.05946673,开关,打开,6,5
269,switch,stick,M-E+,,,,,,0.22379210591316200,0.01607116498053070,0.031963467597961400,0.0,7.0,0.0,0.6346009,0.69549215,0.6650465,,,,,,,,0.9599029922210530,0.10374456,0.023742562,0.06374356,开关,放置,6,5
270,sword,sharp,M+E+,刀,锋利,,,,0.18307380378246300,0.18426905572414400,0.07058823108673100,0.011517907492816400,12.0,1.1057190895080600,0.7492657,0.7699418,0.75960374,0.3880504071712490,0.3983169496059420,0.34649503231048600,0.6382308602333070,0.0520833320915699,"[{'zh': '剑', 'rcs': 0.3996585011482239, 'w': 0.6535049775078716}]","[{'zh': '尖', 'rcs': 0.2377199679613113, 'w': 0.36176915618324945}]",1.002900296827400,0.34472117,0.57118124,0.4579512,剑,锋利,5,5
271,sword,blood,M+E-,刀,血,,,,0.030937617644667600,0.04876917600631710,0.0,0.01263263076543810,0.0,1.2127325534820600,0.7492657,0.79897857,0.7741221,0.3880504071712490,0.4808254837989810,0.34649503231048600,0.5,0.0729166641831398,"[{'zh': '剑', 'rcs': 0.3996585011482239, 'w': 0.6535049775078716}]","[{'zh': '血液', 'rcs': 0.3946893513202667, 'w': 0.5}]",1.0625869250977700,0.34472117,0.4128438,0.37878248,剑,血液,5,5
272,sword,stone,M-E+,,,,,,0.07191408425569530,0.009039660915732380,0.035294122993946100,0.0,6.0,0.0,0.7492657,0.7497603,0.74951303,,,,,,,,0.30837916038253800,0.34472117,0.3431988,0.34396,剑,石子,5,5
273,tail,cat,M+E+,尾巴,猫,,,,0.2410212606191640,0.2050500065088270,0.1666666716337200,0.03252032399177550,27.0,4.0,0.72547716,0.82852244,0.77699983,0.4287750720977780,0.4880292117595670,0.5,1.0,0.06504064798355100,"[{'zh': '燕尾服', 'rcs': 0.3041740655899048, 'w': 0.5}]",[],0.7407015626552230,0.52715623,0.70452857,0.6158424,尾巴,猫,4,3
274,tail,suit,M+E-,燕尾服,西装,,,,0.041545528918504700,0.09835000336170200,0.0,0.01944444514811040,0.0,2.3333334922790500,0.72547716,0.7532095,0.7393433,0.3041740655899050,0.255700945854187,0.5,0.3333333432674410,0.11666666716337200,"[{'zh': '尾巴', 'rcs': 0.4287750720977783, 'w': 0.5}]","[{'zh': '西服', 'rcs': 0.2543237507343292, 'w': 0.3333333333333333}, {'zh': '套装', 'rcs': 0.3030464947223663, 'w': 0.3333333333333333}]",0.5700990745782510,0.52715623,0.11344075,0.3202985,尾巴,西装,4,4
275,tail,butt,M-E+,,,,,,0.1726149618625640,0.03779999911785130,0.030864205211401000,0.0,5.0,0.0,0.72547716,0.7246236,0.7250504,,,,,,,,0.3248459179816230,0.52715623,0.17101058,0.34908342,尾巴,屁股,4,4
276,tent,camp,M+E+,帐篷,野营,,,,0.4122188687324520,0.2948499917984010,0.0651162788271904,0.07500000298023220,14.0,9.0,0.76299316,0.7391484,0.75107074,0.4726112186908720,0.2766191363334660,1.0,0.5,0.15000000596046400,[],"[{'zh': '营地', 'rcs': 0.4515192210674286, 'w': 0.5}]",0.8143977190168680,0.4915423,0.612956,0.55224913,帐篷,野营,4,4
277,tent,trip,M+E-,帐篷,旅行,,,,0.04896455258131030,0.09945155680179600,0.0,0.01968558132648470,0.0,2.362269639968870,0.76299316,0.7715139,0.7672535,0.4726112186908720,0.2982495725154880,1.0,0.590567409992218,0.03333333507180210,[],"[{'zh': '旅程', 'rcs': 0.2326556891202926, 'w': 0.40943257469127614}]",1.4390584071123400,0.4915423,0.12217965,0.30686098,帐篷,旅行,4,4
278,tent,canvas,M-E+,,,,,,0.21811476349830600,0.03909999877214430,0.037209298461675600,0.0,8.0,0.0,0.76299316,0.6781513,0.72057223,,,,,,,,1.2471788875924800,0.4915423,0.13731396,0.31442815,帐篷,油画,4,6
279,thick,thin,M+E+,厚,薄,,,,0.18111154437065100,0.21764999628067000,0.18965519964695000,0.13445378839969600,33.0,16.0,0.65414226,0.75006765,0.7021049,0.4037962555885320,0.4066925942897800,1.0,0.5,0.2689075767993930,[],"[{'zh': '细', 'rcs': 0.2999193370342254, 'w': 0.5}]",0.5477245229026650,0.7884531,0.49417633,0.64131474,厚,薄,5,4
280,thick,warm,M+E-,厚,暖和,,,,0.04742107912898060,0.18412822484970100,0.0,0.013688847422599800,0.0,1.6289727687835700,0.65414226,0.7935588,0.7238505,0.4037962555885320,0.422766238451004,1.0,0.5429909229278560,0.02521008439362050,[],"[{'zh': '温暖', 'rcs': 0.3686213195323944, 'w': 0.45700908514453725}]",0.9544822341341100,0.7884531,0.26628718,0.52737015,厚,暖和,5,4
281,thick,broad,M-E+,,,,,,0.16388459503650700,0.03709999844431880,0.028735630214214300,0.0,5.0,0.0,0.65414226,0.72209525,0.68811876,,,,,,,,1.451131937952450,0.7884531,0.07773387,0.4330935,厚,宽广,5,5
282,thin,thick,M+E+,薄,厚,,,,0.18111154437065100,0.21764999628067000,0.0703517496585846,0.1111111119389530,14.0,11.0,0.75006765,0.65414226,0.7021049,0.4066925942897800,0.4037962555885320,0.5,1.0,0.2222222238779070,"[{'zh': '细', 'rcs': 0.2999193370342254, 'w': 0.5}]",[],0.5477245229026650,0.49417633,0.7884531,0.64131474,薄,厚,4,5
283,thin,rough,M+E-,细,粗,y,,poor translation,0.027040671557188000,0.08912181854248050,0.0,0.03021334670484070,0.0,3.474534749984740,0.75006765,0.7057622,0.7279149,0.2999193370342250,0.2246107459068300,0.5,0.3474534749984740,0.17391304671764400,"[{'zh': '薄', 'rcs': 0.4066925942897796, 'w': 0.5}]","[{'zh': '粗糙', 'rcs': 0.2128840833902359, 'w': 0.6525465358805811}]",0.5887142168030830,0.49417633,0.39005485,0.4421156,薄,粗糙,4,5
284,thin,model,M-E+,,,,,,0.21055111289024400,0.013978725299239200,0.055276382714510000,0.0,11.0,0.0,0.75006765,0.7239861,0.7370269,,,,,,,,0.852849657735694,0.49417633,0.10777142,0.30097386,薄,模型,4,5
285,thumb,nail,M+E+,大拇指,指甲,,,,0.35461515188217200,0.08002661168575290,0.2222222536802290,0.019828813150525100,28.0,1.6457915306091300,0.7341771,0.7656059,0.7498915,0.4603366553783420,0.4805534183979030,0.5,0.4114478826522830,0.09638553857803350,"[{'zh': '拇指', 'rcs': 0.4884990155696869, 'w': 0.5}]","[{'zh': '钉', 'rcs': 0.494232714176178, 'w': 0.41144787488859724}, {'zh': '钉子', 'rcs': 0.4445976316928863, 'w': 0.17710425022280543}]",0.5447473586385160,0.3675213,0.11914565,0.24333346,大拇指,钉,5,4
286,thumb,bingo,M+E-,大拇指,好,?,,poor translation,0.019216330721974400,0.15459999442100500,0.0,0.0301204826682806,0.0,2.5,0.7341771,0.5805541,0.6573656,0.4603366553783420,0.2145953923463820,0.5,1.0,0.0602409653365612,"[{'zh': '拇指', 'rcs': 0.4884990155696869, 'w': 0.5}]",[],0.8991729207542560,0.3675213,0.0044899364,0.1860056,大拇指,好,5,5
287,thumb,nose,M-E+,,,,,,0.08847080171108250,0.021657347679138200,0.023809531703591300,0.0,3.0,0.0,0.7341771,0.79401773,0.76409745,,,,,,,,1.076882008664920,0.3675213,0.15315132,0.2603363,大拇指,鼻,5,4
288,ticket,train,M+E+,车票,火车,,,,0.1737700253725050,0.08615820854902270,0.07109005004167560,0.018978623673319800,15.0,1.7080761194229100,0.7358287,0.78923094,0.76252985,0.4166374206542970,0.4068214297294620,0.2846793532371520,0.5,0.13333334028720900,"[{'zh': '门票', 'rcs': 0.3813907504081726, 'w': 0.28467935418816703}, {'zh': '彩票', 'rcs': 0.3290631771087646, 'w': 0.28467935418816703}, {'zh': '票', 'rcs': 0.3064610660076141, 'w': 0.14596193743549893}]","[{'zh': '列车', 'rcs': 0.3996173441410064, 'w': 0.5}]",0.6328942114852760,0.33745766,0.15093203,0.24419484,门票,火车,6,5
289,ticket,aircraft,M+E-,票,飞机,,,,0.07496078312397000,0.07834376394748690,0.0,0.008340681903064250,0.0,0.8757716417312620,0.7358287,0.7968302,0.7663294,0.3064610660076140,0.5241279602050780,0.1459619402885440,1.0,0.05714285746216770,"[{'zh': '门票', 'rcs': 0.3813907504081726, 'w': 0.28467935418816703}, {'zh': '车票', 'rcs': 0.4166374206542969, 'w': 0.28467935418816703}, {'zh': '彩票', 'rcs': 0.3290631771087646, 'w': 0.28467935418816703}]",[],1.3201772458111300,0.33745766,0.10313904,0.22029835,门票,飞机,6,8
290,ticket,machine,M-E+,,,,,,0.058921340852975800,0.013027097098529300,0.023696687072515500,0.0,5.0,0.0,0.7358287,0.76626587,0.75104725,,,,,,,,0.6838216587220110,0.33745766,0.51058114,0.4240194,门票,机器,6,7
291,tribe,clan,M+E+,族,家族,,,,0.3911159932613370,0.08108333498239520,0.056179776787757900,0.016304347664117800,10.0,1.5,0.74247134,0.7459474,0.7442094,0.3651827275753020,0.3892642855644230,0.5,0.3333333432674410,0.09782608598470690,"[{'zh': '部落', 'rcs': 0.4054463803768158, 'w': 0.5}]","[{'zh': '帮派', 'rcs': 0.2109794467687606, 'w': 0.3333333333333333}, {'zh': '氏族', 'rcs': 0.430666834115982, 'w': 0.3333333333333333}]",0.8349389387825560,0.24318637,0.19057105,0.21687871,族,帮派,5,4
292,tribe,warfare,M+E-,部落,战争,,,,0.03411553055047990,0.04741020128130910,0.0,0.011809935793280600,0.0,0.9802247285842900,0.74247134,0.75921524,0.7508433,0.4054463803768160,0.2952758073806760,0.5,0.6534831523895260,0.03614457696676250,"[{'zh': '族', 'rcs': 0.3651827275753021, 'w': 0.5}]","[{'zh': '斗争', 'rcs': 0.2138779163360595, 'w': 0.34651687342254717}]",1.4813530256109900,0.24318637,0.2201114,0.23164889,族,战争,5,7
293,tribe,band,M-E+,,,,,,0.07544049620628360,0.019899999722838400,0.02808988094329830,0.0,5.0,0.0,0.74247134,0.7856084,0.7640399,,,,,,,,1.3452814118035800,0.24318637,0.5359053,0.38954583,族,乐队,5,4
294,trunk,tree,M+E+,树桩,大树,,,,0.1239413172006610,0.18001596629619600,0.1428571343421940,0.01203926932066680,26.0,1.3965551853179900,0.48890853,0.80540377,0.6471561,0.4005113244056700,0.3920817971229550,0.2828191816806790,0.38945695757865900,0.05050504952669140,"[{'zh': '树干', 'rcs': 0.4448303580284118, 'w': 0.7171808167341409}]","[{'zh': '树', 'rcs': 0.3510806560516357, 'w': 0.3894569459129817}, {'zh': '树木', 'rcs': 0.4441355466842651, 'w': 0.22108610817403662}]",0.8496039255497320,0.081536956,0.4329255,0.25723124,树干,大树,5,4
295,trunk,rough,M+E-,树干,粗糙,,,,0.03875303640961650,0.06436499208211900,0.0,0.020172148942947400,0.0,2.3399691581726100,0.48890853,0.7057622,0.59733534,0.4448303580284120,0.2128840833902360,0.7171807885169980,0.6525465250015260,0.043103449046611800,"[{'zh': '树桩', 'rcs': 0.4005113244056701, 'w': 0.2828191832658591}]","[{'zh': '粗', 'rcs': 0.2246107459068298, 'w': 0.347453464119419}]",0.8924714351807260,0.081536956,0.39005485,0.2357959,树干,粗糙,5,5
296,trunk,suitcase,M-E+,,,,,,0.3581017553806310,0.017989903688430800,0.07692307978868480,0.0,14.0,0.0,0.48890853,0.7877254,0.638317,,,,,,,,1.4908082219250400,0.081536956,0.3202893,0.20091313,树干,行李箱,5,8
297,tube,straw,M+E+,管子,吸管,,,,0.06900326162576680,0.049394018948078200,0.018099548295140300,0.009339765645563600,4.0,0.9339765310287480,0.7207436,0.7525633,0.73665345,0.453959584236145,0.3520115315914150,0.3367549479007720,0.39620864391326900,0.07000000029802320,"[{'zh': '管', 'rcs': 0.3676127791404724, 'w': 0.3460718362106314}, {'zh': '电视机', 'rcs': 0.3481714725494385, 'w': 0.31717321065961124}]","[{'zh': '草', 'rcs': 0.3442866504192352, 'w': 0.6037913574663232}]",0.7149460088615480,0.20718074,0.042951714,0.12506622,管,草,4,5
298,tube,sofa,M+E-,电视机,沙发,y,,poor translation,0.03226287290453910,0.05855017527937890,0.0,0.009149227291345600,0.0,0.9515196084976200,0.7207436,0.77522755,0.7479856,0.3481714725494390,0.5028690695762630,0.31717321276664700,1.0,0.028846153989434200,"[{'zh': '管', 'rcs': 0.3676127791404724, 'w': 0.3460718362106314}, {'zh': '管子', 'rcs': 0.453959584236145, 'w': 0.3367549531297574}]",[],0.561256837989382,0.20718074,0.3154043,0.26129252,管,沙发,4,4
299,tube,test,M-E+,,,,,,0.05875268206000330,0.009458951652050020,0.027149317786097500,0.0,6.0,0.0,0.7207436,0.7457604,0.733252,,,,,,,,1.2135771736235800,0.20718074,0.16328792,0.18523434,管,检验,4,4
300,tunnel,train,M+E+,隧道,火车,,,,0.19469963014125800,0.17489999532699600,0.10857142508029900,0.0694444477558136,19.0,7.5,0.7858948,0.78923094,0.78756285,0.5290884971618650,0.4068214297294620,1.0,0.5,0.1388888955116270,[],"[{'zh': '列车', 'rcs': 0.3996173441410064, 'w': 0.5}]",1.025588765388500,0.53203756,0.15093203,0.34148479,隧道,火车,6,5
301,tunnel,length,M+E-,隧道,长,,,,0.038459666073322300,0.10050323605537400,0.0,0.00999588891863823,0.0,1.0795559883117700,0.7858948,0.7554534,0.7706741,0.5290884971618650,0.256422221660614,1.0,0.35985198616981500,0.02777777798473840,[],"[{'zh': '长度', 'rcs': 0.4575222134590149, 'w': 0.640148006083392}]",0.864706799273522,0.53203756,0.71451336,0.62327546,隧道,长度,6,6
302,tunnel,tube,M-E+,,,,,,0.2181505262851720,0.03795228153467180,0.04571428894996640,0.0,8.0,0.0,0.7858948,0.7207436,0.7533192,,,,,,,,0.9714410704512600,0.53203756,0.20718074,0.36960915,隧道,管,6,4
303,turtle,shell,M+E+,乌龟,壳,,,,0.293546199798584,0.06374914199113850,0.21296297013759600,0.013569585978984800,46.0,1.370528221130370,0.81603044,0.8229971,0.8195138,0.5357335805892940,0.5318855047225950,0.7492443323135380,0.2613162696361540,0.06930693238973620,"[{'zh': '龟', 'rcs': 0.5089389085769653, 'w': 0.2507556634975731}]","[{'zh': '贝壳', 'rcs': 0.3945035934448242, 'w': 0.4211053524856641}, {'zh': '骨架', 'rcs': 0.4344162046909332, 'w': 0.18907589993328658}, {'zh': '炮弹', 'rcs': 0.3182783424854278, 'w': 0.1285024854830877}]",0.5378560898345070,0.38958013,0.36660066,0.37809038,乌龟,贝壳,6,5
304,turtle,skin,M+E-,乌龟,壳,y,,poor translation,0.03793904930353170,0.04433359578251840,0.0,0.009436811320483690,0.0,0.9531179070472720,0.81603044,0.7957984,0.8059144,0.5357335805892940,0.3820466101169590,0.7492443323135380,0.18172936141490900,0.06930693238973620,"[{'zh': '龟', 'rcs': 0.5089389085769653, 'w': 0.2507556634975731}]","[{'zh': '皮肤', 'rcs': 0.5646045207977295, 'w': 0.47892636749906364}, {'zh': '剥皮', 'rcs': 0.3006784617900848, 'w': 0.17885542186769768}, {'zh': '毛皮', 'rcs': 0.363589197397232, 'w': 0.16048884487323642}]",1.115178681360890,0.38958013,0.27219588,0.330888,乌龟,皮肤,6,4
305,turtle,neck,M-E+,,,,,,0.11556398868560800,0.02453775145113470,0.027777783572673800,0.0,6.0,0.0,0.81603044,0.74555004,0.7807902,,,,,,,,1.1826015258742200,0.38958013,0.30248174,0.34603095,乌龟,领子,6,4
306,twist,lemon,M+E+,拧,柠檬,,,,0.16793401539325700,0.17970000207424200,0.03465346246957780,0.0416666679084301,7.0,3.0,0.68939376,0.8096661,0.74952996,0.2425645291805270,0.5310279726982120,1.0,1.0,0.0416666679084301,[],[],1.02996643657282,0.10314945,0.6100002,0.35657483,拧,柠檬,5,5
307,twist,towel,M+E-,拧,毛巾,,,,0.03328624367713930,0.08777587115764620,0.0,0.04461145028471950,0.0,3.212024450302120,0.68939376,0.7789504,0.7341721,0.2425645291805270,0.544564962387085,1.0,0.29200223088264500,0.1527777761220930,[],"[{'zh': '纸巾', 'rcs': 0.4714272916316986, 'w': 0.29200223595986147}, {'zh': '手巾', 'rcs': 0.4699572324752807, 'w': 0.29200223595986147}, {'zh': '抹布', 'rcs': 0.4854107499122619, 'w': 0.12399329212041563}]",0.9007744215341690,0.10314945,0.28712675,0.1951381,拧,纸巾,5,5
308,twist,shout,M-E+,,,,,,0.09173288941383360,0.020636435598135000,0.12376238405704500,0.0,25.0,0.0,0.68939376,0.7077442,0.69856894,,,,,,,,0.29073192437843700,0.10314945,0.15875797,0.13095371,拧,叫,5,5
309,urine,yellow,M+E+,尿,黄色,,,,0.10065480321645700,0.1614047735929490,0.14163091778755200,0.06577211618423460,33.0,5.2617692947387700,0.7513646,0.8135123,0.78243846,0.544859766960144,0.5010339617729190,0.6577211618423460,1.0,0.10000000149011600,"[{'zh': '小便', 'rcs': 0.3024432063102722, 'w': 0.342278844307838}]",[],1.1724337808477400,0.56721705,0.44301888,0.50511795,尿,黄色,5,6
310,urine,trousers,M+E-,尿,裤子,,,,0.023436300456523900,0.033986933529377000,0.0,0.008010748773813250,0.0,0.640859842300415,0.7513646,0.8196648,0.7855147,0.544859766960144,0.5765299797058110,0.6577211618423460,0.32478800415992700,0.03750000149011610,"[{'zh': '小便', 'rcs': 0.3024432063102722, 'w': 0.342278844307838}]","[{'zh': '长裤', 'rcs': 0.5876520276069641, 'w': 0.3475618315558301}, {'zh': '裤', 'rcs': 0.5567807555198669, 'w': 0.32765016186362866}]",1.4609548219655400,0.56721705,0.35095483,0.45908594,尿,长裤,5,8
311,urine,sample,M-E+,,,,,,0.15465913712978400,0.011378576047718500,0.021459221839904800,0.0,5.0,0.0,0.7513646,0.7364049,0.74388474,,,,,,,,1.2505016660961500,0.56721705,0.13183837,0.34952772,尿,样品,5,6
312,valley,river,M+E+,流域,河流,,,,0.2577868402004240,0.10768329352140400,0.13913042843341800,0.013314205221831800,16.0,1.0784505605697600,0.77477074,0.82681257,0.8007916,0.44387087225914,0.4896267354488370,0.3196455240249630,0.26418840885162400,0.12359550595283500,"[{'zh': '山谷', 'rcs': 0.5051570534706116, 'w': 0.6803544613277362}]","[{'zh': '小溪', 'rcs': 0.4996245503425598, 'w': 0.26418839524532906}, {'zh': '河', 'rcs': 0.4457035362720489, 'w': 0.26418839524532906}, {'zh': '溪流', 'rcs': 0.4985944032669067, 'w': 0.1300043317852566}, {'zh': '溪', 'rcs': 0.4290595948696136, 'w': 0.07743048247875631}]",0.668080389262702,0.3641326,0.5053446,0.43473864,山谷,河流,6,5
313,valley,bird,M+E-,山谷,鸟,,,,0.02304886095225810,0.06129993498325350,0.0,0.01259915716946130,0.0,1.0205316543579100,0.77477074,0.75772154,0.76624614,0.5051570534706120,0.5118882656097410,0.6803544759750370,0.5,0.03703703731298450,"[{'zh': '流域', 'rcs': 0.44387087225914, 'w': 0.31964553867226375}]","[{'zh': '姑娘', 'rcs': 0.2078591585159301, 'w': 0.5}]",1.0557947870661300,0.3641326,0.18096685,0.27254975,山谷,鸟,6,4
314,valley,shadow,M-E+,,,,,,0.08894247561693190,0.023200087249279000,0.026086969301104500,0.0,3.0,0.0,0.77477074,0.76656234,0.77066654,,,,,,,,0.190876277591981,0.3641326,0.42770177,0.39591718,山谷,影子,6,6
315,waist,belt,M+E+,腰部,腰带,,,,0.2892095446586610,0.06969191879034040,0.14146342873573300,0.011434902437031300,29.0,0.9147921800613400,0.7317434,0.76060283,0.74617314,0.5781868696212770,0.4163514971733090,0.5,0.304930716753006,0.07500000298023220,"[{'zh': '腰', 'rcs': 0.5037955045700073, 'w': 0.5}]","[{'zh': '带', 'rcs': 0.2452611625194549, 'w': 0.3271426424436043}, {'zh': '皮带', 'rcs': 0.4041090309619903, 'w': 0.19097368060181708}, {'zh': '带子', 'rcs': 0.2921146154403686, 'w': 0.17695295689897544}]",0.9846017977938870,0.2082112,0.30838487,0.25829804,腰,带,5,4
316,waist,acid,M+E-,腰,酸,,,,0.016666477546095800,0.060100000351667400,0.0,0.019736841320991500,0.0,1.5,0.7317434,0.70554024,0.7186418,0.5037955045700070,0.5728314518928530,0.5,1.0,0.03947368264198300,"[{'zh': '腰部', 'rcs': 0.5781868696212769, 'w': 0.5}]",[],0.7459816952406190,0.2082112,0.17999974,0.19410548,腰,酸,5,4
317,waist,band,M-E+,,,,,,0.10294310003519100,0.01209999993443490,0.029268288984894800,0.0,6.0,0.0,0.7317434,0.7856084,0.75867593,,,,,,,,1.354974389693370,0.2082112,0.5359053,0.37205824,腰,乐队,5,4
318,waiter,tray,M+E+,服务员,托盘,,,,0.39093440771102900,0.13313598930835700,0.03720930218696590,0.012306895107030900,8.0,1.1076204776763900,0.7142308,0.783063,0.74864686,0.44697305560112,0.5686237215995790,1.0,0.36920684576034500,0.03333333507180210,[],"[{'zh': '盘', 'rcs': 0.3201288282871246, 'w': 0.36920685987704865}, {'zh': '碟', 'rcs': 0.3903550803661346, 'w': 0.26158628024590264}]",1.0086990373473800,0.4636184,0.06737667,0.26549754,服务员,盘,6,4
319,waiter,cheers,M+E-,服务员,谢谢,?,,uncommon word,0.07565858215093610,0.13657376170158400,0.0,0.022716861218214000,0.0,2.0445175170898400,0.7142308,0.56731725,0.640774,0.44697305560112,0.3583634495735170,1.0,0.6815057992935180,0.03333333507180210,[],"[{'zh': '再见', 'rcs': 0.3508387804031372, 'w': 0.31849418447482974}]",1.1518270651364600,0.4636184,0.20484553,0.33423197,服务员,谢谢,6,6
320,waiter,table,M-E+,,,,,,0.24300867319107100,0.02540000155568120,0.041860468685627000,0.0,9.0,0.0,0.7142308,0.6845784,0.6994046,,,,,,,,1.2432954748578600,0.4636184,0.04760247,0.25561044,服务员,表,6,5
321,weight,mass,M+E+,重量,质量,,,,0.335820734500885,0.044126879423856700,0.14765100181102800,0.011012173257768200,22.0,1.222351312637330,0.71597356,0.6085891,0.66228133,0.4664914011955260,0.4025217890739440,0.38632652163505600,0.31640365719795200,0.09009008854627610,"[{'zh': '体重', 'rcs': 0.2601625919342041, 'w': 0.38632652754929114}, {'zh': '高度', 'rcs': 0.3531632423400879, 'w': 0.10823306891676099}, {'zh': '固定', 'rcs': 0.2965547740459442, 'w': 0.07704953730344298}, {'zh': '压力', 'rcs': 0.206294909119606, 'w': 0.042064338681213814}]","[{'zh': '大多数', 'rcs': 0.2543220221996307, 'w': 0.4019633616783435}, {'zh': '多数', 'rcs': 0.2426012307405471, 'w': 0.2816329739179141}]",1.1497357225421300,0.20806132,0.17297293,0.19051713,体重,大多数,6,4
322,weight,meat,M+E-,体重,肉,,,,0.026687057688832300,0.1097167357802390,0.0,0.01125222910195590,0.0,1.1589795351028400,0.71597356,0.8459676,0.7809706,0.2601625919342040,0.5685207843780520,0.38632652163505600,1.0,0.029126213863492000,"[{'zh': '重量', 'rcs': 0.4664914011955261, 'w': 0.38632652754929114}, {'zh': '高度', 'rcs': 0.3531632423400879, 'w': 0.10823306891676099}, {'zh': '固定', 'rcs': 0.2965547740459442, 'w': 0.07704953730344298}, {'zh': '压力', 'rcs': 0.206294909119606, 'w': 0.042064338681213814}]",[],1.3263068664452900,0.20806132,0.49032253,0.34919193,体重,肉,6,4
323,weight,light,M-E+,,,,,,0.08501310646533970,0.00377777311950922,0.03355705365538600,0.0,5.0,0.0,0.71597356,0.7564144,0.736194,,,,,,,,0.985511103494112,0.20806132,0.788583,0.49832216,体重,电灯,6,5
324,wire,phone,M+E+,电线,手机,,,,0.27605703473091100,0.0931621789932251,0.019867554306983900,0.00992776919156313,3.0,0.9133546948432920,0.7544293,0.7446308,0.7495301,0.4526078999042510,0.4162161350250240,0.6826590895652770,0.3310316503047940,0.032608695328235600,"[{'zh': '电缆', 'rcs': 0.4007912278175354, 'w': 0.3173408934969921}]","[{'zh': '电话', 'rcs': 0.4296647608280182, 'w': 0.6689683530984972}]",1.3327581428201400,0.2629307,0.08842685,0.17567877,电线,电话,4,5
325,wire,sky,M+E-,电线,天空,,,,0.03259509429335590,0.02434004656970500,0.0,0.014840415678918400,0.0,1.3653181791305500,0.7544293,0.78652537,0.7704773,0.4526078999042510,0.3954683542251590,0.6826590895652770,0.5,0.043478261679410900,"[{'zh': '电缆', 'rcs': 0.4007912278175354, 'w': 0.3173408934969921}]","[{'zh': '蓝天', 'rcs': 0.2938329875469208, 'w': 0.5}]",0.6072814676870420,0.2629307,0.6850841,0.4740074,电线,蓝天,4,3
326,wire,metal,M-E+,,,,,,0.15960082411766100,0.040959544479847000,0.09271522611379620,0.0,14.0,0.0,0.7544293,0.79557395,0.77500165,,,,,,,,0.5387091035445120,0.2629307,0.69042593,0.4766783,电线,金属,4,5
327,writer,novel,M+E+,作者,小说,,,,0.37533506751060500,0.23114843666553500,0.06222222372889520,0.05979107320308690,14.0,5.793193817138670,0.74560267,0.7521042,0.74885345,0.32391357421875,0.521359920501709,0.4733459949493410,1.0,0.12631578743457800,"[{'zh': '作家', 'rcs': 0.5219505429267883, 'w': 0.5266540000432389}]",[],0.6758002414993570,0.41138986,0.10797054,0.2596802,作家,小说,6,5
328,writer,volume,M+E-,作者,书,y,,poor translation,0.026840783655643500,0.07319135963916780,0.0,0.014898435212671800,0.0,1.4153512716293300,0.74560267,0.5494763,0.6475395,0.32391357421875,0.3105139434337620,0.4733459949493410,0.3737623393535610,0.08421052992343900,"[{'zh': '作家', 'rcs': 0.5219505429267883, 'w': 0.5266540000432389}]","[{'zh': '卷', 'rcs': 0.2456445693969726, 'w': 0.4710926004976253}, {'zh': '体积', 'rcs': 0.2032073885202407, 'w': 0.15514505981621135}]",1.342966555534220,0.41138986,0.056216206,0.23380303,作家,卷,6,6
329,writer,paper,M-E+,,,,,,0.2909233868122100,0.04037828370928760,0.0533333383500576,0.0,12.0,0.0,0.74560267,0.71140915,0.7285059,,,,,,,,1.0961496652046600,0.41138986,0.3958666,0.40362823,作家,文件,6,5
330,yell,scream,M+E+,喊叫,尖叫,,,,0.391147255897522,0.17288082838058500,0.18055561184883100,0.00895932037383318,39.0,0.9112927913665770,0.75857437,0.7379725,0.74827343,0.4403048455715180,0.4471179246902470,0.2278231978416440,1.0,0.03883495181798940,"[{'zh': '呐喊', 'rcs': 0.2807372212409973, 'w': 0.4390066994987985}, {'zh': '欢呼', 'rcs': 0.3175866305828094, 'w': 0.18876978998664773}, {'zh': '叫嚷', 'rcs': 0.393348753452301, 'w': 0.14440030688877328}]",[],1.0793620048741200,0.42855528,0.41177428,0.42016476,呐喊,尖叫,4,6
331,yell,stink,M+E-,叫嚷,吵闹,y,,poor translation,0.016604945063591000,0.10632742196321500,0.0,0.019352618604898500,0.0,1.8772040605545000,0.75857437,0.36970693,0.5641407,0.393348753452301,0.2834409177303310,0.14440031349659000,1.0,0.1340206116437910,"[{'zh': '呐喊', 'rcs': 0.2807372212409973, 'w': 0.4390066994987985}, {'zh': '喊叫', 'rcs': 0.4403048455715179, 'w': 0.22782320362578054}, {'zh': '欢呼', 'rcs': 0.3175866305828094, 'w': 0.18876978998664773}]",[],0.5338027234165850,0.42855528,0.0025999595,0.21557762,呐喊,吵闹,4,5
332,yell,rebel,M-E+,,,,,,0.12877345085144000,0.010878478176891800,0.013888893648982000,0.0,3.0,0.0,0.75857437,0.71818614,0.73838025,,,,,,,,1.1075987211680700,0.42855528,0.17915878,0.30385703,呐喊,造反,4,5