cue_en,target_en,condition,route_cue_zh,route_target_zh,str_en,"str_zh, alignment weighted",str_zh,rw_en,"rw_zh, alignment weighted",cnt_en,"cnt_zh, alignment weighted",route_cue_rcs,route_target_rcs,route_cue_w,route_target_w,route_cue_other_translations,route_target_other_translations,cov_distance,cue_len,target_len,cue_zh,target_zh,cue_sim_cos_rw,target_sim_cos_rw,pair_sim_cos_rw,cue_sim_cos_str,target_sim_cos_str,pair_sim_cos_str,changed,reason,cue_duplicated,target_duplicated,has_duplicate
academy,study,M+E+,学术,研究,0.028301887214183807,0.008575646206736565,,0.21624325215816498,0.05851449817419052,6.0,1.0282189846038818,0.2459141016006469,0.5011349320411682,0.10639239847660065,0.5369112491607666,"[{'zh': '学业', 'rcs': 0.2247437387704849, 'w': 0.35493532946998657}, {'zh': '中学', 'rcs': 0.328750878572464, 'w': 0.35493532946998657}, {'zh': '学院', 'rcs': 0.4789387881755829, 'w': 0.18373694213169306}]","[{'zh': '学习', 'rcs': 0.2978116571903229, 'w': 0.46308877969366075}]",1.3408584745846774,7,5,学业,研究,0.71428543,0.7599818,0.7371336,0.32913455,0.11891741,0.22402598,,,,,
academy,score,M+E-,学业,成绩,0.0,0.010287980549037457,,0.046971820294857025,0.04439058154821396,0.0,1.1831177473068237,0.2247437387704849,0.3146375119686126,0.35493531823158264,0.3333333432674408,"[{'zh': '中学', 'rcs': 0.328750878572464, 'w': 0.35493532946998657}, {'zh': '学院', 'rcs': 0.4789387881755829, 'w': 0.18373694213169306}, {'zh': '学术', 'rcs': 0.2459141016006469, 'w': 0.10639239892833376}]","[{'zh': '分数', 'rcs': 0.2448720633983612, 'w': 0.3333333333333333}, {'zh': '得分', 'rcs': 0.3324843347072601, 'w': 0.3333333333333333}]",1.3791152161472822,7,5,学业,分数,0.71428543,0.76063496,0.7374602,0.32913455,0.09729247,0.2132135,,,,,
academy,military,M-E+,,,0.03773584961891174,0.0,,0.13291588425636292,0.006068270653486252,8.0,0.0,,,,,,,0.8544103200574085,7,8,学业,军事,0.71428543,0.76135147,0.7378185,0.32913455,0.24250275,0.28581864,,,,,
academy,award,M-E+,,,0.014150943607091904,0.0,,0.21610750257968903,0.03683903068304062,3.0,0.0,,,,,,,0.9806760047809021,7,5,学业,奖状,0.71428543,0.719095,0.7166902,0.32913455,0.5372194,0.433177,,,,,
accent,language,M+E+,口音,语言,0.1319444477558136,0.028846153989434242,,0.34439364075660706,0.3353999853134155,19.0,3.0,0.3899897933006286,0.5519654750823975,1.0,1.0,[],[],1.4122182692415008,6,8,口音,语言,0.7131837,0.75385934,0.7335215,0.2640083,0.12085782,0.19243306,,,,,
accent,north,M+E-,口音,北方,0.0,0.01923076994717121,,0.06984800845384598,0.16715000569820404,0.0,2.0,0.3899897933006286,0.4036663472652435,1.0,0.5,[],"[{'zh': '北', 'rcs': 0.4191935062408447, 'w': 0.5}]",1.3100990591189365,6,5,口音,北,0.7131837,0.76890206,0.74104285,0.2640083,0.7031058,0.48355705,,,,,
accent,stress,M-E+,,,0.0416666679084301,0.0,,0.0615403838455677,0.01863349974155426,6.0,0.0,,,,,,,0.6138881035233194,6,6,口音,重要性,0.7131837,0.60531676,0.65925026,0.2640083,0.20321737,0.23361284,,,,,
accent,sound,M-E+,,,0.02083333395421505,0.0,,0.10766205191612244,0.03357392176985741,3.0,0.0,,,,,,,1.4771443714591737,6,5,口音,音响,0.7131837,0.73403955,0.7236116,0.2640083,0.33101895,0.29751363,,,,,
account,password,M+E+,账号,密码,0.013392857275903225,0.11138815432786942,,0.17882221937179565,0.21699897944927216,3.0,12.698249816894531,0.209669679403305,0.3928371667861938,0.3527291715145111,1.0,"[{'zh': '账户', 'rcs': 0.260015457868576, 'w': 0.35272915752616085}, {'zh': '解释', 'rcs': 0.3338226079940796, 'w': 0.137008650666965}, {'zh': '报告', 'rcs': 0.2991873025894165, 'w': 0.08038487412994258}, {'zh': '叙述', 'rcs': 0.3037384748458862, 'w': 0.07714816015077071}]",[],1.2628484265250979,7,8,账号,密码,0.7418077,0.7235401,0.7326739,0.2522241,0.4230424,0.33763325,,,,,
account,safety,M+E-,账号,安全,0.0,0.012376462109386921,,0.027424639090895653,0.033544544130563736,0.0,1.4109166860580444,0.209669679403305,0.3963530957698822,0.3527291715145111,1.0,"[{'zh': '账户', 'rcs': 0.260015457868576, 'w': 0.35272915752616085}, {'zh': '解释', 'rcs': 0.3338226079940796, 'w': 0.137008650666965}, {'zh': '报告', 'rcs': 0.2991873025894165, 'w': 0.08038487412994258}, {'zh': '叙述', 'rcs': 0.3037384748458862, 'w': 0.07714816015077071}]",[],0.8412831688640424,7,6,账号,安全,0.7418077,0.7763222,0.7590649,0.2522241,0.13282432,0.1925242,,,,,
account,balance,M-E+,,,0.0223214291036129,0.0,,0.15265041589736938,0.00703414436429739,5.0,0.0,,,,,,,0.617073759663264,7,7,账号,平衡,0.7418077,0.6917427,0.7167752,0.2522241,0.07923774,0.16573091,,,,,
account,charge,M-E+,,,0.01785714365541935,0.0,,0.25681740045547485,0.008441010490059853,4.0,0.0,,,,,,,0.6232089092130843,7,6,账号,职责,0.7418077,0.58912575,0.6654667,0.2522241,0.010536206,0.13138014,,,,,
achieve,success,M+E+,完成,成功,0.07975459843873978,0.014742002822458744,,0.5187669992446899,0.07055719196796417,13.0,1.7248144149780273,0.3289895057678222,0.2427760362625122,0.2874690592288971,1.0,"[{'zh': '达到', 'rcs': 0.4065759181976318, 'w': 0.36801339925295073}, {'zh': '实现', 'rcs': 0.4663167297840118, 'w': 0.3445175505939752}]",[],0.712935216486406,7,7,达到,成功,0.65886277,0.7269733,0.69291806,0.1424084,0.11341564,0.12791201,,,,,
achieve,reality,M+E-,实现,现实,0.0,0.013812705874443054,,0.026933597400784492,0.09599140286445618,0.0,1.6989628076553345,0.4663167297840118,0.4420258700847626,0.3445175588130951,0.6164282560348511,"[{'zh': '达到', 'rcs': 0.4065759181976318, 'w': 0.36801339925295073}, {'zh': '完成', 'rcs': 0.3289895057678222, 'w': 0.287469050153074}]","[{'zh': '事实', 'rcs': 0.2586170732975006, 'w': 0.22755360292385954}, {'zh': '真实', 'rcs': 0.3795920014381408, 'w': 0.15601814903442446}]",0.9330351442892258,7,7,达到,现实,0.65886277,0.7075588,0.6832108,0.1424084,0.4174735,0.27994096,,,,,
achieve,settle,M+E-,完成,结束,0.0,0.0131742088124156,,0.0473974235355854,0.04057689011096954,0.0,1.5413823127746582,0.3289895057678222,0.2455190867185592,0.2874690592288971,0.33511918783187866,"[{'zh': '达到', 'rcs': 0.4065759181976318, 'w': 0.36801339925295073}, {'zh': '实现', 'rcs': 0.4663167297840118, 'w': 0.3445175505939752}]","[{'zh': '解决', 'rcs': 0.3870369493961334, 'w': 0.3373261117910789}, {'zh': '确定', 'rcs': 0.2810892164707184, 'w': 0.3275546914876675}]",1.0606575055218057,7,6,达到,解决,0.65886277,0.62319684,0.64102983,0.1424084,0.0331699,0.08778915,,,,,
achieve,terminate,M+E-,完成,结束,0.0,0.012313004583120346,,0.06937192380428314,0.03792436420917511,0.0,1.4406214952468872,0.3289895057678222,0.3381055891513824,0.2874690592288971,0.3132123053073883,"[{'zh': '达到', 'rcs': 0.4065759181976318, 'w': 0.36801339925295073}, {'zh': '实现', 'rcs': 0.4663167297840118, 'w': 0.3445175505939752}]","[{'zh': '停止', 'rcs': 0.4044840633869171, 'w': 0.39661771489729336}, {'zh': '终止', 'rcs': 0.4210931062698364, 'w': 0.2901699738021876}]",1.1052175829663364,7,9,达到,停止,0.65886277,0.5907005,0.6247816,0.1424084,0.08324313,0.112825766,,,,,
achieve,cease,M+E-,完成,结束,0.0,0.012157668359577656,,0.05932175740599632,0.037445925176143646,0.0,1.4224472045898438,0.3289895057678222,0.3933380842208862,0.2874690592288971,0.30926093459129333,"[{'zh': '达到', 'rcs': 0.4065759181976318, 'w': 0.36801339925295073}, {'zh': '实现', 'rcs': 0.4663167297840118, 'w': 0.3445175505939752}]","[{'zh': '停止', 'rcs': 0.4890242516994476, 'w': 0.4069805859398511}, {'zh': '终止', 'rcs': 0.4851788878440857, 'w': 0.28375847154964473}]",0.9793694298385578,7,5,达到,停止,0.65886277,0.6730965,0.6659796,0.1424084,0.07399966,0.10820403,,,,,
achieve,arrival,M+E-,达到,到达,0.0,0.008721374906599522,,0.04361067712306976,0.08170060068368912,0.0,1.0901719331741333,0.4065759181976318,0.3160285949707031,0.3680134117603302,0.4231879413127899,"[{'zh': '实现', 'rcs': 0.4663167297840118, 'w': 0.3445175505939752}, {'zh': '完成', 'rcs': 0.3289895057678222, 'w': 0.287469050153074}]","[{'zh': '到来', 'rcs': 0.2654809355735779, 'w': 0.5768120468939372}]",0.7330111944826962,7,7,达到,到来,0.65886277,0.74324226,0.70105255,0.1424084,0.16478576,0.15359709,,,,,
achieve,succeed,M-E+,,,0.1349693238735199,0.0,,0.5609781742095947,0.021015571430325508,22.0,0.0,,,,,,,0.1419155738518955,7,7,达到,继承,0.65886277,0.5252706,0.59206665,0.1424084,0.02364656,0.08302748,,,,,
act,law,M+E+,法令,法律,0.01895734667778015,0.012208514846861362,,0.05767300724983215,0.06688912212848663,4.0,0.9400556087493896,0.4616446495056152,0.4930815994739532,0.4825299084186554,0.12176131457090378,"[{'zh': '法案', 'rcs': 0.4454802274703979, 'w': 0.26614844984605934}, {'zh': '行为', 'rcs': 0.2390476316213607, 'w': 0.25132162702027483}]","[{'zh': '法', 'rcs': 0.2337129563093185, 'w': 0.2736855016966749}, {'zh': '法学', 'rcs': 0.224108338356018, 'w': 0.2736855016966749}, {'zh': '条例', 'rcs': 0.4033472836017608, 'w': 0.16816545769600214}, {'zh': '规章', 'rcs': 0.3950570523738861, 'w': 0.16270222238125434}]",0.10860193674269338,3,3,法令,法,0.48433697,0.7413313,0.6128341,0.046152566,0.28575194,0.16595225,,,,,
act,pass,M+E-,法案,通过,0.0,0.023953361436724663,,0.036684006452560425,0.034067001193761826,0.0,2.395336151123047,0.4454802274703979,0.2044180333614349,0.2661484479904175,1.0,"[{'zh': '法令', 'rcs': 0.4616446495056152, 'w': 0.4825299231336659}, {'zh': '行为', 'rcs': 0.2390476316213607, 'w': 0.25132162702027483}]",[],0.5386903762666316,3,4,法令,通过,0.48433697,0.72805184,0.6061944,0.046152566,0.083074465,0.06461351,,,,,
act,play,M-E+,,,0.22274881601333618,0.0,,0.24189382791519165,0.0045631458051502705,47.0,0.0,,,,,,,1.0837769249245541,3,4,法令,踢,0.48433697,0.665364,0.5748505,0.046152566,0.61946994,0.33281127,,,,,
act,role,M-E+,,,0.014218009077012539,0.0,,0.3694418966770172,0.007640177384018898,3.0,0.0,,,,,,,1.1116615791713051,3,4,法令,角色,0.48433697,0.671434,0.5778855,0.046152566,0.21031521,0.1282339,,,,,
admit,wrong,M+E+,承认,错误,0.04032257944345474,0.045321010053157806,,0.18499362468719482,0.14460133016109467,5.0,5.030632019042969,0.3918687701225281,0.2394013404846191,1.0,0.19348585605621338,[],"[{'zh': '不对', 'rcs': 0.3043828010559082, 'w': 0.5024368319845721}, {'zh': '罪恶', 'rcs': 0.2624913156032562, 'w': 0.19557338751729986}, {'zh': '欺骗', 'rcs': 0.3031230568885803, 'w': 0.1085039195053539}]",1.2644533305096335,5,5,承认,不对,0.7650425,0.70452774,0.7347851,0.2197955,0.044334617,0.13206506,,,,,
admit,reality,M+E-,承认,事实,0.0,0.008200130425393581,,0.048797186464071274,0.09283409267663956,0.0,0.9102144241333008,0.3918687701225281,0.2586170732975006,1.0,0.2275536060333252,[],"[{'zh': '现实', 'rcs': 0.4420258700847626, 'w': 0.616428248041716}, {'zh': '真实', 'rcs': 0.3795920014381408, 'w': 0.15601814903442446}]",1.1784278340864636,5,7,承认,现实,0.7650425,0.7075588,0.73630065,0.2197955,0.4174735,0.3186345,,,,,
admit,lie,M-E+,,,0.05645161122083664,0.0,,0.12934015691280365,0.01545651350170374,7.0,0.0,,,,,,,1.2787908336647846,5,3,承认,躺下,0.7650425,0.34281954,0.553931,0.2197955,0.25746626,0.23863088,,,,,
advance,progress,M+E+,前进,进步,0.075581394135952,0.037796810269355774,,0.3157382309436798,0.1504528969526291,13.0,3.25052547454834,0.2028455138206482,0.3243353068828583,0.6015318036079407,0.7719638347625732,"[{'zh': '提出', 'rcs': 0.2202612161636352, 'w': 0.24968851770210312}, {'zh': '推动', 'rcs': 0.2115921080112457, 'w': 0.14877965564911094}]","[{'zh': '改进', 'rcs': 0.2230966836214065, 'w': 0.22803617965955836}]",0.6607375233446495,7,8,前进,进步,0.65046656,0.7347538,0.69261014,0.35668308,0.37269062,0.36468685,,,,,
advance,retreat,M+E+,前进,后退,0.029069768264889717,0.03456330671906471,,0.12797528505325317,0.078571617603302,5.0,2.972444534301758,0.2028455138206482,0.2127090394496917,0.6015318036079407,0.32943058013916016,"[{'zh': '提出', 'rcs': 0.2202612161636352, 'w': 0.24968851770210312}, {'zh': '推动', 'rcs': 0.2115921080112457, 'w': 0.14877965564911094}]","[{'zh': '离去', 'rcs': 0.2360912263393402, 'w': 0.32943057404184534}, {'zh': '撤退', 'rcs': 0.4532377123832702, 'w': 0.19843249043214495}, {'zh': '躲避', 'rcs': 0.2662482559680938, 'w': 0.14270636148416435}]",0.5143725988516868,7,7,前进,后退,0.65046656,0.6745377,0.66250217,0.35668308,0.2355647,0.2961239,,,,,
advance,suggestion,M+E-,提出,建议,0.0,0.020830074325203896,,0.0401233471930027,0.07125332951545715,0.0,2.5620992183685303,0.2202612161636352,0.3362186551094055,0.249688521027565,0.5400621891021729,"[{'zh': '前进', 'rcs': 0.2028455138206482, 'w': 0.6015318266487859}, {'zh': '推动', 'rcs': 0.2115921080112457, 'w': 0.14877965564911094}]","[{'zh': '暗示', 'rcs': 0.2843019366264343, 'w': 0.45993778315498657}]",1.4970662702869266,7,10,前进,建议,0.65046656,0.73404497,0.69225574,0.35668308,0.26263607,0.30965957,,,,,
advance,advise,M+E-,提出,建议,0.0,0.020524127408862114,,0.04170694947242737,0.07020677626132965,0.0,2.524467706680298,0.2202612161636352,0.3270377516746521,0.249688521027565,0.5321298837661743,"[{'zh': '前进', 'rcs': 0.2028455138206482, 'w': 0.6015318266487859}, {'zh': '推动', 'rcs': 0.2115921080112457, 'w': 0.14877965564911094}]","[{'zh': '通知', 'rcs': 0.32187220454216, 'w': 0.46787009062870627}]",0.7156799272232302,7,6,前进,建议,0.65046656,0.6997922,0.6751294,0.35668308,0.2748889,0.315786,,,,,
advance,issue,M+E-,提出,问题,0.0,0.015060697682201862,,0.0356726199388504,0.0311600212007761,0.0,1.8524659872055054,0.2202612161636352,0.2664293348789215,0.249688521027565,0.3091294765472412,"[{'zh': '前进', 'rcs': 0.2028455138206482, 'w': 0.6015318266487859}, {'zh': '推动', 'rcs': 0.2115921080112457, 'w': 0.14877965564911094}]","[{'zh': '出版', 'rcs': 0.2001121789216995, 'w': 0.3720432963388165}, {'zh': '发表', 'rcs': 0.2235456556081771, 'w': 0.31882723547447483}]",1.0699998561965491,7,5,前进,出版,0.65046656,0.74262786,0.6965472,0.35668308,0.17039411,0.2635386,,,,,
advance,payment,M-E+,,,0.03488372266292572,0.0,,0.18687887489795685,0.005242146085947752,6.0,0.0,,,,,,,1.2741893204206645,7,7,前进,付款,0.65046656,0.7139096,0.6821881,0.35668308,0.08376568,0.22022438,,,,,
advance,charge,M-E+,,,0.029069768264889717,0.0,,0.22130297124385834,0.013780741952359676,5.0,0.0,,,,,,,1.1111996531970192,7,6,前进,职责,0.65046656,0.58912575,0.61979616,0.35668308,0.010536206,0.18360963,,,,,
advise,opinion,M+E+,建议,意见,0.024390242993831635,0.032054346054792404,,0.08197575807571411,0.05386510491371155,4.0,3.013108253479004,0.3270377516746521,0.4700506031513214,0.5321298837661743,0.2177828848361969,"[{'zh': '通知', 'rcs': 0.32187220454216, 'w': 0.46787009062870627}]","[{'zh': '观念', 'rcs': 0.3667425811290741, 'w': 0.2362856735324433}, {'zh': '想法', 'rcs': 0.3472108840942383, 'w': 0.19114166205209354}, {'zh': '信仰', 'rcs': 0.2899017035961151, 'w': 0.19054157480947417}, {'zh': '看法', 'rcs': 0.4761859774589538, 'w': 0.16424819916768768}]",0.8310490097402535,6,7,建议,观念,0.6997922,0.6799169,0.68985456,0.2748889,0.077051155,0.17597003,,,,,
advise,verdict,M+E-,建议,意见,0.0,0.02611592411994934,,0.06505635380744934,0.04388600215315819,0.0,2.4548966884613037,0.3270377516746521,0.3513726890087127,0.5321298837661743,0.1774362027645111,"[{'zh': '通知', 'rcs': 0.32187220454216, 'w': 0.46787009062870627}]","[{'zh': '结论', 'rcs': 0.2858026623725891, 'w': 0.3202851958910196}, {'zh': '裁决', 'rcs': 0.4689193367958069, 'w': 0.3076913018632092}, {'zh': '决定', 'rcs': 0.3202519416809082, 'w': 0.19458729317787954}]",0.5111449077097775,6,7,建议,结论,0.6997922,0.76673824,0.7332652,0.2748889,0.217066,0.24597746,,,,,
advise,thee,M+E-,建议,你,0.0,0.016982868313789368,,0.012594720348715782,0.09301629662513733,0.0,1.596389651298523,0.3270377516746521,0.4074054062366485,0.5321298837661743,1.0,"[{'zh': '通知', 'rcs': 0.32187220454216, 'w': 0.46787009062870627}]",[],1.1563231669198355,6,4,建议,你,0.6997922,0.62131226,0.66055226,0.2748889,0.3899381,0.3324135,,,,,
advise,thou,M+E-,建议,你,0.0,0.016982868313789368,,0.01394522376358509,0.09301629662513733,0.0,1.596389651298523,0.3270377516746521,0.3299756944179535,0.5321298837661743,1.0,"[{'zh': '通知', 'rcs': 0.32187220454216, 'w': 0.46787009062870627}]",[],1.035565014227051,6,4,建议,你,0.6997922,0.63962114,0.6697067,0.2748889,0.3731908,0.32403985,,,,,
advise,advance,M+E-,建议,提出,0.0,0.011307806707918644,,0.04170694947242737,0.07020677626132965,0.0,1.0629338026046753,0.3270377516746521,0.2202612161636352,0.5321298837661743,0.249688521027565,"[{'zh': '通知', 'rcs': 0.32187220454216, 'w': 0.46787009062870627}]","[{'zh': '前进', 'rcs': 0.2028455138206482, 'w': 0.6015318266487859}, {'zh': '推动', 'rcs': 0.2115921080112457, 'w': 0.14877965564911094}]",0.7156799272232302,6,7,建议,前进,0.6997922,0.65046656,0.6751294,0.2748889,0.35668308,0.315786,,,,,
advise,wisdom,M-E+,,,0.030487805604934692,0.0,,0.16650345921516418,0.003791951574385166,5.0,0.0,,,,,,,0.47088820428165606,6,6,建议,睿智,0.6997922,0.6844472,0.6921197,0.2748889,0.06758612,0.17123751,,,,,
ahead,race,M+E+,领先,比赛,0.01875000074505806,0.04363914951682091,,0.13002924621105194,0.21475853025913239,3.0,4.582110404968262,0.2306931912899017,0.3233467042446136,1.0,0.5091233849525452,[],"[{'zh': '赛跑', 'rcs': 0.2542572319507599, 'w': 0.4908766391380848}]",0.9679206961322164,5,4,领先,比赛,0.6015123,0.66972494,0.6356186,0.15678556,0.09689766,0.1268416,,,,,
ahead,match,M+E-,领先,比赛,0.0,0.031019512563943863,,0.03888131305575371,0.2664729356765747,0.0,3.2570488452911377,0.2306931912899017,0.3792346715927124,1.0,0.36189430952072144,[],"[{'zh': '竞赛', 'rcs': 0.2786668241024017, 'w': 0.6381056929433434}]",1.3050339544061125,5,5,领先,竞赛,0.6015123,0.46755102,0.53453165,0.15678556,0.010955539,0.08387055,,,,,
ahead,before,M-E+,,,0.05000000074505806,0.0,,0.321734756231308,0.022099999710917473,8.0,0.0,,,,,,,1.321371203621875,5,6,领先,之前,0.6015123,0.79688203,0.6991972,0.15678556,0.7139149,0.4353502,,,,,
ahead,look,M-E+,,,0.03125,0.0,,0.13816238939762115,0.0068376800045371056,5.0,0.0,,,,,,,1.327797220886695,5,4,领先,眼神,0.6015123,0.51008326,0.5557978,0.15678556,0.05013301,0.10345928,,,,,
ahead,above,M-E+,,,0.02500000037252903,0.0,,0.24681410193443298,0.032600000500679016,4.0,0.0,,,,,,,0.8179047903571086,5,5,领先,上面,0.6015123,0.74514145,0.67332685,0.15678556,0.8010543,0.47891992,,,,,
ahead,straight,M-E+,,,0.02500000037252903,0.0,,0.17285503447055817,0.03252426162362099,4.0,0.0,,,,,,,1.4957079759016962,5,8,领先,笔直,0.6015123,0.64216846,0.62184036,0.15678556,0.013264977,0.08502527,,,,,
ahead,stop,M-E+,,,0.01875000074505806,0.0,,0.09625590592622757,0.017658567056059837,3.0,0.0,,,,,,,1.055181937127127,5,4,领先,阻拦,0.6015123,0.7182478,0.65988004,0.15678556,0.09804956,0.12741756,,,,,
animal,cat,M+E+,动物,猫,0.14457830786705017,0.06921393424272537,,0.30554860830307007,0.22752249240875244,24.0,10.036020278930664,0.5035275816917419,0.4880292117595672,0.5903541445732117,1.0,"[{'zh': '兽', 'rcs': 0.3038774132728576, 'w': 0.2910345454408785}, {'zh': '牲畜', 'rcs': 0.2842504382133484, 'w': 0.11861132141469986}]",[],1.488277109658928,6,3,动物,猫,0.84472525,0.82852244,0.83662385,0.6573555,0.70452857,0.68094206,,,,,
animal,lion,M+E+,兽,狮子,0.01807228848338127,0.01628563180565834,,0.37957504391670227,0.3275284767150879,3.0,2.3614165782928467,0.3038774132728576,0.4708922505378723,0.2910345494747162,1.0,"[{'zh': '动物', 'rcs': 0.5035275816917419, 'w': 0.5903541331444218}, {'zh': '牲畜', 'rcs': 0.2842504382133484, 'w': 0.11861132141469986}]",[],1.1804805255717308,6,4,动物,狮子,0.84472525,0.8407687,0.842747,0.6573555,0.5122847,0.5848201,,,,,
animal,tiger,M+E+,兽,老虎,0.01807228848338127,0.014848701655864716,,0.3678801357746124,0.15800829231739044,3.0,1.4758853912353516,0.3038774132728576,0.4313721656799316,0.2910345494747162,0.5,"[{'zh': '动物', 'rcs': 0.5035275816917419, 'w': 0.5903541331444218}, {'zh': '牲畜', 'rcs': 0.2842504382133484, 'w': 0.11861132141469986}]","[{'zh': '虎', 'rcs': 0.3992377817630768, 'w': 0.5}]",0.7773738714332276,6,5,动物,老虎,0.84472525,0.8509514,0.8478383,0.6573555,0.7101404,0.68374795,,,,,
animal,world,M+E-,动物,世界,0.0,0.02442844770848751,,0.04042018577456474,0.03589353337883949,0.0,3.5421247482299805,0.5035275816917419,0.2459629625082016,0.5903541445732117,1.0,"[{'zh': '兽', 'rcs': 0.3038774132728576, 'w': 0.2910345454408785}, {'zh': '牲畜', 'rcs': 0.2842504382133484, 'w': 0.11861132141469986}]",[],1.3570367305685915,6,5,动物,世界,0.84472525,0.7565454,0.80063534,0.6573555,0.47041208,0.5638838,,,,,
animal,kingdom,M-E+,,,0.024096384644508362,0.0,,0.1099073588848114,0.03878626972436905,4.0,0.0,,,,,,,1.0999119131638262,6,7,动物,王国,0.84472525,0.7754183,0.81007177,0.6573555,0.27346176,0.46540862,,,,,
ant,insect,M+E+,蚂蚁,虫子,0.13592232763767242,0.010758522897958755,,0.5079202055931091,0.26686516404151917,28.0,1.0758522748947144,0.4490404427051544,0.4178762137889862,1.0,0.17681148648262024,[],"[{'zh': '昆虫', 'rcs': 0.5149978995323181, 'w': 0.5379261318522488}, {'zh': '虫', 'rcs': 0.4291726052761078, 'w': 0.28526238881707106}]",1.4833067134279878,3,6,蚂蚁,昆虫,0.739718,0.77855885,0.75913846,0.32270637,0.4634991,0.39310274,,,,,
ant,bug,M+E+,蚂蚁,虫子,0.10679611563682556,0.029999999329447746,,0.41307124495506287,0.44850000739097595,22.0,3.0,0.4490404427051544,0.3271892368793487,1.0,1.0,[],[],0.7478751375438044,3,3,蚂蚁,虫子,0.739718,0.7200527,0.72988534,0.32270637,0.3248601,0.32378322,,,,,
ant,rain,M+E-,蚂蚁,下雨,0.0,0.01666666753590107,,0.011562460102140903,0.029200000688433647,0.0,1.6666667461395264,0.4490404427051544,0.3673711121082306,1.0,0.3333333432674408,[],"[{'zh': '雨水', 'rcs': 0.252083271741867, 'w': 0.3333333333333333}, {'zh': '雨', 'rcs': 0.2526227235794067, 'w': 0.3333333333333333}]",1.2935850867523107,3,4,蚂蚁,下雨,0.739718,0.7865754,0.7631467,0.32270637,0.34192422,0.3323153,,,,,
ant,aunt,M-E+,,,0.02427184395492077,0.0,,0.13037940859794617,0.00355999986641109,5.0,0.0,,,,,,,1.4968643505774277,3,4,蚂蚁,阿姨,0.739718,0.70044076,0.7200794,0.32270637,0.41933,0.37101817,,,,,
apron,skirt,M+E+,围裙,裙子,0.024390242993831635,0.037383176386356354,,0.2311907410621643,0.23800000548362732,4.0,4.0,0.349572092294693,0.5682624578475952,1.0,1.0,[],[],0.7114062599838478,5,5,围裙,裙子,0.79465485,0.80305314,0.798854,0.7986073,0.22214247,0.5103749,,,,,
apron,naked,M+E-,围裙,裸体,0.0,0.037383176386356354,,0.05671684071421623,0.17419999837875366,0.0,4.0,0.349572092294693,0.2889682352542877,1.0,1.0,[],[],1.491587451966491,5,5,围裙,裸体,0.79465485,0.70399815,0.74932647,0.7986073,0.076493606,0.43755046,,,,,
apron,nudity,M+E-,围裙,裸体,0.0,0.037383176386356354,,0.0466647706925869,0.17419999837875366,0.0,4.0,0.349572092294693,0.3531984090805053,1.0,1.0,[],[],0.8756924614022852,5,6,围裙,裸体,0.79465485,0.71282375,0.7537393,0.7986073,0.07307381,0.43584055,,,,,
apron,soot,M+E-,围裙,油烟,0.0,0.028037382289767265,,0.06894893944263458,0.3928000032901764,0.0,3.0,0.349572092294693,0.4800615310668945,1.0,1.0,[],[],0.7271609863723488,5,4,围裙,油烟,0.79465485,0.643636,0.7191454,0.7986073,0.13607514,0.4673412,,,,,
apron,string,M-E+,,,0.018292682245373726,0.0,,0.19129449129104614,0.03039167821407318,3.0,0.0,,,,,,,0.9751721265156823,5,6,围裙,弦,0.79465485,0.6284958,0.7115753,0.7986073,0.254066,0.52633667,,,,,
area,size,M+E+,面积,大小,0.01895734667778015,0.008177678100764751,,0.2321426272392273,0.03834998980164528,4.0,0.9077222943305969,0.4091840088367462,0.4515088200569153,0.3281557261943817,0.2766132652759552,"[{'zh': '场地', 'rcs': 0.2410415709018707, 'w': 0.3281557120225794}, {'zh': '地域', 'rcs': 0.3876585662364959, 'w': 0.14713191289801802}, {'zh': '区', 'rcs': 0.4339649677276611, 'w': 0.11992787865294534}, {'zh': '地方', 'rcs': 0.3078873455524444, 'w': 0.07662878440387767}]","[{'zh': '尺码', 'rcs': 0.3194508850574493, 'w': 0.4515439322200142}, {'zh': '尺寸', 'rcs': 0.4119665622711181, 'w': 0.27184279219723045}]",0.6113171247075178,4,4,场地,尺码,0.67047954,0.7231789,0.6968292,0.15819186,0.100220434,0.12920615,,,,,
area,tiny,M+E-,面积,小,0.0,0.008869074285030365,,0.034679099917411804,0.062480852007865906,0.0,0.9844671487808228,0.4091840088367462,0.2397595345973968,0.3281557261943817,1.0,"[{'zh': '场地', 'rcs': 0.2410415709018707, 'w': 0.3281557120225794}, {'zh': '地域', 'rcs': 0.3876585662364959, 'w': 0.14713191289801802}, {'zh': '区', 'rcs': 0.4339649677276611, 'w': 0.11992787865294534}, {'zh': '地方', 'rcs': 0.3078873455524444, 'w': 0.07662878440387767}]",[],0.7309086654512293,4,4,场地,小,0.67047954,0.7488599,0.7096697,0.15819186,0.03771031,0.097951084,,,,,
area,play,M-E+,,,0.014218009077012539,0.0,,0.050179749727249146,0.024087857455015182,3.0,0.0,,,,,,,0.9531222883037254,4,4,场地,踢,0.67047954,0.665364,0.6679218,0.15819186,0.61946994,0.3888309,,,,,
area,yard,M-E+,,,0.014218009077012539,0.0,,0.24201610684394836,0.017343031242489815,3.0,0.0,,,,,,,1.1877391606020582,4,4,场地,花园,0.67047954,0.68735474,0.67891717,0.15819186,0.040430047,0.09931095,,,,,
argue,quarrel,M+E+,争论,争吵,0.031496062874794006,0.010039708577096462,,0.41793093085289,0.032645389437675476,4.0,0.9738517999649048,0.3795389831066131,0.4992001354694366,0.2135479599237442,0.18233224749565125,"[{'zh': '说理', 'rcs': 0.2747276127338409, 'w': 0.5367945765663025}, {'zh': '论证', 'rcs': 0.3339011371135711, 'w': 0.162114696102062}, {'zh': '证明', 'rcs': 0.431070327758789, 'w': 0.08754276058253638}]","[{'zh': '口角', 'rcs': 0.4088535010814667, 'w': 0.32573872926298253}, {'zh': '吵架', 'rcs': 0.3404330909252167, 'w': 0.32573872926298253}, {'zh': '纠纷', 'rcs': 0.368002712726593, 'w': 0.16619029503507557}]",1.2992050575360699,5,7,说理,口角,0.7109663,0.72796446,0.7194654,0.19375902,0.08760459,0.1406818,,,,,
argue,logic,M+E-,说理,道理,0.0,0.017585672438144684,,0.04463515430688858,0.09148502349853516,0.0,1.5651248693466187,0.2747276127338409,0.2434295713901519,0.5367946028709412,0.3239651918411255,"[{'zh': '争论', 'rcs': 0.3795389831066131, 'w': 0.2135479667490992}, {'zh': '论证', 'rcs': 0.3339011371135711, 'w': 0.162114696102062}, {'zh': '证明', 'rcs': 0.431070327758789, 'w': 0.08754276058253638}]","[{'zh': '逻辑', 'rcs': 0.559511661529541, 'w': 0.6760348023304218}]",1.1267083575719523,5,5,说理,逻辑,0.7109663,0.7550614,0.73301387,0.19375902,0.3818604,0.28780973,,,,,
argue,thesis,M+E-,论证,论文,0.0,0.014474526979029179,,0.048609089106321335,0.11471300572156906,0.0,1.6211469173431396,0.3339011371135711,0.5088725090026855,0.1621146947145462,1.0,"[{'zh': '说理', 'rcs': 0.2747276127338409, 'w': 0.5367945765663025}, {'zh': '争论', 'rcs': 0.3795389831066131, 'w': 0.2135479667490992}, {'zh': '证明', 'rcs': 0.431070327758789, 'w': 0.08754276058253638}]",[],1.3927390489512808,5,6,说理,论文,0.7109663,0.759068,0.7350172,0.19375902,0.19770026,0.19572964,,,,,
argue,sway,M+E-,说理,说服,0.0,0.01348554901778698,,0.041600510478019714,0.1143803820014,0.0,1.20021390914917,0.2747276127338409,0.2738699316978454,0.5367946028709412,0.5589725971221924,"[{'zh': '争论', 'rcs': 0.3795389831066131, 'w': 0.2135479667490992}, {'zh': '论证', 'rcs': 0.3339011371135711, 'w': 0.162114696102062}, {'zh': '证明', 'rcs': 0.431070327758789, 'w': 0.08754276058253638}]","[{'zh': '支配', 'rcs': 0.2619498372077942, 'w': 0.4410274072668588}]",1.44763014232389,5,4,说理,说服,0.7109663,0.49135298,0.60115963,0.19375902,0.011814045,0.10278653,,,,,
argue,yell,M-E+,,,0.05511811003088951,0.0,,0.1951020210981369,0.013550244271755219,7.0,0.0,,,,,,,1.1473262195360179,5,4,说理,呐喊,0.7109663,0.75857437,0.7347703,0.19375902,0.42855528,0.31115717,,,,,
argue,win,M-E+,,,0.03937007859349251,0.0,,0.0777735710144043,0.017890792340040207,5.0,0.0,,,,,,,1.4228066466224625,5,3,说理,获胜,0.7109663,0.7002077,0.705587,0.19375902,0.21514161,0.20445031,,,,,
arm,leg,M+E+,胳膊,腿,0.28717949986457825,0.016406377777457237,,0.34836363792419434,0.0990917906165123,56.0,1.5257930755615234,0.4554486274719238,0.308704137802124,0.2677517533302307,0.6331707239151001,"[{'zh': '装备', 'rcs': 0.2723841071128845, 'w': 0.2677517467949503}, {'zh': '手臂', 'rcs': 0.5022263526916504, 'w': 0.2677517467949503}, {'zh': '扶手', 'rcs': 0.385654866695404, 'w': 0.10617820585322563}, {'zh': '袖子', 'rcs': 0.3420255184173584, 'w': 0.09056655376192364}]","[{'zh': '大腿', 'rcs': 0.3757291734218597, 'w': 0.36682930099301614}]",0.14513263643384272,3,3,装备,腿,0.75371355,0.7447876,0.74925053,0.37009487,0.14768216,0.2588885,,,,,
arm,wrist,M+E+,手臂,手腕,0.015384615398943424,0.011041308753192425,,0.3812978267669678,0.15944616496562958,3.0,1.0710070133209229,0.5022263526916504,0.5279321670532227,0.2677517533302307,1.0,"[{'zh': '装备', 'rcs': 0.2723841071128845, 'w': 0.2677517467949503}, {'zh': '胳膊', 'rcs': 0.4554486274719238, 'w': 0.2677517467949503}, {'zh': '扶手', 'rcs': 0.385654866695404, 'w': 0.10617820585322563}, {'zh': '袖子', 'rcs': 0.3420255184173584, 'w': 0.09056655376192364}]",[],1.3916955987346087,3,5,装备,手腕,0.75371355,0.7442827,0.74899817,0.37009487,0.1632115,0.26665318,,,,,
arm,meat,M+E-,胳膊,肉,0.0,0.00863715261220932,,0.04061877354979515,0.02270534820854664,0.0,0.8032552599906921,0.4554486274719238,0.5685207843780518,0.2677517533302307,1.0,"[{'zh': '装备', 'rcs': 0.2723841071128845, 'w': 0.2677517467949503}, {'zh': '手臂', 'rcs': 0.5022263526916504, 'w': 0.2677517467949503}, {'zh': '扶手', 'rcs': 0.385654866695404, 'w': 0.10617820585322563}, {'zh': '袖子', 'rcs': 0.3420255184173584, 'w': 0.09056655376192364}]",[],0.5351642523106713,3,4,装备,肉,0.75371355,0.8459676,0.79984057,0.37009487,0.49032253,0.43020868,,,,,
arm,band,M-E+,,,0.015384615398943424,0.0,,0.08992079645395279,0.004980182740837336,3.0,0.0,,,,,,,0.5622291412079444,3,4,装备,乐队,0.75371355,0.7856084,0.76966095,0.37009487,0.5359053,0.45300007,,,,,
asshole,jackass,M+E+,笨蛋,傻瓜,0.016574585810303688,0.032850973308086395,,0.49963971972465515,0.09943725913763046,3.0,3.416501045227051,0.3771536648273468,0.3318866789340973,0.1708250492811203,1.0,"[{'zh': '屁眼', 'rcs': 0.4077789485454559, 'w': 0.829174951723603}]",[],1.2535375035114966,7,7,屁眼,傻瓜,0.58271295,0.69301504,0.637864,0.14900771,0.22253923,0.18577346,,,,,
asshole,mess,M+E-,屁眼,肮脏,0.0,0.021102378144860268,,0.03596459701657295,0.19170667231082916,0.0,2.06803297996521,0.4077789485454559,0.2616244852542877,0.8291749358177185,0.8313617706298828,"[{'zh': '笨蛋', 'rcs': 0.3771536648273468, 'w': 0.17082504827639697}]","[{'zh': '麻烦', 'rcs': 0.245871365070343, 'w': 0.16863820288404519}]",1.4708913525569132,7,4,屁眼,肮脏,0.58271295,0.7528589,0.6677859,0.14900771,0.11910112,0.13405442,,,,,
asshole,bastard,M-E+,,,0.03867403417825699,0.0,,0.38765233755111694,0.03633061796426773,7.0,0.0,,,,,,,0.8805466419070744,7,7,屁眼,家伙,0.58271295,0.7444934,0.6636032,0.14900771,0.029888336,0.08944802,,,,,
attempt,success,M+E+,尝试,成功,0.021621622145175934,0.057851724326610565,,0.24504609405994415,0.11496011912822723,4.0,5.9587273597717285,0.2896393537521362,0.2427760362625122,0.6620808243751526,1.0,"[{'zh': '努力', 'rcs': 0.2191251367330551, 'w': 0.3379192032102758}]",[],0.19186472130995422,7,7,尝试,成功,0.72896373,0.7269733,0.7279685,0.0397366,0.11341564,0.07657612,,,,,
attempt,learning,M+E-,努力,学习,0.0,0.019408296793699265,,0.04724343866109848,0.05586619675159454,0.0,2.4454452991485596,0.2191251367330551,0.3817416727542877,0.3379192054271698,0.36183875799179077,"[{'zh': '尝试', 'rcs': 0.2896393537521362, 'w': 0.6620807967897241}]","[{'zh': '学识', 'rcs': 0.2185507118701934, 'w': 0.2579179959435074}, {'zh': '知识', 'rcs': 0.420357346534729, 'w': 0.22397542837481169}, {'zh': '学问', 'rcs': 0.3009366989135742, 'w': 0.15626782699184907}]",0.9889727019960898,7,8,尝试,学习,0.72896373,0.74849796,0.73873085,0.0397366,0.34487236,0.19230448,,,,,
attempt,succeed,M-E+,,,0.0486486479640007,0.0,,0.3524731993675232,0.029131555929780006,9.0,0.0,,,,,,,0.39415420694341796,7,7,尝试,继承,0.72896373,0.5252706,0.62711716,0.0397366,0.02364656,0.03169158,,,,,
attend,meeting,M+E+,参加,会议,0.047337278723716736,0.030704190954566002,,0.17428186535835266,0.23059681057929993,8.0,4.052952766418457,0.3192564249038696,0.4539779424667358,1.0,0.3377460837364197,[],"[{'zh': '集会', 'rcs': 0.3657506108283996, 'w': 0.6622539142641002}]",1.3136652578001846,6,7,参加,集会,0.6763781,0.674507,0.6754426,0.16731992,0.18287012,0.17509502,,,,,
attend,race,M+E-,参加,比赛,0.0,0.04628394544124603,,0.013630921952426434,0.11526553332805634,0.0,6.109480857849121,0.3192564249038696,0.3233467042446136,1.0,0.5091233849525452,[],"[{'zh': '赛跑', 'rcs': 0.2542572319507599, 'w': 0.4908766391380848}]",1.3192454970887177,6,4,参加,比赛,0.6763781,0.66972494,0.6730515,0.16731992,0.09689766,0.1321088,,,,,
attend,match,M+E-,参加,比赛,0.0,0.032899484038352966,,0.04975201562047005,0.08876050263643265,0.0,4.342731475830078,0.3192564249038696,0.3792346715927124,1.0,0.36189430952072144,[],"[{'zh': '竞赛', 'rcs': 0.2786668241024017, 'w': 0.6381056929433434}]",1.234330627723504,6,5,参加,竞赛,0.6763781,0.46755102,0.57196456,0.16731992,0.010955539,0.08913773,,,,,
attend,agenda,M+E-,参加,会议,0.0,0.02357533387839794,,0.06218158081173897,0.0721711665391922,0.0,3.1119439601898193,0.3192564249038696,0.2716581523418426,1.0,0.2593286633491516,[],"[{'zh': '意图', 'rcs': 0.2025883793830871, 'w': 0.28861449609744927}, {'zh': '计划', 'rcs': 0.2276059091091156, 'w': 0.23564465480768446}, {'zh': '方案', 'rcs': 0.2147877365350723, 'w': 0.21641219216145777}]",0.5926787158444479,6,6,参加,意图,0.6763781,0.7303933,0.7033857,0.16731992,0.11744143,0.14238068,,,,,
attend,class,M-E+,,,0.03550295904278755,0.0,,0.10397391021251678,0.017335819080471992,6.0,0.0,,,,,,,1.3998734804612099,6,5,参加,类别,0.6763781,0.6517665,0.6640723,0.16731992,0.02465686,0.09598839,,,,,
author,novel,M+E+,作者,小说,0.043668121099472046,0.04411748796701431,,0.45325803756713867,0.1567145138978958,10.0,4.191161632537842,0.4292629063129425,0.521359920501709,0.349263459444046,1.0,"[{'zh': '作家', 'rcs': 0.5371952652931213, 'w': 0.3017924982462423}, {'zh': '写作', 'rcs': 0.2703870832920074, 'w': 0.21036091366891385}, {'zh': '著作', 'rcs': 0.4064566791057586, 'w': 0.13858312553074836}]",[],0.5038525045203683,6,5,作者,小说,0.7721143,0.7521042,0.7621093,0.32956252,0.10797054,0.21876653,,,,,
author,volume,M+E-,著作,书,0.0,0.010992971248924732,,0.028228644281625748,0.054005034267902374,0.0,1.0443322658538818,0.4064566791057586,0.3105139434337616,0.13858312368392944,0.3737623393535614,"[{'zh': '作者', 'rcs': 0.4292629063129425, 'w': 0.3492634625540954}, {'zh': '作家', 'rcs': 0.5371952652931213, 'w': 0.3017924982462423}, {'zh': '写作', 'rcs': 0.2703870832920074, 'w': 0.21036091366891385}]","[{'zh': '卷', 'rcs': 0.2456445693969726, 'w': 0.4710926004976253}, {'zh': '体积', 'rcs': 0.2032073885202407, 'w': 0.15514505981621135}]",1.1162503716925667,6,6,作者,卷,0.7721143,0.5494763,0.66079533,0.32956252,0.056216206,0.19288936,,,,,
author,title,M-E+,,,0.021834060549736023,0.0,,0.31767088174819946,0.009566822089254856,5.0,0.0,,,,,,,1.1045123961806165,6,5,作者,冠军,0.7721143,0.3663952,0.56925476,0.32956252,0.0030042636,0.16628338,,,,,
award,trophy,M+E+,奖,奖杯,0.11267605423927307,0.02871728502213955,,0.48553237318992615,0.2970958948135376,24.0,3.331205129623413,0.3378996849060058,0.2394146025180816,0.21124403178691864,1.0,"[{'zh': '奖状', 'rcs': 0.2945268452167511, 'w': 0.4758864219094916}, {'zh': '奖学金', 'rcs': 0.2771758139133453, 'w': 0.1341402113237985}, {'zh': '奖励', 'rcs': 0.2158609181642532, 'w': 0.10594170804027137}, {'zh': '奖金', 'rcs': 0.2081794291734695, 'w': 0.07278762659723526}]",[],0.9008148329811736,5,6,奖状,奖杯,0.719095,0.7523289,0.73571193,0.5372194,0.14404662,0.340633,,,,,
award,pupil,M+E-,奖学金,学生,0.0,0.016409877687692642,,0.03483842313289642,0.07538040727376938,0.0,1.9035457372665405,0.2771758139133453,0.3569338321685791,0.13414020836353302,1.0,"[{'zh': '奖状', 'rcs': 0.2945268452167511, 'w': 0.4758864219094916}, {'zh': '奖', 'rcs': 0.3378996849060058, 'w': 0.2112440321292032}, {'zh': '奖励', 'rcs': 0.2158609181642532, 'w': 0.10594170804027137}, {'zh': '奖金', 'rcs': 0.2081794291734695, 'w': 0.07278762659723526}]",[],0.8526757098257215,5,5,奖状,学生,0.719095,0.7207131,0.71990407,0.5372194,0.26879975,0.4030096,,,,,
award,ribbon,M-E+,,,0.014084506779909134,0.0,,0.21540814638137817,0.015354295261204243,3.0,0.0,,,,,,,0.9912386152531759,5,6,奖状,丝带,0.719095,0.7566797,0.7378874,0.5372194,0.4454856,0.4913525,,,,,
award,star,M-E+,,,0.014084506779909134,0.0,,0.05373924970626831,0.004497126676142216,3.0,0.0,,,,,,,1.2217320456436844,5,4,奖状,星,0.719095,0.7774609,0.7482779,0.5372194,0.41112497,0.47417217,,,,,
backup,safety,M+E+,备份,安全,0.04316546767950058,0.06730769574642181,,0.13531678915023804,0.16050000488758087,6.0,7.0,0.2465162277221679,0.3963530957698822,1.0,1.0,[],[],0.8523337929454606,6,6,备份,安全,0.70493495,0.7763222,0.7406286,0.14236283,0.13282432,0.13759357,,,,,
backup,mobile,M+E-,备份,手机,0.0,0.013724885880947113,,0.06986379623413086,0.14207248389720917,0.0,1.427388072013855,0.2465162277221679,0.3041096031665802,1.0,0.35684701800346375,[],"[{'zh': '电话', 'rcs': 0.2799865007400512, 'w': 0.6431529697341648}]",0.5081118350831056,6,6,备份,电话,0.70493495,0.6386642,0.67179954,0.14236283,0.2486853,0.19552407,,,,,
backup,support,M-E+,,,0.0791366919875145,0.0,,0.15161530673503876,0.02690388262271881,11.0,0.0,,,,,,,0.8415305212000974,6,7,备份,支援,0.70493495,0.6045256,0.6547303,0.14236283,0.21652469,0.17944376,,,,,
backup,reverse,M-E+,,,0.07194244861602783,0.0,,0.20927688479423523,0.031376324594020844,10.0,0.0,,,,,,,0.5639626366897766,6,7,备份,交换,0.70493495,0.58630514,0.64562005,0.14236283,0.05171084,0.09703684,,,,,
backup,singer,M-E+,,,0.035971224308013916,0.0,,0.07150087505578995,0.01759999990463257,5.0,0.0,,,,,,,1.3297872979624783,6,6,备份,歌手,0.70493495,0.78461635,0.74477565,0.14236283,0.40966824,0.27601552,,,,,
bank,money,M+E+,银行,钞票,0.30222222208976746,0.012888461351394653,,0.3813994824886322,0.18324491381645203,68.0,1.159961462020874,0.4086461961269378,0.2403864562511444,0.5,0.579980731010437,"[{'zh': '存款', 'rcs': 0.2118488401174545, 'w': 0.5}]","[{'zh': '财富', 'rcs': 0.2461091130971908, 'w': 0.11783047410073798}, {'zh': '财产', 'rcs': 0.2738739550113678, 'w': 0.1117938652575191}, {'zh': '收入', 'rcs': 0.3080165684223175, 'w': 0.10487736914728106}, {'zh': '薪水', 'rcs': 0.3609795272350311, 'w': 0.08551754998212706}]",1.2163757584251522,4,5,银行,钞票,0.775044,0.78429097,0.7796675,0.12895085,0.537423,0.33318692,,,,,
bank,bar,M+E-,银行,柜台,0.0,0.013492245227098465,,0.020150870084762573,0.08556781709194183,0.0,1.2143020629882812,0.4086461961269378,0.2487852722406387,0.5,0.40476733446121216,"[{'zh': '存款', 'rcs': 0.2118488401174545, 'w': 0.5}]","[{'zh': '栅栏', 'rcs': 0.2440508306026458, 'w': 0.4047673361834182}, {'zh': '栏杆', 'rcs': 0.2593238949775696, 'w': 0.11560756207163961}, {'zh': '酒吧', 'rcs': 0.2467193305492401, 'w': 0.0748577655615241}]",0.49602782871370454,4,3,银行,柜台,0.775044,0.55048347,0.6627637,0.12895085,0.12943985,0.12919535,,,,,
bank,river,M-E+,,,0.09333333373069763,0.0,,0.11693403869867325,0.0018625282682478428,21.0,0.0,,,,,,,0.5469938228282457,4,5,银行,河流,0.775044,0.82681257,0.8009283,0.12895085,0.5053446,0.31714773,,,,,
bar,iron,M+E+,栏杆,铁,0.032967034727334976,0.00941319391131401,,0.08004172146320343,0.05937936529517174,6.0,0.8095346689224243,0.2593238949775696,0.37674680352211,0.11560755968093872,1.0,"[{'zh': '柜台', 'rcs': 0.2487852722406387, 'w': 0.4047673361834182}, {'zh': '栅栏', 'rcs': 0.2440508306026458, 'w': 0.4047673361834182}, {'zh': '酒吧', 'rcs': 0.2467193305492401, 'w': 0.0748577655615241}]",[],0.9790545488903525,3,4,柜台,铁,0.55048347,0.795556,0.67301977,0.12943985,0.75996953,0.44470468,,,,,
bar,log,M+E-,栅栏,木头,0.0,0.01882638782262802,,0.04809233918786049,0.06014842540025711,0.0,1.6190693378448486,0.2440508306026458,0.2718109786510467,0.40476733446121216,1.0,"[{'zh': '柜台', 'rcs': 0.2487852722406387, 'w': 0.4047673361834182}, {'zh': '栏杆', 'rcs': 0.2593238949775696, 'w': 0.11560756207163961}, {'zh': '酒吧', 'rcs': 0.2467193305492401, 'w': 0.0748577655615241}]",[],1.1000988420167797,3,3,柜台,木头,0.55048347,0.61934423,0.58491385,0.12943985,0.2735067,0.20147327,,,,,
bar,bank,M+E-,柜台,银行,0.0,0.011499072425067425,,0.020150870084762573,0.08556781709194183,0.0,1.011918306350708,0.2487852722406387,0.4086461961269378,0.40476733446121216,0.5,"[{'zh': '栅栏', 'rcs': 0.2440508306026458, 'w': 0.4047673361834182}, {'zh': '栏杆', 'rcs': 0.2593238949775696, 'w': 0.11560756207163961}, {'zh': '酒吧', 'rcs': 0.2467193305492401, 'w': 0.0748577655615241}]","[{'zh': '存款', 'rcs': 0.2118488401174545, 'w': 0.5}]",0.49602782871370454,3,4,柜台,银行,0.55048347,0.775044,0.6627637,0.12943985,0.12895085,0.12919535,,,,,
bar,sheep,M+E-,栅栏,羊,0.0,0.008982803672552109,,0.013818567618727684,0.06309676170349121,0.0,0.7725210785865784,0.2440508306026458,0.3994497954845428,0.40476733446121216,0.3180926442146301,"[{'zh': '柜台', 'rcs': 0.2487852722406387, 'w': 0.4047673361834182}, {'zh': '栏杆', 'rcs': 0.2593238949775696, 'w': 0.11560756207163961}, {'zh': '酒吧', 'rcs': 0.2467193305492401, 'w': 0.0748577655615241}]","[{'zh': '绵羊', 'rcs': 0.532386064529419, 'w': 0.6819073565206796}]",1.4124060417295492,3,5,柜台,绵羊,0.55048347,0.8141871,0.68233526,0.12943985,0.105415046,0.117427446,,,,,
bar,lawyer,M-E+,,,0.02747252769768238,0.0,,0.08482714742422104,0.011616822332143784,5.0,0.0,,,,,,,1.4564325705330132,3,6,柜台,律师,0.55048347,0.7821833,0.6663334,0.12943985,0.21995097,0.1746954,,,,,
bar,party,M-E+,,,0.016483517363667488,0.0,,0.1236451044678688,0.004917922895401716,3.0,0.0,,,,,,,1.3287822048092675,3,5,柜台,党派,0.55048347,0.5295197,0.5400016,0.12943985,0.051740978,0.09059041,,,,,
barrel,wood,M+E+,桶,木,0.08372092992067337,0.016880296170711517,,0.08729492872953415,0.06272943317890167,18.0,1.5867478847503662,0.4394333362579345,0.2228804677724838,1.0,0.26445797085762024,[],"[{'zh': '林地', 'rcs': 0.3142346739768982, 'w': 0.2644579592310321}, {'zh': '树林', 'rcs': 0.3620069622993469, 'w': 0.2644579592310321}, {'zh': '木头', 'rcs': 0.5249272584915161, 'w': 0.14812697031238062}, {'zh': '木材', 'rcs': 0.4958810210227966, 'w': 0.05849915199452298}]",1.0933451347483596,6,4,桶,林地,0.72587246,0.72057724,0.7232249,0.19569644,0.37188697,0.28379172,,,,,
barrel,log,M+E-,桶,木头,0.0,0.06382978707551956,,0.047305986285209656,0.16410000622272491,0.0,6.0,0.4394333362579345,0.2718109786510467,1.0,1.0,[],[],1.459949146027284,6,3,桶,木头,0.72587246,0.61934423,0.6726084,0.19569644,0.2735067,0.23460157,,,,,
barrel,rice,M+E-,桶,饭,0.0,0.01595744676887989,,0.06198134273290634,0.0687749981880188,0.0,1.5,0.4394333362579345,0.4602023959159851,1.0,0.25,[],"[{'zh': '米饭', 'rcs': 0.5950742959976196, 'w': 0.25}, {'zh': '大米', 'rcs': 0.5953600406646729, 'w': 0.25}, {'zh': '米', 'rcs': 0.2004998624324798, 'w': 0.25}]",0.9885828218944939,6,4,桶,米饭,0.72587246,0.86023504,0.79305375,0.19569644,0.17163135,0.1836639,,,,,
barrel,monkey,M-E+,,,0.03720930218696594,0.0,,0.0991058349609375,0.02192801795899868,8.0,0.0,,,,,,,0.6215740968782988,6,6,桶,猴子,0.72587246,0.803336,0.7646042,0.19569644,0.5658823,0.3807894,,,,,
barrel,round,M-E+,,,0.03720930218696594,0.0,,0.11780563741922379,0.01979999989271164,8.0,0.0,,,,,,,1.4231613463282808,6,5,桶,回合,0.72587246,0.46832725,0.59709984,0.19569644,0.014070731,0.10488359,,,,,
barrel,rain,M-E+,,,0.01860465109348297,0.0,,0.06995107978582382,0.026399999856948853,4.0,0.0,,,,,,,1.2776826955843223,6,4,桶,下雨,0.72587246,0.7865754,0.7562239,0.19569644,0.34192422,0.26881033,,,,,
bat,ball,M+E+,球拍,球,0.13658536970615387,0.019695214927196503,,0.24359627068042755,0.17840151488780975,28.0,2.1270833015441895,0.2078711837530136,0.3773891627788543,0.3038690388202667,1.0,"[{'zh': '蝙蝠', 'rcs': 0.3304645717144012, 'w': 0.6961309547562567}]",[],1.0044967566327525,3,4,蝙蝠,球,0.807446,0.7559591,0.7817025,0.38794613,0.19173166,0.2898389,,,,,
bat,cave,M+E+,蝙蝠,山洞,0.06829268485307693,0.014456457458436489,,0.19106575846672058,0.09234554320573807,14.0,1.3878198862075806,0.3304645717144012,0.4731379747390747,0.6961309313774109,0.3987238109111786,"[{'zh': '球拍', 'rcs': 0.2078711837530136, 'w': 0.30386904524374325}]","[{'zh': '洞', 'rcs': 0.4025362432003021, 'w': 0.39872381717938066}, {'zh': '洞穴', 'rcs': 0.5160452723503113, 'w': 0.20255236564123863}]",0.5300566003679569,3,4,蝙蝠,洞,0.807446,0.7656488,0.7865474,0.38794613,0.20786172,0.29790393,,,,,
bat,rat,M+E+,蝙蝠,老鼠,0.024390242993831635,0.01099632028490305,,0.2727288603782654,0.09046892076730728,5.0,1.0556466579437256,0.3304645717144012,0.525272011756897,0.6961309313774109,0.5054828524589539,"[{'zh': '球拍', 'rcs': 0.2078711837530136, 'w': 0.30386904524374325}]","[{'zh': '鼠', 'rcs': 0.4795914888381958, 'w': 0.49451712452432905}]",0.28454261857340163,3,3,蝙蝠,老鼠,0.807446,0.78748375,0.79746485,0.38794613,0.5262946,0.45712036,,,,,
bat,limb,M+E-,蝙蝠,翅膀,0.0,0.014852246269583702,,0.02372318133711815,0.05674746632575989,0.0,1.4258157014846802,0.3304645717144012,0.28743776679039,0.6961309313774109,0.2926000654697418,"[{'zh': '球拍', 'rcs': 0.2078711837530136, 'w': 0.30386904524374325}]","[{'zh': '肢体', 'rcs': 0.4249540865421295, 'w': 0.2926000525941691}, {'zh': '树枝', 'rcs': 0.275255411863327, 'w': 0.2926000525941691}, {'zh': '腿', 'rcs': 0.3473842740058899, 'w': 0.12219984221749274}]",0.9961232746829006,3,4,蝙蝠,肢体,0.807446,0.6826219,0.745034,0.38794613,0.11009881,0.24902247,,,,,
bat,wing,M-E+,,,0.014634146355092525,0.0,,0.23590585589408875,0.021023154258728027,3.0,0.0,,,,,,,0.5026752740705095,3,4,蝙蝠,侧面,0.807446,0.47376633,0.64060616,0.38794613,0.0029232572,0.19543469,,,,,
bat,wood,M-E+,,,0.014634146355092525,0.0,,0.03788474202156067,0.022073274478316307,3.0,0.0,,,,,,,0.5256254806244651,3,4,蝙蝠,林地,0.807446,0.72057724,0.7640116,0.38794613,0.37188697,0.37991655,,,,,
bear,animal,M+E+,熊,动物,0.10843373835086823,0.03316596522927284,,0.2823881208896637,0.2801820635795593,18.0,2.951770782470703,0.2862257361412048,0.5035275816917419,1.0,0.5903541445732117,[],"[{'zh': '兽', 'rcs': 0.3038774132728576, 'w': 0.2910345454408785}, {'zh': '牲畜', 'rcs': 0.2842504382133484, 'w': 0.11861132141469986}]",1.010601759832841,4,6,熊,动物,0.8163629,0.84472525,0.8305441,0.2495122,0.6573555,0.45343384,,,,,
bear,black,M+E+,熊,黑色,0.08433734625577927,0.016853932291269302,,0.10474076122045517,0.05559999868273735,14.0,1.5,0.2862257361412048,0.3892330527305603,1.0,0.5,[],"[{'zh': '黑', 'rcs': 0.3356063067913055, 'w': 0.5}]",1.2928102980543887,4,5,熊,黑色,0.8163629,0.8084788,0.81242085,0.2495122,0.51916206,0.38433713,,,,,
bear,brown,M+E+,熊,棕色,0.07831325381994247,0.02247191034257412,,0.09270308166742325,0.14300000667572021,13.0,2.0,0.2862257361412048,0.2089307904243469,1.0,0.5,[],"[{'zh': '褐色', 'rcs': 0.2117352187633514, 'w': 0.5}]",0.613358875887217,4,5,熊,棕色,0.8163629,0.8157614,0.81606215,0.2495122,0.5990011,0.42425665,,,,,
bear,kid,M+E-,熊,孩子,0.0,0.01055190246552229,,0.033578161150217056,0.058354876935482025,0.0,0.9391193389892578,0.2862257361412048,0.2647812664508819,1.0,0.23477983474731445,[],"[{'zh': '妹妹', 'rcs': 0.2216147929430008, 'w': 0.40983113602467003}, {'zh': '小孩', 'rcs': 0.3278611600399017, 'w': 0.35538902225640756}]",1.1170807121153203,4,3,熊,妹妹,0.8163629,0.73668516,0.77652407,0.2495122,0.08677875,0.16814548,,,,,
bear,carry,M-E+,,,0.0662650614976883,0.0,,0.14035283029079437,0.030058370903134346,11.0,0.0,,,,,,,0.926923988271931,4,5,熊,携带,0.8163629,0.6435951,0.72997904,0.2495122,0.043344397,0.1464283,,,,,
bear,arms,M-E+,,,0.0301204826682806,0.0,,0.13276290893554688,0.03285767883062363,5.0,0.0,,,,,,,0.08708693625644089,4,4,熊,武器,0.8163629,0.5700322,0.69319755,0.2495122,0.08172515,0.16561867,,,,,
bear,market,M-E+,,,0.01807228848338127,0.0,,0.05216725170612335,0.00788929220288992,3.0,0.0,,,,,,,1.0158247649086296,4,6,熊,市场,0.8163629,0.771651,0.79400694,0.2495122,0.09831905,0.17391562,,,,,
below,above,M+E+,下面,上面,0.08888889104127884,0.20000000298023224,,0.416005402803421,0.489300012588501,20.0,19.0,0.3517665266990661,0.3397808074951172,1.0,1.0,[],[],0.32076688572653433,5,5,下面,上面,0.5568327,0.74514145,0.650987,0.60774994,0.8010543,0.7044021,,,,,
below,touch,M+E-,下面,吃,0.0,0.016103997826576233,,0.017846932634711266,0.061807144433259964,0.0,1.5298796892166138,0.3517665266990661,0.2017240822315216,1.0,0.30597594380378723,[],"[{'zh': '触摸', 'rcs': 0.3498248159885406, 'w': 0.6222482817801144}, {'zh': '打', 'rcs': 0.2069639414548874, 'w': 0.07177576707765093}]",0.977005380206295,5,5,下面,触摸,0.5568327,0.5634652,0.56014895,0.60774994,0.24174066,0.4247453,,,,,
below,ocean,M-E+,,,0.017777778208255768,0.0,,0.09966615587472916,0.006602805573493242,4.0,0.0,,,,,,,1.3204773905575735,5,5,下面,海洋,0.5568327,0.855346,0.7060894,0.60774994,0.43111223,0.5194311,,,,,
belt,leather,M+E+,腰带,皮革,0.10849056392908096,0.010164357721805573,,0.27463361620903015,0.12389335036277771,23.0,0.9147921800613403,0.4163514971733093,0.6170324683189392,0.304930716753006,1.0,"[{'zh': '带', 'rcs': 0.2452611625194549, 'w': 0.3271426424436043}, {'zh': '皮带', 'rcs': 0.4041090309619903, 'w': 0.19097368060181708}, {'zh': '带子', 'rcs': 0.2921146154403686, 'w': 0.17695295689897544}]",[],1.4911704272879203,4,7,带,皮革,0.76060283,0.7873352,0.77396905,0.30838487,0.21277216,0.2605785,,,,,
belt,pants,M+E+,皮带,裤子,0.10849056392908096,0.009334647096693516,,0.30337703227996826,0.03680417686700821,23.0,0.8401182293891907,0.4041090309619903,0.5325920581817627,0.1909736841917038,0.22959265112876892,"[{'zh': '带', 'rcs': 0.2452611625194549, 'w': 0.3271426424436043}, {'zh': '腰带', 'rcs': 0.4163514971733093, 'w': 0.3049307200556031}, {'zh': '带子', 'rcs': 0.2921146154403686, 'w': 0.17695295689897544}]","[{'zh': '裤', 'rcs': 0.5033533573150635, 'w': 0.22666493699366944}, {'zh': '长裤', 'rcs': 0.4558230638504028, 'w': 0.20629720192838058}, {'zh': '短裤', 'rcs': 0.4888901114463806, 'w': 0.18459931658294818}, {'zh': '牛仔裤', 'rcs': 0.4652194082736969, 'w': 0.1528458961932007}]",0.68072355806277,4,5,带,裤子,0.76060283,0.81233823,0.78647053,0.30838487,0.58007216,0.44422853,,,,,
belt,sack,M+E-,带,袋子,0.0,0.01078492309898138,,0.04250582680106163,0.08895009011030197,0.0,0.9814279675483704,0.2452611625194549,0.2280734628438949,0.3271426558494568,1.0,"[{'zh': '腰带', 'rcs': 0.4163514971733093, 'w': 0.3049307200556031}, {'zh': '皮带', 'rcs': 0.4041090309619903, 'w': 0.19097368060181708}, {'zh': '带子', 'rcs': 0.2921146154403686, 'w': 0.17695295689897544}]",[],0.34696536682848655,4,4,带,袋子,0.76060283,0.7359671,0.74828494,0.30838487,0.12801418,0.21819952,,,,,
belt,bloke,M+E-,皮带,男人,0.0,0.008306439965963364,,0.01067756675183773,0.015240655280649662,0.0,0.8223375082015991,0.4041090309619903,0.3848049640655517,0.1909736841917038,0.7176709175109863,"[{'zh': '带', 'rcs': 0.2452611625194549, 'w': 0.3271426424436043}, {'zh': '腰带', 'rcs': 0.4163514971733093, 'w': 0.3049307200556031}, {'zh': '带子', 'rcs': 0.2921146154403686, 'w': 0.17695295689897544}]","[{'zh': '家伙', 'rcs': 0.4022364318370819, 'w': 0.28232908843550797}]",1.3872506231489798,4,5,带,男人,0.76060283,0.68595093,0.72327685,0.30838487,0.14578894,0.2270869,,,,,
belt,loop,M-E+,,,0.04245283082127571,0.0,,0.1866176426410675,0.011796684935688972,9.0,0.0,,,,,,,0.9150409552957739,4,4,带,圈,0.76060283,0.65861017,0.7096065,0.30838487,0.543234,0.42580944,,,,,
belt,seat,M-E+,,,0.033018868416547775,0.0,,0.16214846074581146,0.009201553650200367,7.0,0.0,,,,,,,0.6445682781353218,4,4,带,座位,0.76060283,0.62247914,0.69154096,0.30838487,0.023534125,0.16595949,,,,,
bench,park,M+E+,长椅,公园,0.1593625545501709,0.12394170463085175,,0.2968735992908478,0.13757529854774475,40.0,15.492713928222656,0.2888665795326233,0.5533136129379272,1.0,0.38731783628463745,[],"[{'zh': '庭院', 'rcs': 0.3167878687381744, 'w': 0.3873178485052622}, {'zh': '停车场', 'rcs': 0.4356929063796997, 'w': 0.16419304137673238}, {'zh': '庄园', 'rcs': 0.3247393667697906, 'w': 0.06117126161274324}]",1.195640905863261,5,4,长椅,庭院,0.7617733,0.78119713,0.7714852,0.66365933,0.1420726,0.40286598,,,,,
bench,table,M+E+,长椅,桌子,0.011952191591262817,0.00800000037997961,,0.18330369889736176,0.08326666802167892,3.0,1.0,0.2888665795326233,0.2102204859256744,1.0,0.3333333432674408,[],"[{'zh': '表', 'rcs': 0.3165098130702972, 'w': 0.3333333333333333}, {'zh': '表格', 'rcs': 0.2642697691917419, 'w': 0.3333333333333333}]",1.2926402338514569,5,5,长椅,表,0.7617733,0.6845784,0.7231759,0.66365933,0.04760247,0.3556309,,,,,
bench,lover,M+E-,长椅,情侣,0.0,0.012401157990098,,0.009054317139089108,0.040962573140859604,0.0,1.5501446723937988,0.2888665795326233,0.3756688237190246,1.0,0.3875361680984497,[],"[{'zh': '情人', 'rcs': 0.4167958498001098, 'w': 0.3875361571585559}, {'zh': '爱人', 'rcs': 0.4504662752151489, 'w': 0.22492768568288826}]",1.241096753358518,5,5,长椅,情人,0.7617733,0.74432623,0.75304973,0.66365933,0.23645446,0.4500569,,,,,
bench,chair,M-E+,,,0.06772908568382263,0.0,,0.3263390362262726,0.013199999928474426,17.0,0.0,,,,,,,0.9205385288930256,5,5,长椅,主持,0.7617733,0.45806354,0.6099184,0.66365933,0.02938048,0.34651992,,,,,
bench,press,M-E+,,,0.03187251091003418,0.0,,0.10324922204017639,0.013100000098347664,8.0,0.0,,,,,,,1.3420434166556527,5,5,长椅,评论,0.7617733,0.6138731,0.6878232,0.66365933,0.00453229,0.3340958,,,,,
bench,metal,M-E+,,,0.011952191591262817,0.0,,0.047055769711732864,0.03420000150799751,3.0,0.0,,,,,,,0.3776280279506844,5,5,长椅,金属,0.7617733,0.79557395,0.77867365,0.66365933,0.69042593,0.6770426,,,,,
bird,sky,M+E+,鸟,天空,0.033557046204805374,0.013761468231678009,,0.19071590900421143,0.08969999849796295,5.0,1.5,0.5118882656097412,0.3954683542251587,0.5,0.5,"[{'zh': '姑娘', 'rcs': 0.2078591585159301, 'w': 0.5}]","[{'zh': '蓝天', 'rcs': 0.2938329875469208, 'w': 0.5}]",0.70746259199421,4,3,鸟,蓝天,0.75772154,0.78652537,0.77212346,0.18096685,0.6850841,0.43302548,,,,,
bird,limb,M+E-,鸟,翅膀,0.0,0.013422021642327309,,0.042933858931064606,0.08994525671005249,0.0,1.4630002975463867,0.5118882656097412,0.28743776679039,0.5,0.2926000654697418,"[{'zh': '姑娘', 'rcs': 0.2078591585159301, 'w': 0.5}]","[{'zh': '肢体', 'rcs': 0.4249540865421295, 'w': 0.2926000525941691}, {'zh': '树枝', 'rcs': 0.275255411863327, 'w': 0.2926000525941691}, {'zh': '腿', 'rcs': 0.3473842740058899, 'w': 0.12219984221749274}]",1.2744295482894248,4,4,鸟,肢体,0.75772154,0.6826219,0.7201717,0.18096685,0.11009881,0.14553283,,,,,
bird,wing,M-E+,,,0.0469798669219017,0.0,,0.4387253224849701,0.03674999997019768,7.0,0.0,,,,,,,0.4565889636637473,4,4,鸟,侧面,0.75772154,0.47376633,0.61574394,0.18096685,0.0029232572,0.09194505,,,,,
bird,blue,M-E+,,,0.02684563770890236,0.0,,0.13247673213481903,0.03682500123977661,4.0,0.0,,,,,,,1.2409865800944673,4,4,鸟,蓝色,0.75772154,0.81527954,0.7865006,0.18096685,0.55630505,0.36863595,,,,,
bird,black,M-E+,,,0.020134227350354195,0.0,,0.05058087408542633,0.02095000073313713,3.0,0.0,,,,,,,1.4429355792021485,4,5,鸟,黑色,0.75772154,0.8084788,0.7831001,0.18096685,0.51916206,0.35006446,,,,,
bitch,woman,M+E+,泼妇,女人,0.17142857611179352,0.010269119404256344,,0.09332624077796936,0.03448626771569252,24.0,0.9755663275718689,0.3366863429546356,0.3765648603439331,0.7587226033210754,0.18602345883846283,"[{'zh': '挖苦', 'rcs': 0.2094566076993942, 'w': 0.2412773699853431}]","[{'zh': '妇女', 'rcs': 0.2571525573730469, 'w': 0.3214502683845471}, {'zh': '女朋友', 'rcs': 0.2700902819633484, 'w': 0.3214502683845471}, {'zh': '女性', 'rcs': 0.3336533308029175, 'w': 0.08620295103587505}, {'zh': '妻子', 'rcs': 0.3157546520233154, 'w': 0.08487305827698172}]",0.8610493546932778,5,5,泼妇,妇女,0.7461244,0.75427866,0.7502015,0.14573987,0.13826159,0.14200073,,,,,
bitch,person,M+E-,挖苦,人,0.0,0.007986553944647312,,0.06443506479263306,0.04127451032400131,0.0,0.7587226033210754,0.2094566076993942,0.2342890352010727,0.24127736687660217,1.0,"[{'zh': '泼妇', 'rcs': 0.3366863429546356, 'w': 0.7587226300146569}]",[],1.0617503339020107,5,6,泼妇,人,0.7461244,0.69399196,0.7200582,0.14573987,0.08301145,0.11437566,,,,,
bitch,ass,M-E+,,,0.02857142873108387,0.0,,0.23015789687633514,0.025746367871761322,4.0,0.0,,,,,,,1.32572077680175,5,3,泼妇,驴,0.7461244,0.65185523,0.6989898,0.14573987,0.24648368,0.19611177,,,,,
black,white,M+E+,黑色,白色,0.3352601230144501,0.020661156624555588,,0.18111152946949005,0.041862498968839645,58.0,2.5,0.3892330527305603,0.4515153765678406,0.5,0.25,"[{'zh': '黑', 'rcs': 0.3356063067913055, 'w': 0.5}]","[{'zh': '白', 'rcs': 0.2417072206735611, 'w': 0.25}, {'zh': '雪白', 'rcs': 0.4313930571079254, 'w': 0.25}, {'zh': '白色的', 'rcs': 0.4358446896076202, 'w': 0.25}]",0.1221981408830755,5,5,黑色,白,0.8084788,0.7987871,0.803633,0.51916206,0.652965,0.5860635,,,,,
black,night,M+E+,黑,夜晚,0.1387283205986023,0.009259259328246117,,0.2205435037612915,0.07479999959468842,24.0,1.1666667461395264,0.3356063067913055,0.4091582000255584,0.5,0.3333333432674408,"[{'zh': '黑色', 'rcs': 0.3892330527305603, 'w': 0.5}]","[{'zh': '晚上', 'rcs': 0.3065333962440491, 'w': 0.3333333333333333}, {'zh': '夜', 'rcs': 0.3298923075199127, 'w': 0.3333333333333333}]",1.1371391615310884,5,5,黑色,夜晚,0.8084788,0.7965686,0.8025237,0.51916206,0.52684885,0.5230055,,,,,
black,paint,M+E-,黑,颜色,0.0,0.013064159080386162,,0.06328900158405304,0.038473471999168396,0.0,1.6460840702056885,0.3356063067913055,0.2822733223438263,0.5,0.2992880046367645,"[{'zh': '黑色', 'rcs': 0.3892330527305603, 'w': 0.5}]","[{'zh': '画', 'rcs': 0.2508113086223602, 'w': 0.29928800615783485}, {'zh': '油漆', 'rcs': 0.4647365212440491, 'w': 0.29928800615783485}, {'zh': '颜料', 'rcs': 0.4393568038940429, 'w': 0.10213598152649546}]",1.2661982448007312,5,5,黑色,画,0.8084788,0.781152,0.7948154,0.51916206,0.31346944,0.41631573,,,,,
black,beauty,M-E+,,,0.017341040074825287,0.0,,0.05955240875482559,0.013257351703941822,3.0,0.0,,,,,,,1.1375660844867985,5,6,黑色,美人,0.8084788,0.76238096,0.78542984,0.51916206,0.34319448,0.43117827,,,,,
black,board,M-E+,,,0.017341040074825287,0.0,,0.05391262099146843,0.02250000089406967,3.0,0.0,,,,,,,0.919581724970041,5,5,黑色,委员会,0.8084788,0.5308222,0.6696505,0.51916206,0.009992078,0.26457706,,,,,
blast,bomb,M+E+,爆炸,炸弹,0.13385826349258423,0.013891114853322506,,0.4350455403327942,0.15305694937705994,17.0,1.5280226469039917,0.4362828135490417,0.4657172560691833,0.7640113234519958,0.3333333432674408,"[{'zh': '响声', 'rcs': 0.3306280076503753, 'w': 0.23598869700517877}]","[{'zh': '核弹', 'rcs': 0.368561178445816, 'w': 0.3333333333333333}, {'zh': '轰炸', 'rcs': 0.3353384733200073, 'w': 0.3333333333333333}]",1.1955943660292476,5,4,爆炸,核弹,0.78289163,0.8075657,0.79522866,0.20434366,0.3391666,0.27175513,,,,,
blast,voice,M+E-,响声,声音,0.0,0.01685633510351181,,0.0399295836687088,0.0795045867562294,0.0,1.6519207954406738,0.3306280076503753,0.4346926212310791,0.23598869144916534,1.0,"[{'zh': '爆炸', 'rcs': 0.4362828135490417, 'w': 0.7640113029948211}]",[],0.9294008697144905,5,5,爆炸,声音,0.78289163,0.7235539,0.75322276,0.20434366,0.20194404,0.20314385,,,,,
blast,party,M-E+,,,0.06299212574958801,0.0,,0.06412847340106964,0.01722845435142517,8.0,0.0,,,,,,,1.4424811986953099,5,5,爆炸,党派,0.78289163,0.5295197,0.65620565,0.20434366,0.051740978,0.12804233,,,,,
blend,juice,M+E+,混合,果汁,0.015228426083922386,0.010952250100672245,,0.28628820180892944,0.04661496728658676,3.0,0.8542754650115967,0.2022652179002761,0.6015601754188538,0.17377255856990814,0.8193425536155701,"[{'zh': '调和', 'rcs': 0.2830151319503784, 'w': 0.5298368389290928}, {'zh': '融合', 'rcs': 0.3065862357616424, 'w': 0.2963905993345769}]","[{'zh': '汽油', 'rcs': 0.2952397167682647, 'w': 0.18065745538948738}]",1.491883905675318,5,5,调和,果汁,0.6888331,0.8238368,0.75633496,0.09594597,0.23336983,0.16465789,,,,,
blend,tension,M+E-,调和,矛盾,0.0,0.011891323141753674,,0.03292836621403694,0.03760829195380211,0.0,1.1415669918060303,0.2830151319503784,0.3227256834506988,0.5298368334770203,0.23939593136310577,"[{'zh': '融合', 'rcs': 0.3065862357616424, 'w': 0.2963905993345769}, {'zh': '混合', 'rcs': 0.2022652179002761, 'w': 0.17377256173633032}]","[{'zh': '烦躁', 'rcs': 0.2731319963932037, 'w': 0.39777488324859395}, {'zh': '对立', 'rcs': 0.3039387464523315, 'w': 0.20025701055148892}, {'zh': '紧张', 'rcs': 0.3038784265518188, 'w': 0.08277874277260268}, {'zh': '压力', 'rcs': 0.3303003311157226, 'w': 0.07979343191360627}]",1.4633508913844246,5,7,调和,烦躁,0.6888331,0.61573833,0.6522857,0.09594597,0.07515763,0.0855518,,,,,
blend,stir,M-E+,,,0.055837564170360565,0.0,,0.3997107744216919,0.008045180700719357,11.0,0.0,,,,,,,0.5184262702561574,5,4,调和,激动,0.6888331,0.4026069,0.54572,0.09594597,0.0052125817,0.050579276,,,,,
block,street,M+E+,街区,街道,0.04830917716026306,0.022198162972927094,,0.17185312509536743,0.08155160397291183,10.0,2.3974015712738037,0.3015282750129699,0.4668838083744049,0.3003528416156769,0.4434416890144348,"[{'zh': '大楼', 'rcs': 0.2855587303638458, 'w': 0.30035285066531436}, {'zh': '立方体', 'rcs': 0.3033852279186249, 'w': 0.30035285066531436}, {'zh': '块', 'rcs': 0.3588471710681915, 'w': 0.0989414480040568}]","[{'zh': '街', 'rcs': 0.5340383648872375, 'w': 0.2582630918582018}, {'zh': '路', 'rcs': 0.428592711687088, 'w': 0.17541440449220072}, {'zh': '大街', 'rcs': 0.5593153238296509, 'w': 0.12288080151686276}]",0.8891773781149382,5,6,大楼,街道,0.5981291,0.77889574,0.68851244,0.13787603,0.3035475,0.22071177,,,,,
block,mansion,M+E-,大楼,大厦,0.0,0.036042340099811554,,0.045758865773677826,0.1821640133857727,0.0,3.604234218597412,0.2855587303638458,0.4652509689331054,0.3003528416156769,1.0,"[{'zh': '街区', 'rcs': 0.3015282750129699, 'w': 0.30035285066531436}, {'zh': '立方体', 'rcs': 0.3033852279186249, 'w': 0.30035285066531436}, {'zh': '块', 'rcs': 0.3588471710681915, 'w': 0.0989414480040568}]",[],1.4402009273260734,5,7,大楼,大厦,0.5981291,0.605979,0.60205406,0.13787603,0.01085868,0.07436736,,,,,
block,lift,M+E-,大楼,电梯,0.0,0.009080636315047741,,0.03755359351634979,0.06905823945999146,0.0,0.9080636501312256,0.2855587303638458,0.2849179804325104,0.3003528416156769,0.7558307647705078,"[{'zh': '街区', 'rcs': 0.3015282750129699, 'w': 0.30035285066531436}, {'zh': '立方体', 'rcs': 0.3033852279186249, 'w': 0.30035285066531436}, {'zh': '块', 'rcs': 0.3588471710681915, 'w': 0.0989414480040568}]","[{'zh': '移动', 'rcs': 0.3695006072521209, 'w': 0.24416924500773757}]",0.7409490099995533,5,4,大楼,电梯,0.5981291,0.6691163,0.6336227,0.13787603,0.053380553,0.09562829,,,,,
block,toy,M-E+,,,0.04830917716026306,0.0,,0.09373296052217484,0.036282625049352646,10.0,0.0,,,,,,,1.1594116762146536,5,3,大楼,玩具,0.5981291,0.7505278,0.67432845,0.13787603,0.20527373,0.17157489,,,,,
block,black,M-E+,,,0.019323671236634254,0.0,,0.02629094198346138,0.012434607371687889,4.0,0.0,,,,,,,1.0222929336503936,5,5,大楼,黑色,0.5981291,0.8084788,0.70330393,0.13787603,0.51916206,0.32851905,,,,,
block,shield,M-E+,,,0.019323671236634254,0.0,,0.22206275165081024,0.02790277823805809,4.0,0.0,,,,,,,1.0046740432307004,5,6,大楼,盾,0.5981291,0.7293669,0.663748,0.13787603,0.27455014,0.20621309,,,,,
block,party,M-E+,,,0.014492753893136978,0.0,,0.0177531186491251,0.005331262946128845,3.0,0.0,,,,,,,1.0954714622638382,5,5,大楼,党派,0.5981291,0.5295197,0.5638244,0.13787603,0.051740978,0.094808504,,,,,
blue,sky,M+E+,蓝色,天空,0.29326921701431274,0.033582091331481934,,0.28863224387168884,0.11590000241994858,61.0,4.5,0.3801732659339905,0.3954683542251587,0.5,0.5,"[{'zh': '蓝', 'rcs': 0.3567917346954345, 'w': 0.5}]","[{'zh': '蓝天', 'rcs': 0.2938329875469208, 'w': 0.5}]",0.9231815601933855,4,3,蓝色,蓝天,0.81527954,0.78652537,0.8009025,0.55630505,0.6850841,0.6206946,,,,,
blue,red,M+E+,蓝,红,0.07692307978868484,0.014666667208075523,,0.2536838948726654,0.04820000380277634,16.0,1.8333333730697632,0.3567917346954345,0.3943059742450714,0.5,0.3333333432674408,"[{'zh': '蓝色', 'rcs': 0.3801732659339905, 'w': 0.5}]","[{'zh': '红的', 'rcs': 0.2435952574014663, 'w': 0.3333333333333333}, {'zh': '红色', 'rcs': 0.3834229111671448, 'w': 0.3333333333333333}]",0.6906858714986179,4,3,蓝色,红的,0.81527954,0.7974439,0.80636173,0.55630505,0.3534052,0.45485514,,,,,
blue,ocean,M+E+,蓝色,大海,0.03846153989434242,0.02567226067185402,,0.22716106474399567,0.06569914519786835,8.0,3.4400830268859863,0.3801732659339905,0.346094936132431,0.5,0.32762694358825684,"[{'zh': '蓝', 'rcs': 0.3567917346954345, 'w': 0.5}]","[{'zh': '海洋', 'rcs': 0.4433759748935699, 'w': 0.3588481275136553}, {'zh': '海', 'rcs': 0.212484985589981, 'w': 0.3135249423529021}]",1.314960074225615,4,5,蓝色,海洋,0.81527954,0.855346,0.8353128,0.55630505,0.43111223,0.49370864,,,,,
blue,sea,M+E+,蓝色,大海,0.03365384787321091,0.026487156748771667,,0.20534364879131317,0.07326386123895645,7.0,3.549278736114502,0.3801732659339905,0.3686357140541076,0.5,0.3380265533924103,"[{'zh': '蓝', 'rcs': 0.3567917346954345, 'w': 0.5}]","[{'zh': '海', 'rcs': 0.2446184605360031, 'w': 0.34962473494946494}, {'zh': '海洋', 'rcs': 0.3984117209911346, 'w': 0.3123487031553847}]",1.1177079547007194,4,3,蓝色,海,0.81527954,0.86250806,0.8388938,0.55630505,0.3810418,0.4686734,,,,,
blue,yellow,M+E+,蓝色,黄色,0.028846153989434242,0.014925372786819935,,0.15810047090053558,0.1246500015258789,6.0,2.0,0.3801732659339905,0.5010339617729187,0.5,1.0,"[{'zh': '蓝', 'rcs': 0.3567917346954345, 'w': 0.5}]",[],1.2474495679102284,4,6,蓝色,黄色,0.81527954,0.8135123,0.8143959,0.55630505,0.44301888,0.49966198,,,,,
blue,paint,M+E-,蓝色,颜色,0.0,0.007817224599421024,,0.04071082919836044,0.054350703954696655,0.0,1.0475080013275146,0.3801732659339905,0.2822733223438263,0.5,0.2992880046367645,"[{'zh': '蓝', 'rcs': 0.3567917346954345, 'w': 0.5}]","[{'zh': '画', 'rcs': 0.2508113086223602, 'w': 0.29928800615783485}, {'zh': '油漆', 'rcs': 0.4647365212440491, 'w': 0.29928800615783485}, {'zh': '颜料', 'rcs': 0.4393568038940429, 'w': 0.10213598152649546}]",1.212845157578232,4,5,蓝色,画,0.81527954,0.781152,0.79821575,0.55630505,0.31346944,0.43488723,,,,,
blue,bird,M-E+,,,0.01923076994717121,0.0,,0.13247673213481903,0.03682500123977661,4.0,0.0,,,,,,,1.2409865800944673,4,4,蓝色,鸟,0.81527954,0.75772154,0.7865006,0.55630505,0.18096685,0.36863595,,,,,
blue,baby,M-E+,,,0.014423076994717121,0.0,,0.06886779516935349,0.004031057469546795,3.0,0.0,,,,,,,1.4491497533619653,4,4,蓝色,小孩,0.81527954,0.73960555,0.7774426,0.55630505,0.19951873,0.3779119,,,,,
bomb,war,M+E+,轰炸,战争,0.113772451877594,0.020407002419233322,,0.2683306336402893,0.05867268145084381,19.0,2.510061502456665,0.3353384733200073,0.4878461062908172,0.3333333432674408,0.3765091896057129,"[{'zh': '核弹', 'rcs': 0.368561178445816, 'w': 0.3333333333333333}, {'zh': '炸弹', 'rcs': 0.4657172560691833, 'w': 0.3333333333333333}]","[{'zh': '对抗', 'rcs': 0.2497596591711044, 'w': 0.34646837562099053}, {'zh': '斗争', 'rcs': 0.3020451962947845, 'w': 0.17065404832631248}, {'zh': '冲突', 'rcs': 0.2748357057571411, 'w': 0.1063683913595026}]",1.3877940979885113,4,3,核弹,战争,0.8075657,0.7073392,0.7574525,0.3391666,0.35187972,0.34552318,,,,,
bomb,blast,M+E+,炸弹,爆炸,0.02994011901319027,0.061472177505493164,,0.4350455403327942,0.15305693447589874,5.0,7.130773067474365,0.4657172560691833,0.4362828135490417,0.3333333432674408,0.7640113234519958,"[{'zh': '核弹', 'rcs': 0.368561178445816, 'w': 0.3333333333333333}, {'zh': '轰炸', 'rcs': 0.3353384733200073, 'w': 0.3333333333333333}]","[{'zh': '响声', 'rcs': 0.3306280076503753, 'w': 0.23598869700517877}]",1.1955943660292476,4,5,核弹,爆炸,0.8075657,0.78289163,0.79522866,0.3391666,0.20434366,0.27175513,,,,,
bomb,arms,M+E-,核弹,武器,0.0,0.008383515290915966,,0.05228274315595627,0.09345037490129471,0.0,0.9557207822799683,0.368561178445816,0.2963938415050506,0.3333333432674408,0.573432445526123,"[{'zh': '轰炸', 'rcs': 0.3353384733200073, 'w': 0.3333333333333333}, {'zh': '炸弹', 'rcs': 0.4657172560691833, 'w': 0.3333333333333333}]","[{'zh': '兵器', 'rcs': 0.2892235517501831, 'w': 0.4265675521178863}]",0.13512153994717963,4,4,核弹,武器,0.8075657,0.5700322,0.6887989,0.3391666,0.08172515,0.21044588,,,,,
bomb,cherry,M-E+,,,0.023952096700668335,0.0,,0.06565824896097183,0.02593333274126053,4.0,0.0,,,,,,,1.2388666998276046,4,6,核弹,樱桃,0.8075657,0.83137864,0.8194722,0.3391666,0.36732277,0.3532447,,,,,
border,state,M+E+,边界,国家,0.03086419776082039,0.01081028301268816,,0.16155199706554413,0.09998095780611038,5.0,1.167510747909546,0.3967014253139496,0.2936394810676574,0.1590379923582077,0.734108030796051,"[{'zh': '边境', 'rcs': 0.4416214823722839, 'w': 0.4204810016270035}, {'zh': '边疆', 'rcs': 0.2616983354091644, 'w': 0.4204810016270035}]","[{'zh': '规定', 'rcs': 0.2473006099462509, 'w': 0.26589196465579745}]",1.3195349259653562,6,5,边境,国家,0.6317142,0.7015089,0.66661155,0.21258223,0.25638014,0.23448119,,,,,
border,soldier,M+E-,边疆,战士,0.0,0.009503674693405628,,0.044731561094522476,0.05734517052769661,0.0,1.0644115209579468,0.2616983354091644,0.3228359520435333,0.42048099637031555,0.31642675399780273,"[{'zh': '边境', 'rcs': 0.4416214823722839, 'w': 0.4204810016270035}, {'zh': '边界', 'rcs': 0.3967014253139496, 'w': 0.15903799674599292}]","[{'zh': '兵', 'rcs': 0.3273873627185821, 'w': 0.3164267561764707}, {'zh': '军人', 'rcs': 0.4203858375549316, 'w': 0.18820543137467238}, {'zh': '士兵', 'rcs': 0.4214936792850494, 'w': 0.17894105627238624}]",0.7699646229619352,6,7,边境,战士,0.6317142,0.75581336,0.6937638,0.21258223,0.31563348,0.26410785,,,,,
border,barrier,M-E+,,,0.02469135820865631,0.0,,0.18023288249969482,0.015557796694338322,4.0,0.0,,,,,,,1.0066423638169701,6,7,边境,障碍,0.6317142,0.6874486,0.6595814,0.21258223,0.09970817,0.1561452,,,,,
border,outline,M-E+,,,0.02469135820865631,0.0,,0.20707660913467407,0.0031633044127374887,4.0,0.0,,,,,,,1.3994511153925748,6,7,边境,纲要,0.6317142,0.73549855,0.6836064,0.21258223,0.17426094,0.19342159,,,,,
bored,boring,M+E+,沉闷,无聊,0.02010050229728222,0.040319666266441345,,0.36274269223213196,0.2941097617149353,4.0,4.314204216003418,0.3648703992366791,0.4042637050151825,1.0,0.35951703786849976,[],"[{'zh': '闷', 'rcs': 0.2397977113723755, 'w': 0.640482965983034}]",0.5157357682815121,5,6,沉闷,闷,0.69590145,0.6522786,0.67409,0.10538075,0.111878976,0.10862987,,,,,
bored,aura,M+E-,沉闷,气氛,0.0,0.011893555521965027,,0.010384147986769676,0.05739473178982735,0.0,1.2726104259490967,0.3648703992366791,0.3009389638900757,1.0,0.25452208518981934,[],"[{'zh': '气质', 'rcs': 0.3536470532417297, 'w': 0.4342328255764166}, {'zh': '氛围', 'rcs': 0.3425017297267914, 'w': 0.31124508756563946}]",1.4722416175534674,5,4,沉闷,气质,0.69590145,0.53958094,0.6177412,0.10538075,0.026533255,0.065957,,,,,
bored,quiet,M-E+,,,0.015075377188622952,0.0,,0.1374659240245819,0.03097621724009514,3.0,0.0,,,,,,,1.1191773727636487,5,5,沉闷,宁静,0.69590145,0.63740396,0.6666527,0.10538075,0.20341219,0.15439647,,,,,
bow,arrow,M+E+,弓,箭,0.21078431606292725,0.06476660817861557,,0.32156801223754883,0.14027027785778046,43.0,5.764228343963623,0.3575977385044098,0.4345760941505432,0.44340217113494873,0.5,"[{'zh': '蝴蝶结', 'rcs': 0.3134213089942932, 'w': 0.4434021836707381}, {'zh': '弯曲', 'rcs': 0.2933269441127777, 'w': 0.11319563265852399}]","[{'zh': '箭头', 'rcs': 0.3289274573326111, 'w': 0.5}]",1.1481150537517317,3,5,蝴蝶结,箭头,0.67067564,0.74968207,0.71017885,0.5814521,0.63975096,0.61060154,,,,,
bow,string,M+E+,弓,弦,0.019607843831181526,0.014453553594648838,,0.17257530987262726,0.11623604595661163,4.0,1.2863662242889404,0.3575977385044098,0.4187423884868622,0.44340217113494873,0.5802254676818848,"[{'zh': '蝴蝶结', 'rcs': 0.3134213089942932, 'w': 0.4434021836707381}, {'zh': '弯曲', 'rcs': 0.2933269441127777, 'w': 0.11319563265852399}]","[{'zh': '绳子', 'rcs': 0.3045003116130829, 'w': 0.41977453550667027}]",1.4842168502688506,3,6,蝴蝶结,弦,0.67067564,0.6284958,0.6495857,0.5814521,0.254066,0.41775903,,,,,
bow,sword,M+E-,弓,剑,0.0,0.019534753635525703,,0.04652497172355652,0.119412362575531,0.0,1.7385931015014648,0.3575977385044098,0.3996585011482239,0.44340217113494873,0.6535049676895142,"[{'zh': '蝴蝶结', 'rcs': 0.3134213089942932, 'w': 0.4434021836707381}, {'zh': '弯曲', 'rcs': 0.2933269441127777, 'w': 0.11319563265852399}]","[{'zh': '刀', 'rcs': 0.3880504071712494, 'w': 0.3464950224921284}]",1.0248858775917826,3,5,蝴蝶结,剑,0.67067564,0.7492657,0.70997065,0.5814521,0.34472117,0.4630866,,,,,
bow,arms,M+E-,弓,武器,0.0,0.014284337870776653,,0.05956616625189781,0.09492985904216766,0.0,1.271306037902832,0.3575977385044098,0.2963938415050506,0.44340217113494873,0.573432445526123,"[{'zh': '蝴蝶结', 'rcs': 0.3134213089942932, 'w': 0.4434021836707381}, {'zh': '弯曲', 'rcs': 0.2933269441127777, 'w': 0.11319563265852399}]","[{'zh': '兵器', 'rcs': 0.2892235517501831, 'w': 0.4265675521178863}]",0.8311673130965299,3,4,蝴蝶结,武器,0.67067564,0.5700322,0.62035394,0.5814521,0.08172515,0.33158863,,,,,
bow,ship,M-E+,,,0.04901960864663124,0.0,,0.08019880205392838,0.010153910145163536,10.0,0.0,,,,,,,1.0141130866984165,3,4,蝴蝶结,船,0.67067564,0.8279798,0.7493277,0.5814521,0.54570097,0.5635765,,,,,
brick,cement,M+E+,砖头,水泥,0.021621622145175934,0.012578616850078106,,0.4374702572822571,0.1797666847705841,4.0,1.3333333730697632,0.3522881269454956,0.5626490116119385,0.3333333432674408,1.0,"[{'zh': '积木', 'rcs': 0.2154386341571808, 'w': 0.3333333333333333}, {'zh': '砖', 'rcs': 0.5376665592193604, 'w': 0.3333333333333333}]",[],0.6611438591540121,5,6,积木,水泥,0.741537,0.7559994,0.7487682,0.22103651,0.28496802,0.25300226,,,,,
brick,toy,M+E-,积木,玩具,0.0,0.0451977401971817,,0.05573732778429985,0.15913334488868713,0.0,5.333333492279053,0.2154386341571808,0.4676190018653869,0.3333333432674408,1.0,"[{'zh': '砖头', 'rcs': 0.3522881269454956, 'w': 0.3333333333333333}, {'zh': '砖', 'rcs': 0.5376665592193604, 'w': 0.3333333333333333}]",[],1.0121330937879782,5,3,积木,玩具,0.741537,0.7505278,0.74603236,0.22103651,0.20527373,0.21315512,,,,,
brick,log,M+E-,积木,木头,0.0,0.008474576286971569,,0.058556362986564636,0.06040000170469284,0.0,1.0,0.2154386341571808,0.2718109786510467,0.3333333432674408,1.0,"[{'zh': '砖头', 'rcs': 0.3522881269454956, 'w': 0.3333333333333333}, {'zh': '砖', 'rcs': 0.5376665592193604, 'w': 0.3333333333333333}]",[],0.9818467505580158,5,3,积木,木头,0.741537,0.61934423,0.6804406,0.22103651,0.2735067,0.2472716,,,,,
brick,layer,M-E+,,,0.021621622145175934,0.0,,0.200916588306427,0.01743333414196968,4.0,0.0,,,,,,,1.3416863579321843,5,5,积木,层次,0.741537,0.5463708,0.6439539,0.22103651,0.17130128,0.1961689,,,,,
brick,oven,M-E+,,,0.01621621660888195,0.0,,0.15933184325695038,0.01586666703224182,3.0,0.0,,,,,,,0.5079017779384674,5,4,积木,烤箱,0.741537,0.81958306,0.78056,0.22103651,0.25621438,0.23862544,,,,,
bridge,river,M+E+,桥,河,0.11282051354646683,0.018628669902682304,,0.17770782113075256,0.051992278546094894,22.0,1.4530363082885742,0.4420796632766723,0.4457035362720489,0.5,0.26418840885162354,"[{'zh': '桥梁', 'rcs': 0.5386225581169128, 'w': 0.5}]","[{'zh': '河流', 'rcs': 0.4896267354488373, 'w': 0.26418839524532906}, {'zh': '小溪', 'rcs': 0.4996245503425598, 'w': 0.26418839524532906}, {'zh': '溪流', 'rcs': 0.4985944032669067, 'w': 0.1300043317852566}, {'zh': '溪', 'rcs': 0.4290595948696136, 'w': 0.07743048247875631}]",0.5019643671971438,6,5,桥,河流,0.7999692,0.82681257,0.81339085,0.16899893,0.5053446,0.3371718,,,,,
bridge,willow,M+E-,桥,柳树,0.0,0.01923076994717121,,0.028615131974220276,0.12120000272989273,0.0,1.5,0.4420796632766723,0.4373263716697693,0.5,1.0,"[{'zh': '桥梁', 'rcs': 0.5386225581169128, 'w': 0.5}]",[],1.2224701770326407,6,6,桥,柳树,0.7999692,0.7553895,0.7776793,0.16899893,0.080070995,0.124534965,,,,,
bridge,project,M+E-,桥梁,工程,0.0,0.009805237874388695,,0.052777666598558426,0.11542464792728424,0.0,0.8726661801338196,0.5386225581169128,0.2770462036132812,0.5,0.5817774534225464,"[{'zh': '桥', 'rcs': 0.4420796632766723, 'w': 0.5}]","[{'zh': '规划', 'rcs': 0.2946047186851501, 'w': 0.21225051145088047}, {'zh': '计划', 'rcs': 0.2996902763843536, 'w': 0.11936802253896542}, {'zh': '方案', 'rcs': 0.2234213203191757, 'w': 0.0866040384229953}]",1.3579399378207948,6,7,桥,工程,0.7999692,0.6970693,0.74851924,0.16899893,0.16400418,0.16650155,,,,,
bridge,burn,M-E+,,,0.020512821152806282,0.0,,0.04859023913741112,0.004752864129841328,4.0,0.0,,,,,,,1.2649373004011557,6,4,桥,烧伤,0.7999692,0.7245533,0.7622613,0.16899893,0.4179795,0.29348922,,,,,
bruise,injury,M+E+,伤痕,伤害,0.02450980432331562,0.01883966289460659,,0.431122362613678,0.20843787491321564,5.0,1.714409351348877,0.4205599129199981,0.221846655011177,1.0,0.34288185834884644,[],"[{'zh': '损伤', 'rcs': 0.3585551381111145, 'w': 0.6571181473338119}]",0.9217375141681018,6,6,伤痕,损伤,0.7721388,0.75745124,0.764795,0.072739765,0.12836596,0.100552864,,,,,
bruise,sword,M+E-,伤痕,刀,0.0,0.011422913521528244,,0.05739546939730644,0.07789779454469681,0.0,1.0394850969314575,0.4205599129199981,0.3880504071712494,1.0,0.34649503231048584,[],"[{'zh': '剑', 'rcs': 0.3996585011482239, 'w': 0.6535049775078716}]",1.2420552715635649,6,5,伤痕,剑,0.7721388,0.7492657,0.76070225,0.072739765,0.34472117,0.20873046,,,,,
bruise,purple,M-E+,,,0.13235294818878174,0.0,,0.17200829088687897,0.020400000736117363,27.0,0.0,,,,,,,0.9682530484299234,6,6,伤痕,紫色,0.7721388,0.81664944,0.79439414,0.072739765,0.13664714,0.10469345,,,,,
bruise,yellow,M-E+,,,0.019607843831181526,0.0,,0.06061839312314987,0.014999999664723873,4.0,0.0,,,,,,,1.3285928788055403,6,6,伤痕,黄色,0.7721388,0.8135123,0.7928256,0.072739765,0.44301888,0.25787932,,,,,
bubble,soap,M+E+,泡沫,肥皂,0.15068493783473969,0.008560298010706902,,0.34357553720474243,0.05552026256918907,33.0,0.8132283687591553,0.4069440960884094,0.3308897018432617,0.07059616595506668,0.5,"[{'zh': '泡泡', 'rcs': 0.3187713325023651, 'w': 0.23235095813660003}, {'zh': '起泡', 'rcs': 0.3191709220409393, 'w': 0.23235095813660003}, {'zh': '气泡', 'rcs': 0.3949038386344909, 'w': 0.23235095813660003}, {'zh': '泡', 'rcs': 0.3404182195663452, 'w': 0.23235095813660003}]","[{'zh': '香皂', 'rcs': 0.2565927505493164, 'w': 0.5}]",1.0756430327784279,6,4,泡泡,香皂,0.7646963,0.7759434,0.7703198,0.17728187,0.42318115,0.30023152,,,,,
bubble,sugar,M+E-,泡泡,糖,0.0,0.017120596021413803,,0.0540446862578392,0.07260967791080475,0.0,1.6264567375183105,0.3187713325023651,0.6042978167533875,0.23235096037387848,1.0,"[{'zh': '起泡', 'rcs': 0.3191709220409393, 'w': 0.23235095813660003}, {'zh': '气泡', 'rcs': 0.3949038386344909, 'w': 0.23235095813660003}, {'zh': '泡', 'rcs': 0.3404182195663452, 'w': 0.23235095813660003}, {'zh': '泡沫', 'rcs': 0.4069440960884094, 'w': 0.07059616745359987}]",[],1.001044055351407,6,5,泡泡,糖,0.7646963,0.8346725,0.7996844,0.17728187,0.2812132,0.22924754,,,,,
bubble,liquor,M+E-,起泡,酒,0.0,0.014990383759140968,,0.0682934895157814,0.04556402191519737,0.0,1.3941057920455933,0.3191709220409393,0.4539623856544494,0.23235096037387848,1.0,"[{'zh': '泡泡', 'rcs': 0.3187713325023651, 'w': 0.23235095813660003}, {'zh': '气泡', 'rcs': 0.3949038386344909, 'w': 0.23235095813660003}, {'zh': '泡', 'rcs': 0.3404182195663452, 'w': 0.23235095813660003}, {'zh': '泡沫', 'rcs': 0.4069440960884094, 'w': 0.07059616745359987}]",[],0.4336754781687573,6,6,泡泡,酒,0.7646963,0.80507517,0.78488576,0.17728187,0.6628885,0.4200852,,,,,
bubble,mirage,M+E-,气泡,幻想,0.0,0.008105266839265823,,0.049913786351680756,0.026557713747024536,0.0,0.6970528960227966,0.3949038386344909,0.2192086577415466,0.23235096037387848,1.0,"[{'zh': '泡泡', 'rcs': 0.3187713325023651, 'w': 0.23235095813660003}, {'zh': '起泡', 'rcs': 0.3191709220409393, 'w': 0.23235095813660003}, {'zh': '泡', 'rcs': 0.3404182195663452, 'w': 0.23235095813660003}, {'zh': '泡沫', 'rcs': 0.4069440960884094, 'w': 0.07059616745359987}]",[],1.488071937480124,6,6,泡泡,幻想,0.7646963,0.6583736,0.711535,0.17728187,0.042323735,0.109802805,,,,,
bubble,round,M-E+,,,0.0502283088862896,0.0,,0.09997345507144928,0.009340507909655571,11.0,0.0,,,,,,,1.4052008569773378,6,5,泡泡,回合,0.7646963,0.46832725,0.61651176,0.17728187,0.014070731,0.0956763,,,,,
bubble,sphere,M-E+,,,0.027397260069847107,0.0,,0.1807386577129364,0.0030933020170778036,6.0,0.0,,,,,,,0.6500425454463896,6,6,泡泡,领域,0.7646963,0.6174963,0.6910963,0.17728187,0.07740127,0.12734157,,,,,
bubble,wrap,M-E+,,,0.027397260069847107,0.0,,0.06511411815881729,0.007436743937432766,6.0,0.0,,,,,,,1.1569599971585356,6,4,泡泡,围巾,0.7646963,0.6864933,0.72559476,0.17728187,0.039155845,0.108218856,,,,,
bubble,butt,M-E+,,,0.01826483942568302,0.0,,0.09466159343719482,0.02962474711239338,4.0,0.0,,,,,,,1.2974429147106934,6,4,泡泡,屁股,0.7646963,0.7246236,0.74465996,0.17728187,0.17101058,0.17414623,,,,,
bubble,wand,M-E+,,,0.013698630034923553,0.0,,0.11354891955852509,0.007680557202547789,3.0,0.0,,,,,,,1.1050108361296975,6,4,泡泡,魔杖,0.7646963,0.7877739,0.7762351,0.17728187,0.39985868,0.28857028,,,,,
bull,red,M+E+,公牛,红色,0.0839160829782486,0.035087719559669495,,0.04432765394449234,0.028466667979955673,12.0,2.0,0.3644729852676391,0.3834229111671448,1.0,0.3333333432674408,[],"[{'zh': '红的', 'rcs': 0.2435952574014663, 'w': 0.3333333333333333}, {'zh': '红', 'rcs': 0.3943059742450714, 'w': 0.3333333333333333}]",1.1787773553645533,4,3,公牛,红的,0.7259266,0.7974439,0.76168525,0.082972884,0.3534052,0.21818905,,,,,
bull,animal,M+E+,公牛,动物,0.0279720276594162,0.031071271747350693,,0.10681670159101486,0.09894336014986038,4.0,1.7710623741149902,0.3644729852676391,0.5035275816917419,1.0,0.5903541445732117,[],"[{'zh': '兽', 'rcs': 0.3038774132728576, 'w': 0.2910345454408785}, {'zh': '牲畜', 'rcs': 0.2842504382133484, 'w': 0.11861132141469986}]",1.0324690465009354,4,6,公牛,动物,0.7259266,0.84472525,0.7853259,0.082972884,0.6573555,0.3701642,,,,,
bull,angle,M+E-,公牛,角,0.0,0.03850925713777542,,0.010572373867034912,0.1518959105014801,0.0,2.1950275897979736,0.3644729852676391,0.2185849845409393,1.0,0.7316758632659912,[],"[{'zh': '角度', 'rcs': 0.3891266286373138, 'w': 0.26832411603542305}]",1.393369138245422,4,5,公牛,角,0.7259266,0.62731457,0.6766206,0.082972884,0.16969074,0.1263318,,,,,
bull,market,M-E+,,,0.0279720276594162,0.0,,0.07433144748210907,0.00848471000790596,4.0,0.0,,,,,,,0.991713581779033,4,6,公牛,市场,0.7259266,0.771651,0.74878883,0.082972884,0.09831905,0.09064597,,,,,
bull,pen,M-E+,,,0.0279720276594162,0.0,,0.07470820844173431,0.013849999755620956,4.0,0.0,,,,,,,0.4929717050797893,4,3,公牛,钢笔,0.7259266,0.75962746,0.742777,0.082972884,0.7793726,0.43117273,,,,,
bull,ring,M-E+,,,0.02097902074456215,0.0,,0.04268321022391319,0.019931774586439133,3.0,0.0,,,,,,,0.6581125968673853,4,4,公牛,戒指,0.7259266,0.6995728,0.7127497,0.082972884,0.0843003,0.0836366,,,,,
butt,rear,M+E+,屁股,臀部,0.058252427726984024,0.07207207381725311,,0.38679614663124084,0.5623000264167786,12.0,8.0,0.4348784983158111,0.2361449003219604,1.0,1.0,[],[],1.2463019216456344,4,4,屁股,臀部,0.7246236,0.54897034,0.63679695,0.17101058,0.27734083,0.2241757,,,,,
butt,bottom,M+E+,屁股,臀部,0.05339805781841278,0.010160327889025211,,0.300514280796051,0.07926999032497406,11.0,1.1277964115142822,0.4348784983158111,0.3366530239582062,1.0,0.14097455143928528,[],"[{'zh': '底部', 'rcs': 0.4559625387191772, 'w': 0.4646541653925553}, {'zh': '下面', 'rcs': 0.3282776772975921, 'w': 0.3943712901938763}]",1.0863272838867823,4,6,屁股,底部,0.7246236,0.69940823,0.7120159,0.17101058,0.3808172,0.2759139,,,,,
butt,body,M+E-,屁股,身体,0.0,0.014416160993278027,,0.053883977234363556,0.1084931418299675,0.0,1.6001938581466675,0.4348784983158111,0.3793242275714874,1.0,0.40004846453666687,[],"[{'zh': '尸体', 'rcs': 0.214199960231781, 'w': 0.4000484667624227}, {'zh': '物体', 'rcs': 0.4174042642116546, 'w': 0.19990306647515454}]",0.8785453445743648,4,4,屁股,尸体,0.7246236,0.68073213,0.70267785,0.17101058,0.043146376,0.10707848,,,,,
butt,sex,M-E+,,,0.02427184395492077,0.0,,0.06541331857442856,0.024925777688622475,5.0,0.0,,,,,,,1.075370317897989,4,3,屁股,性,0.7246236,0.72243667,0.7235302,0.17101058,0.29370517,0.23235787,,,,,
butt,rifle,M-E+,,,0.014563106931746006,0.0,,0.10484693199396133,0.0203000009059906,3.0,0.0,,,,,,,0.7217759631071609,4,5,屁股,步枪,0.7246236,0.7530453,0.7388345,0.17101058,0.27141634,0.22121346,,,,,
butt,round,M-E+,,,0.014563106931746006,0.0,,0.12862882018089294,0.03590000048279762,3.0,0.0,,,,,,,0.977405384366179,4,5,屁股,回合,0.7246236,0.46832725,0.5964754,0.17101058,0.014070731,0.09254066,,,,,
butt,water,M-E+,,,0.014563106931746006,0.0,,0.018905015662312508,0.014476981945335865,3.0,0.0,,,,,,,1.0954093825622448,4,5,屁股,灌溉,0.7246236,0.5788847,0.65175414,0.17101058,0.2631127,0.21706164,,,,,
button,thread,M+E+,扣子,衣服,0.021276595070958138,0.014100824482738972,,0.26114553213119507,0.06255137920379639,4.0,1.4241832494735718,0.3900531828403473,0.2073432207107544,0.22952285408973694,0.24819894134998322,"[{'zh': '按钮', 'rcs': 0.4878642857074737, 'w': 0.22952285107089268}, {'zh': '按键', 'rcs': 0.4508865475654602, 'w': 0.22952285107089268}, {'zh': '纽扣', 'rcs': 0.3458504974842071, 'w': 0.22952285107089268}, {'zh': '键', 'rcs': 0.3273929059505462, 'w': 0.08190859571642929}]","[{'zh': '穿', 'rcs': 0.2127098888158798, 'w': 0.7518010622210529}]",0.9263248486169166,6,6,扣子,穿,0.78395116,0.64790684,0.71592903,0.14869538,0.026098285,0.08739683,,,,,
button,switch,M+E+,按钮,开关,0.01595744676887989,0.019166335463523865,,0.1046920195221901,0.07998200505971909,3.0,1.839968204498291,0.4878642857074737,0.3317148685455322,0.22952285408973694,0.6166532635688782,"[{'zh': '扣子', 'rcs': 0.3900531828403473, 'w': 0.22952285107089268}, {'zh': '按键', 'rcs': 0.4508865475654602, 'w': 0.22952285107089268}, {'zh': '纽扣', 'rcs': 0.3458504974842071, 'w': 0.22952285107089268}, {'zh': '键', 'rcs': 0.3273929059505462, 'w': 0.08190859571642929}]","[{'zh': '转换', 'rcs': 0.3224034905433655, 'w': 0.19782583341149027}, {'zh': '转移', 'rcs': 0.2481322288513183, 'w': 0.09754687964753536}, {'zh': '交换', 'rcs': 0.2526579201221466, 'w': 0.08797401518700525}]",0.8330791251581873,6,6,扣子,开关,0.78395116,0.6346009,0.709276,0.14869538,0.10374456,0.12621997,,,,,
button,voice,M+E-,按键,声音,0.0,0.009979254566133022,,0.014528078027069569,0.025775417685508728,0.0,0.9180914163589478,0.4508865475654602,0.4346926212310791,0.22952285408973694,1.0,"[{'zh': '扣子', 'rcs': 0.3900531828403473, 'w': 0.22952285107089268}, {'zh': '按钮', 'rcs': 0.4878642857074737, 'w': 0.22952285107089268}, {'zh': '纽扣', 'rcs': 0.3458504974842071, 'w': 0.22952285107089268}, {'zh': '键', 'rcs': 0.3273929059505462, 'w': 0.08190859571642929}]",[],1.096499843575136,6,5,扣子,声音,0.78395116,0.7235539,0.7537525,0.14869538,0.20194404,0.1753197,,,,,
button,press,M-E+,,,0.058510638773441315,0.0,,0.1876007467508316,0.017191262915730476,11.0,0.0,,,,,,,1.1777295370329355,6,5,扣子,评论,0.78395116,0.6138731,0.69891214,0.14869538,0.00453229,0.076613836,,,,,
button,nose,M-E+,,,0.03191489353775978,0.0,,0.0463370606303215,0.010702963918447495,6.0,0.0,,,,,,,1.088358170934408,6,4,扣子,鼻,0.78395116,0.79401773,0.7889844,0.14869538,0.15315132,0.15092334,,,,,
button,round,M-E+,,,0.03191489353775978,0.0,,0.046196937561035156,0.009066153317689896,6.0,0.0,,,,,,,1.1975827799921808,6,5,扣子,回合,0.78395116,0.46832725,0.6261392,0.14869538,0.014070731,0.08138306,,,,,
button,belly,M-E+,,,0.01595744676887989,0.0,,0.11944914609193802,0.012164711020886898,3.0,0.0,,,,,,,0.6012907338660977,6,5,扣子,肚子,0.78395116,0.7772397,0.7805954,0.14869538,0.24125734,0.19497636,,,,,
button,mouse,M-E+,,,0.01595744676887989,0.0,,0.1323939710855484,0.008452567271888256,3.0,0.0,,,,,,,0.5429340317904575,6,5,扣子,鼠,0.78395116,0.79693604,0.7904436,0.14869538,0.62943655,0.38906598,,,,,
cancer,sickness,M+E+,癌,疾病,0.05343511328101158,0.013135694898664951,,0.3293450176715851,0.17241623997688293,7.0,1.4317907094955444,0.643173336982727,0.4873869121074676,0.5,0.5727162957191467,"[{'zh': '癌症', 'rcs': 0.6733107566833496, 'w': 0.5}]","[{'zh': '恶心', 'rcs': 0.4008625745773315, 'w': 0.17974843156570344}, {'zh': '呕吐', 'rcs': 0.4489710330963135, 'w': 0.1162461307620861}, {'zh': '厌恶', 'rcs': 0.2158258259296417, 'w': 0.07098864434248908}, {'zh': '悲伤', 'rcs': 0.2323462665081024, 'w': 0.06030047312504205}]",1.1835144178330275,6,8,癌症,疾病,0.7922889,0.7799919,0.78614044,0.097811274,0.22926068,0.16353598,,,,,
cancer,perish,M+E-,癌症,死亡,0.0,0.023990033194422722,,0.05828866735100746,0.04083135724067688,0.0,2.5669333934783936,0.6733107566833496,0.2510530650615692,0.5,0.3422577977180481,"[{'zh': '癌', 'rcs': 0.643173336982727, 'w': 0.5}]","[{'zh': '丧失', 'rcs': 0.3378564715385437, 'w': 0.3900043667165838}, {'zh': '毁灭', 'rcs': 0.3822246491909027, 'w': 0.26773784416724294}]",1.3073423365882266,6,6,癌症,丧失,0.7922889,0.6875172,0.7399031,0.097811274,0.042202048,0.07000666,,,,,
cancer,research,M-E+,,,0.030534351244568825,0.0,,0.06339406222105026,0.008587397634983063,4.0,0.0,,,,,,,1.2611135150971742,6,8,癌症,探索,0.7922889,0.6132488,0.70276886,0.097811274,0.06620239,0.08200683,,,,,
candle,burning,M+E+,蜡烛,燃烧,0.01595744676887989,0.027379384264349937,,0.29243919253349304,0.1236475482583046,3.0,2.8200767040252686,0.4977260828018188,0.3634793758392334,1.0,0.2563706040382385,[],"[{'zh': '烧', 'rcs': 0.2890322804450989, 'w': 0.39337062217704377}, {'zh': '着火', 'rcs': 0.3375095129013061, 'w': 0.35025876882649665}]",1.2855144951947666,6,7,蜡烛,烧,0.8062621,0.70211846,0.75419027,0.083157845,0.05721051,0.07018418,,,,,
candle,teacher,M+E-,蜡烛,老师,0.0,0.03991920128464699,,0.008692783303558826,0.0709778368473053,0.0,4.111677646636963,0.4977260828018188,0.3468257486820221,1.0,0.5139597058296204,[],"[{'zh': '教师', 'rcs': 0.5814129710197449, 'w': 0.27992430342702346}, {'zh': '先生', 'rcs': 0.3092143535614013, 'w': 0.20611599535842348}]",1.1973501964370907,6,7,蜡烛,老师,0.8062621,0.7545064,0.78038424,0.083157845,0.3640417,0.22359976,,,,,
candle,tutor,M+E-,蜡烛,教师,0.0,0.010899563319981098,,0.012307330034673214,0.08012014627456665,0.0,1.1226550340652466,0.4977260828018188,0.5090648531913757,1.0,0.3742183446884155,[],"[{'zh': '指导', 'rcs': 0.3454768359661102, 'w': 0.44959674896655694}, {'zh': '导师', 'rcs': 0.4018307030200958, 'w': 0.17618491204633324}]",0.7870110804660292,6,5,蜡烛,指导,0.8062621,0.73767436,0.77196825,0.083157845,0.5414238,0.31229082,,,,,
candle,stick,M-E+,,,0.04787234216928482,0.0,,0.06691516190767288,0.005538018420338631,9.0,0.0,,,,,,,1.4545177557706146,6,5,蜡烛,放置,0.8062621,0.69549215,0.75087714,0.083157845,0.023742562,0.053450204,,,,,
cannon,weapon,M+E+,大炮,武器,0.055276382714509964,0.020697085186839104,,0.3683567941188812,0.17270594835281372,11.0,1.779949426651001,0.4868981540203094,0.4844430685043335,1.0,0.2542784810066223,[],"[{'zh': '凶器', 'rcs': 0.2454517632722854, 'w': 0.5076603114202342}, {'zh': '兵器', 'rcs': 0.4094533324241638, 'w': 0.16383712565252684}, {'zh': '工具', 'rcs': 0.2591533958911896, 'w': 0.07422409669575192}]",0.9073439622456951,6,6,大炮,凶器,0.7808657,0.7073319,0.7440988,0.24590074,0.6664765,0.45618862,,,,,
cannon,airplane,M+E-,大炮,飞机,0.0,0.04651162773370743,,0.0480201281607151,0.16910000145435333,0.0,4.0,0.4868981540203094,0.4810656905174255,1.0,1.0,[],[],0.9909127755244306,6,8,大炮,飞机,0.7808657,0.8041768,0.79252124,0.24590074,0.548523,0.39721188,,,,,
cannon,shell,M+E-,大炮,炮弹,0.0,0.011953719891607761,,0.06083562970161438,0.09190498292446136,0.0,1.028019905090332,0.4868981540203094,0.3182783424854278,1.0,0.1285024881362915,[],"[{'zh': '贝壳', 'rcs': 0.3945035934448242, 'w': 0.4211053524856641}, {'zh': '壳', 'rcs': 0.5318855047225952, 'w': 0.26131626209796166}, {'zh': '骨架', 'rcs': 0.4344162046909332, 'w': 0.18907589993328658}]",0.5350417146970312,6,5,大炮,贝壳,0.7808657,0.8229971,0.8019314,0.24590074,0.36660066,0.3062507,,,,,
cannon,camera,M-E+,,,0.04020100459456444,0.0,,0.08871393650770187,0.014233333989977837,8.0,0.0,,,,,,,1.0341331367861928,6,6,大炮,相机,0.7808657,0.7588961,0.7698809,0.24590074,0.55002904,0.3979649,,,,,
capacity,volume,M+E+,容量,体积,0.11299435049295425,0.019969167187809944,,0.3373546898365021,0.08416619896888733,20.0,2.016885757446289,0.3625840842723846,0.2032073885202407,1.0,0.155145063996315,[],"[{'zh': '卷', 'rcs': 0.2456445693969726, 'w': 0.4710926004976253}, {'zh': '书', 'rcs': 0.3105139434337616, 'w': 0.3737623396861634}]",0.9743260974478141,8,6,容量,卷,0.6877424,0.5494763,0.61860937,0.1315455,0.056216206,0.093880855,,,,,
capacity,chemistry,M+E-,容量,化学,0.0,0.039603959769010544,,0.037473101168870926,0.24729999899864197,0.0,4.0,0.3625840842723846,0.6351094841957092,1.0,1.0,[],[],0.7015938229840989,8,9,容量,化学,0.6877424,0.78626966,0.73700607,0.1315455,0.32241964,0.22698256,,,,,
capacity,ability,M-E+,,,0.09604519605636597,0.0,,0.20807257294654846,0.011641609482467175,17.0,0.0,,,,,,,1.3824460157803318,8,7,容量,才能,0.6877424,0.7004685,0.69410545,0.1315455,0.36799392,0.24976972,,,,,
card,poker,M+E+,卡片,扑克,0.023391813039779663,0.013201320543885231,,0.2915392518043518,0.12190000712871552,4.0,1.3333333730697632,0.3237128853797912,0.2802498340606689,0.3333333432674408,1.0,"[{'zh': '贺卡', 'rcs': 0.2042458057403564, 'w': 0.3333333333333333}, {'zh': '信用卡', 'rcs': 0.3326994776725769, 'w': 0.3333333333333333}]",[],1.2169731921161708,4,5,贺卡,扑克,0.72982985,0.6640656,0.6969477,0.4045381,0.024044998,0.21429154,,,,,
card,buddy,M+E-,贺卡,朋友,0.0,0.01428571529686451,,0.025299416854977608,0.04543333500623703,0.0,2.0,0.2042458057403564,0.2560158967971802,0.3333333432674408,1.0,"[{'zh': '信用卡', 'rcs': 0.3326994776725769, 'w': 0.3333333333333333}, {'zh': '卡片', 'rcs': 0.3237128853797912, 'w': 0.3333333333333333}]",[],1.4185248021623278,4,5,贺卡,朋友,0.72982985,0.7356287,0.7327293,0.4045381,0.14932452,0.27693132,,,,,
card,shark,M-E+,,,0.046783626079559326,0.0,,0.09140454232692719,0.0034666666761040688,8.0,0.0,,,,,,,1.0591288870505875,4,5,贺卡,鲨鱼,0.72982985,0.82665503,0.77824247,0.4045381,0.62014526,0.5123417,,,,,
card,table,M-E+,,,0.04093567281961441,0.0,,0.05373148247599602,0.014600001275539398,7.0,0.0,,,,,,,0.4985674660642168,4,5,贺卡,表,0.72982985,0.6845784,0.7072041,0.4045381,0.04760247,0.22607028,,,,,
card,board,M-E+,,,0.02923976629972458,0.0,,0.11294344067573547,0.011400001123547554,5.0,0.0,,,,,,,0.5956476283980384,4,5,贺卡,委员会,0.72982985,0.5308222,0.63032603,0.4045381,0.009992078,0.20726508,,,,,
card,player,M-E+,,,0.023391813039779663,0.0,,0.16281458735466003,0.004066666588187218,4.0,0.0,,,,,,,1.276425189103744,4,6,贺卡,运动员,0.72982985,0.5917384,0.6607841,0.4045381,0.15761247,0.2810753,,,,,
card,sharp,M-E+,,,0.023391813039779663,0.0,,0.0652574896812439,0.00723328348249197,4.0,0.0,,,,,,,1.288768989727828,4,5,贺卡,锋利,0.72982985,0.7699418,0.7498858,0.4045381,0.57118124,0.48785967,,,,,
card,stock,M-E+,,,0.023391813039779663,0.0,,0.08412197977304459,0.026451313868165016,4.0,0.0,,,,,,,1.050991917847664,4,5,贺卡,储存,0.72982985,0.7133784,0.7216041,0.4045381,0.09255429,0.2485462,,,,,
card,note,M-E+,,,0.017543859779834747,0.0,,0.1861603707075119,0.009360979311168194,3.0,0.0,,,,,,,0.37078082555583447,4,4,贺卡,音符,0.72982985,0.5172766,0.6235532,0.4045381,0.45798734,0.43126273,,,,,
cart,wheel,M+E+,手推车,轮子,0.11363636702299118,0.012078238651156425,,0.3073776066303253,0.0986953154206276,20.0,1.4373104572296143,0.456601083278656,0.5315656661987305,1.0,0.23955173790454865,[],"[{'zh': '车轮', 'rcs': 0.547667920589447, 'w': 0.23955173710622196}, {'zh': '方向盘', 'rcs': 0.4993504583835602, 'w': 0.23955173710622196}, {'zh': '轮', 'rcs': 0.3787873983383178, 'w': 0.23955173710622196}, {'zh': '轮椅', 'rcs': 0.3203202188014984, 'w': 0.041793051575112115}]",0.7661225075188516,4,5,手推车,车轮,0.74325293,0.8055589,0.77440596,0.33026642,0.2208088,0.2755376,,,,,
cart,buggy,M+E+,手推车,婴儿车,0.017045455053448677,0.042016807943582535,,0.2950209975242615,0.3165000081062317,3.0,5.0,0.456601083278656,0.2588191330432892,1.0,1.0,[],[],1.07657590275681,4,5,手推车,婴儿车,0.74325293,0.60802,0.6756365,0.33026642,0.039395794,0.18483111,,,,,
cart,infant,M+E-,手推车,婴儿,0.0,0.0403202623128891,,0.037873756140470505,0.10507863759994507,0.0,4.798111438751221,0.456601083278656,0.4585501849651336,1.0,0.6854444742202759,[],"[{'zh': '幼儿', 'rcs': 0.3304300308227539, 'w': 0.314555549891986}]",1.0545634461385363,4,6,手推车,婴儿,0.74325293,0.71370894,0.72848094,0.33026642,0.08220742,0.20623691,,,,,
cart,carry,M-E+,,,0.07954545319080353,0.0,,0.395557701587677,0.039817582815885544,14.0,0.0,,,,,,,1.421535219527628,4,5,手推车,携带,0.74325293,0.6435951,0.693424,0.33026642,0.043344397,0.18680541,,,,,
cart,racing,M-E+,,,0.017045455053448677,0.0,,0.21494196355342865,0.026399999856948853,3.0,0.0,,,,,,,1.2874075013122357,4,6,手推车,赛跑,0.74325293,0.6056513,0.6744521,0.33026642,0.04013596,0.18520118,,,,,
cart,wood,M-E+,,,0.017045455053448677,0.0,,0.04380590468645096,0.011953501030802727,3.0,0.0,,,,,,,0.5922526883009289,4,4,手推车,林地,0.74325293,0.72057724,0.7319151,0.33026642,0.37188697,0.3510767,,,,,
cash,money,M+E+,现金,钞票,0.48022598028182983,0.02356690540909767,,0.5683639049530029,0.3114696443080902,85.0,2.686627149581909,0.4984825253486633,0.2403864562511444,0.7720449566841125,0.579980731010437,"[{'zh': '资金', 'rcs': 0.3584389090538025, 'w': 0.2279550539588348}]","[{'zh': '财富', 'rcs': 0.2461091130971908, 'w': 0.11783047410073798}, {'zh': '财产', 'rcs': 0.2738739550113678, 'w': 0.1117938652575191}, {'zh': '收入', 'rcs': 0.3080165684223175, 'w': 0.10487736914728106}, {'zh': '薪水', 'rcs': 0.3609795272350311, 'w': 0.08551754998212706}]",1.2761318961144221,4,5,现金,钞票,0.7867237,0.78429097,0.7855073,0.41805312,0.537423,0.47773808,,,,,
cash,wallet,M+E+,现金,钱包,0.03954802080988884,0.03386162221431732,,0.46094897389411926,0.4384443461894989,7.0,3.860224723815918,0.4984825253486633,0.4710251688957214,0.7720449566841125,1.0,"[{'zh': '资金', 'rcs': 0.3584389090538025, 'w': 0.2279550539588348}]",[],1.1947170223321872,4,6,现金,钱包,0.7867237,0.7847791,0.78575134,0.41805312,0.5147597,0.4664064,,,,,
cash,bank,M+E+,现金,银行,0.028248587623238564,0.027089297771453857,,0.372307687997818,0.2555854916572571,5.0,3.08817982673645,0.4984825253486633,0.4086461961269378,0.7720449566841125,0.5,"[{'zh': '资金', 'rcs': 0.3584389090538025, 'w': 0.2279550539588348}]","[{'zh': '存款', 'rcs': 0.2118488401174545, 'w': 0.5}]",0.29380245546783046,4,4,现金,银行,0.7867237,0.775044,0.78088385,0.41805312,0.12895085,0.273502,,,,,
cash,pay,M+E+,现金,支付,0.016949152573943138,0.008047737181186676,,0.4743785262107849,0.1753271371126175,3.0,0.9174420237541199,0.4984825253486633,0.5522134900093079,0.7720449566841125,0.2970817983150482,"[{'zh': '资金', 'rcs': 0.3584389090538025, 'w': 0.2279550539588348}]","[{'zh': '付款', 'rcs': 0.4708963930606842, 'w': 0.32979153659216953}, {'zh': '偿还', 'rcs': 0.5420233011245728, 'w': 0.26180232023645367}, {'zh': '工资', 'rcs': 0.4110619723796844, 'w': 0.11132434729804123}]",1.213145419760744,4,3,现金,付款,0.7867237,0.7216101,0.7541669,0.41805312,0.113494664,0.2657739,,,,,
cash,piece,M+E-,现金,硬币,0.0,0.011970056220889091,,0.028101837262511253,0.12406819313764572,0.0,1.364586353302002,0.4984825253486633,0.2144166231155395,0.7720449566841125,0.3534992039203644,"[{'zh': '资金', 'rcs': 0.3584389090538025, 'w': 0.2279550539588348}]","[{'zh': '零件', 'rcs': 0.2119632959365844, 'w': 0.35349921616132635}, {'zh': '棋子', 'rcs': 0.2187757343053817, 'w': 0.1540260147366017}, {'zh': '块', 'rcs': 0.2555775940418243, 'w': 0.08077441546053477}, {'zh': '碎片', 'rcs': 0.2179246395826339, 'w': 0.05820113748021085}]",0.6499662700906013,4,5,现金,零件,0.7867237,0.56979936,0.6782615,0.41805312,0.090062395,0.25405777,,,,,
cash,check,M-E+,,,0.033898305147886276,0.0,,0.27977943420410156,0.011998684145510197,6.0,0.0,,,,,,,0.9418865196127765,4,5,现金,查看,0.7867237,0.6486748,0.7176992,0.41805312,0.04173928,0.2298962,,,,,
cell,phone,M+E+,电池,手机,0.2198275923728943,0.020449677482247353,,0.2760106027126312,0.03960262984037399,51.0,1.513276219367981,0.3752782046794891,0.4162161350250244,0.3265281617641449,0.3310316503047943,"[{'zh': '细胞', 'rcs': 0.5658032298088074, 'w': 0.6734718358099498}]","[{'zh': '电话', 'rcs': 0.4296647608280182, 'w': 0.6689683530984972}]",1.0678754603764113,4,5,细胞,电话,0.69735515,0.7446308,0.720993,0.19988123,0.08842685,0.14415404,,,,,
cell,split,M+E-,细胞,分裂,0.0,0.013967393897473812,,0.042959898710250854,0.09205140918493271,0.0,1.2430980205535889,0.5658032298088074,0.2465959638357162,0.6734718084335327,0.4614514112472534,"[{'zh': '电池', 'rcs': 0.3752782046794891, 'w': 0.3265281641900501}]","[{'zh': '分离', 'rcs': 0.2221004962921142, 'w': 0.27476371614688927}, {'zh': '分开', 'rcs': 0.2601527571678161, 'w': 0.26378487540017903}]",0.687759018478743,4,5,细胞,分裂,0.69735515,0.68003774,0.68869644,0.19988123,0.08168606,0.14078364,,,,,
cell,jail,M-E+,,,0.12068965286016464,0.0,,0.21122011542320251,0.010893238708376884,28.0,0.0,,,,,,,0.39156232258412793,4,4,细胞,监狱,0.69735515,0.78983456,0.7435949,0.19988123,0.33836442,0.26912284,,,,,
cell,prison,M-E+,,,0.1034482792019844,0.0,,0.25931698083877563,0.004553329199552536,24.0,0.0,,,,,,,1.001580206258214,4,6,细胞,牢狱,0.69735515,0.7625472,0.72995114,0.19988123,0.55888903,0.3793851,,,,,
cell,wall,M-E+,,,0.03448275849223137,0.0,,0.09419132024049759,0.00912554282695055,8.0,0.0,,,,,,,0.41801875052078297,4,4,细胞,壁,0.69735515,0.6901222,0.6937387,0.19988123,0.23526238,0.2175718,,,,,
cell,tower,M-E+,,,0.021551724523305893,0.0,,0.0929669439792633,0.014301933348178864,5.0,0.0,,,,,,,0.7380286264877045,4,5,细胞,塔,0.69735515,0.7384954,0.7179253,0.19988123,0.08701524,0.14344823,,,,,
cell,block,M-E+,,,0.017241379246115685,0.0,,0.10906732082366943,0.007247643079608679,4.0,0.0,,,,,,,0.5118370135915635,4,5,细胞,大楼,0.69735515,0.5981291,0.64774215,0.19988123,0.13787603,0.16887863,,,,,
cellar,wine,M+E+,地窖,酒,0.3195266127586365,0.014402813278138638,,0.19139467179775238,0.10992316156625748,54.0,1.5122953653335571,0.5133994817733765,0.5839354395866394,0.7117900252342224,0.11803538352251053,"[{'zh': '地下室', 'rcs': 0.4973924160003662, 'w': 0.2882099641173327}]","[{'zh': '红酒', 'rcs': 0.6238476037979126, 'w': 0.44098230964746854}, {'zh': '葡萄酒', 'rcs': 0.5747804641723633, 'w': 0.44098230964746854}]",1.4017753951392662,6,4,地窖,红酒,0.75148815,0.82116216,0.78632516,0.15617557,0.25448346,0.20532951,,,,,
cellar,liquor,M+E-,地窖,酒,0.0,0.1220211535692215,,0.0692436620593071,0.18050995469093323,0.0,12.812220573425293,0.5133994817733765,0.4539623856544494,0.7117900252342224,1.0,"[{'zh': '地下室', 'rcs': 0.4973924160003662, 'w': 0.2882099641173327}]",[],0.33409955310417266,6,6,地窖,酒,0.75148815,0.80507517,0.7782817,0.15617557,0.6628885,0.40953204,,,,,
cellar,alcohol,M+E-,地窖,酒,0.0,0.01848530024290085,,0.06663820147514343,0.11511459946632385,0.0,1.9409563541412354,0.5133994817733765,0.2689618468284607,0.7117900252342224,0.15149258077144623,"[{'zh': '地下室', 'rcs': 0.4973924160003662, 'w': 0.2882099641173327}]","[{'zh': '酒精', 'rcs': 0.5819281339645386, 'w': 0.8485074168617197}]",0.5793615952012774,6,7,地窖,酒精,0.75148815,0.7658027,0.7586454,0.15617557,0.41948226,0.28782892,,,,,
cellar,bottle,M+E-,地窖,酒,0.0,0.010637840256094933,,0.06780234724283218,0.04749570041894913,0.0,1.1169731616973877,0.5133994817733765,0.38345867395401,0.7117900252342224,0.08718029409646988,"[{'zh': '地下室', 'rcs': 0.4973924160003662, 'w': 0.2882099641173327}]","[{'zh': '瓶子', 'rcs': 0.4807119071483612, 'w': 0.45640985357178115}, {'zh': '奶瓶', 'rcs': 0.5026694536209106, 'w': 0.45640985357178115}]",0.9376626510524444,6,6,地窖,瓶子,0.75148815,0.71386576,0.732677,0.15617557,0.16522732,0.16070145,,,,,
cellar,bottom,M-E+,,,0.017751479521393776,0.0,,0.18840007483959198,0.035322628915309906,3.0,0.0,,,,,,,0.9893420914713142,6,6,地窖,底部,0.75148815,0.69940823,0.7254482,0.15617557,0.3808172,0.2684964,,,,,
chap,lad,M+E+,家伙,伙伴,0.07189542800188065,0.00915117934346199,,0.47886765003204346,0.0630333200097084,11.0,0.7320942878723145,0.3593659400939941,0.2383093237876892,1.0,0.24403142929077148,[],"[{'zh': '少年', 'rcs': 0.319843590259552, 'w': 0.45405045482789}, {'zh': '小伙子', 'rcs': 0.3373179733753204, 'w': 0.3019181116885435}]",0.7470119335204211,4,3,家伙,少年,0.68722147,0.68599373,0.6866076,0.20554748,0.14598206,0.17576477,,,,,
chap,mate,M+E+,家伙,朋友,0.019607843831181526,0.009805066511034966,,0.29178959131240845,0.0952010378241539,3.0,0.7844053506851196,0.3593659400939941,0.2042175680398941,1.0,0.13073422014713287,[],"[{'zh': '同伴', 'rcs': 0.2369555979967117, 'w': 0.5506132935799349}, {'zh': '同事', 'rcs': 0.2560709118843078, 'w': 0.1232590494535001}, {'zh': '伙伴', 'rcs': 0.2095141261816024, 'w': 0.10563670141091694}, {'zh': '助手', 'rcs': 0.2714765965938568, 'w': 0.0897567363112369}]",0.9214656118908002,4,4,家伙,同伴,0.68722147,0.7287466,0.70798403,0.20554748,0.17064077,0.18809412,,,,,
chap,peep,M+E-,家伙,朋友,0.0,0.029365120455622673,,0.053129006177186966,0.09204985946416855,0.0,2.3492095470428467,0.3593659400939941,0.2252739816904068,1.0,0.3915349245071411,[],"[{'zh': '说话', 'rcs': 0.2173470556735992, 'w': 0.6084650763873587}]",0.5327210812253703,4,4,家伙,说话,0.68722147,0.5270037,0.6071126,0.20554748,0.019768681,0.11265808,,,,,
chap,tool,M+E-,家伙,工具,0.0,0.010205144993960857,,0.03296258673071861,0.029581312090158463,0.0,0.8164116144180298,0.3593659400939941,0.4676175117492676,1.0,0.27213719487190247,[],"[{'zh': '用具', 'rcs': 0.2363206446170807, 'w': 0.34426049865622016}, {'zh': '方法', 'rcs': 0.4248435199260711, 'w': 0.19661438271395063}, {'zh': '器具', 'rcs': 0.2657149732112884, 'w': 0.18698793108646952}]",0.7139533622242188,4,4,家伙,用具,0.68722147,0.74053514,0.7138783,0.20554748,0.41552037,0.31053394,,,,,
chap,skin,M-E+,,,0.019607843831181526,0.0,,0.07553648203611374,0.009147493168711662,3.0,0.0,,,,,,,1.337032199350603,4,4,家伙,皮肤,0.68722147,0.7957984,0.7415099,0.20554748,0.27219588,0.23887168,,,,,
chips,potato,M+E+,薯片,土豆,0.20624999701976776,0.019134650006890297,,0.4689476788043976,0.14011156558990479,33.0,2.162215232849121,0.4061576426029205,0.5999026298522949,0.3931300640106201,0.5,"[{'zh': '薯条', 'rcs': 0.4132479429244995, 'w': 0.39313006220577895}, {'zh': '片', 'rcs': 0.2534704208374023, 'w': 0.21373987558844212}]","[{'zh': '马铃薯', 'rcs': 0.6352267861366272, 'w': 0.5}]",0.5253638030100094,5,6,薯片,马铃薯,0.8494861,0.8585923,0.8540392,0.41253394,0.2965405,0.35453722,,,,,
chips,snack,M+E+,薯条,快餐,0.02500000037252903,0.007708433084189892,,0.536378026008606,0.08422156423330307,4.0,0.6552168130874634,0.4132479429244995,0.5069555640220642,0.3931300640106201,0.3333333432674408,"[{'zh': '薯片', 'rcs': 0.4061576426029205, 'w': 0.39313006220577895}, {'zh': '片', 'rcs': 0.2534704208374023, 'w': 0.21373987558844212}]","[{'zh': '小吃', 'rcs': 0.553300142288208, 'w': 0.3333333333333333}, {'zh': '点心', 'rcs': 0.5522552132606506, 'w': 0.3333333333333333}]",0.5931584872725547,5,5,薯片,小吃,0.8494861,0.82838446,0.83893526,0.41253394,0.28251892,0.34752643,,,,,
chips,movie,M+E-,片,电影,0.0,0.009606286883354187,,0.01134582795202732,0.05104108154773712,0.0,0.8549594879150391,0.2534704208374023,0.40373095870018,0.21373987197875977,1.0,"[{'zh': '薯片', 'rcs': 0.4061576426029205, 'w': 0.39313006220577895}, {'zh': '薯条', 'rcs': 0.4132479429244995, 'w': 0.39313006220577895}]",[],1.1323187409465898,5,5,薯片,电影,0.8494861,0.75840205,0.8039441,0.41253394,0.6955069,0.5540204,,,,,
chips,poker,M-E+,,,0.11874999850988388,0.0,,0.21336530148983002,0.014042709954082966,19.0,0.0,,,,,,,0.6552541010527702,5,5,薯片,扑克,0.8494861,0.6640656,0.75677586,0.41253394,0.024044998,0.21828946,,,,,
chips,wood,M-E+,,,0.07500000298023224,0.0,,0.05934111773967743,0.0055281659588217735,12.0,0.0,,,,,,,0.5595843213791726,5,4,薯片,林地,0.8494861,0.72057724,0.7850317,0.41253394,0.37188697,0.39221045,,,,,
chips,bag,M-E+,,,0.02500000037252903,0.0,,0.054845258593559265,0.01803073100745678,4.0,0.0,,,,,,,1.3576290224525636,5,3,薯片,手提包,0.8494861,0.7573895,0.8034378,0.41253394,0.317654,0.36509398,,,,,
chop,knife,M+E+,砍,刀,0.11052631586790085,0.025491395965218544,,0.31608670949935913,0.1682540327310562,21.0,2.702087879180908,0.2859668731689453,0.4517486691474914,0.49728140234947205,0.31963059306144714,"[{'zh': '劈', 'rcs': 0.3510035276412964, 'w': 0.5027185974379433}]","[{'zh': '刀子', 'rcs': 0.5002323985099792, 'w': 0.6803694095529377}]",0.9141284920778804,4,5,劈,刀子,0.6405899,0.8075766,0.72408324,0.25464034,0.6887677,0.471704,,,,,
chop,log,M+E-,劈,木头,0.0,0.02872677519917488,,0.06255979090929031,0.17600177228450775,0.0,2.0108742713928223,0.3510035276412964,0.2718109786510467,0.5027185678482056,1.0,"[{'zh': '砍', 'rcs': 0.2859668731689453, 'w': 0.4972814025620566}]",[],0.664925170118607,4,3,劈,木头,0.6405899,0.61934423,0.6299671,0.25464034,0.2735067,0.26407352,,,,,
chop,leg,M+E-,劈,腿,0.0,0.027283430099487305,,0.06922794878482819,0.05054710432887077,0.0,1.9098401069641113,0.3510035276412964,0.308704137802124,0.5027185678482056,0.6331707239151001,"[{'zh': '砍', 'rcs': 0.2859668731689453, 'w': 0.4972814025620566}]","[{'zh': '大腿', 'rcs': 0.3757291734218597, 'w': 0.36682930099301614}]",0.9668611532371588,4,3,劈,腿,0.6405899,0.7447876,0.6926887,0.25464034,0.14768216,0.20116125,,,,,
chop,tree,M+E-,砍,树,0.0,0.023751944303512573,,0.04869571700692177,0.049211468547582626,0.0,2.5177061557769775,0.2859668731689453,0.3510806560516357,0.49728140234947205,0.38945695757865906,"[{'zh': '劈', 'rcs': 0.3510035276412964, 'w': 0.5027185974379433}]","[{'zh': '大树', 'rcs': 0.3920817971229553, 'w': 0.3894569459129817}, {'zh': '树木', 'rcs': 0.4441355466842651, 'w': 0.22108610817403662}]",0.9752957903538909,4,4,劈,大树,0.6405899,0.80540377,0.72299683,0.25464034,0.4329255,0.3437829,,,,,
chop,pork,M-E+,,,0.08947368711233139,0.0,,0.3766520917415619,0.027146803215146065,17.0,0.0,,,,,,,0.3215265385765177,4,4,劈,猪肉,0.6405899,0.8564856,0.7485378,0.25464034,0.5490882,0.40186426,,,,,
chop,slice,M-E+,,,0.06842105090618134,0.0,,0.40753018856048584,0.03700539842247963,13.0,0.0,,,,,,,0.8042092037859689,4,5,劈,锅铲,0.6405899,0.7353474,0.6879686,0.25464034,0.022902219,0.13877128,,,,,
chop,meat,M-E+,,,0.057894736528396606,0.0,,0.33697476983070374,0.03569301962852478,11.0,0.0,,,,,,,0.7424606457709183,4,4,劈,肉,0.6405899,0.8459676,0.74327874,0.25464034,0.49032253,0.37248144,,,,,
chop,shop,M-E+,,,0.031578946858644485,0.0,,0.056411273777484894,0.006369353737682104,6.0,0.0,,,,,,,0.7572825973910182,4,4,劈,店,0.6405899,0.7417744,0.69118214,0.25464034,0.30563706,0.2801387,,,,,
chorus,singing,M+E+,合唱,唱歌,0.05855855718255043,0.044824812561273575,,0.5305572748184204,0.2927098572254181,13.0,3.8101091384887695,0.3755871057510376,0.4435825645923614,1.0,0.4233454465866089,[],"[{'zh': '歌唱', 'rcs': 0.4441733360290527, 'w': 0.5766545580777778}]",1.1927679958974438,6,7,合唱,歌唱,0.7460211,0.7690484,0.75753474,0.3818255,0.2367251,0.3092753,,,,,
chorus,match,M+E-,合唱,比赛,0.0,0.017030321061611176,,0.028183378279209137,0.044730134308338165,0.0,1.4475772380828857,0.3755871057510376,0.3792346715927124,1.0,0.36189430952072144,[],"[{'zh': '竞赛', 'rcs': 0.2786668241024017, 'w': 0.6381056929433434}]",1.235922993122611,6,5,合唱,竞赛,0.7460211,0.46755102,0.6067861,0.3818255,0.010955539,0.19639052,,,,,
chorus,repeat,M-E+,,,0.018018018454313278,0.0,,0.09789196401834488,0.024174826219677925,4.0,0.0,,,,,,,1.3978609611781927,6,6,合唱,转告,0.7460211,0.63276964,0.68939537,0.3818255,0.031053498,0.2064395,,,,,
clam,shell,M+E+,蛤,贝壳,0.20000000298023224,0.01830892823636532,,0.4887056052684784,0.12591050565242767,47.0,1.263316035270691,0.4945744574069977,0.3945035934448242,1.0,0.42110535502433777,[],"[{'zh': '壳', 'rcs': 0.5318855047225952, 'w': 0.26131626209796166}, {'zh': '骨架', 'rcs': 0.4344162046909332, 'w': 0.18907589993328658}, {'zh': '炮弹', 'rcs': 0.3182783424854278, 'w': 0.1285024854830877}]",0.819630156325325,4,5,蛤,贝壳,0.7693271,0.8229971,0.7961621,0.14618914,0.36660066,0.2563949,,,,,
clam,seafood,M+E+,蛤,海鲜,0.042553190141916275,0.1304347813129425,,0.6396675109863281,0.4077000021934509,10.0,9.0,0.4945744574069977,0.626848578453064,1.0,1.0,[],[],1.499593277440111,4,7,蛤,海鲜,0.7693271,0.8653312,0.81732917,0.14618914,0.7195504,0.43286976,,,,,
clam,lining,M+E-,蛤,膜,0.0,0.17391304671764374,,0.0185658298432827,0.5205000042915344,0.0,12.0,0.4945744574069977,0.377110093832016,1.0,1.0,[],[],1.0721452595950276,4,6,蛤,膜,0.7693271,0.51914597,0.64423656,0.14618914,0.0037303155,0.074959725,,,,,
clam,vagina,M-E+,,,0.012765957042574883,0.0,,0.10336552560329437,0.012400000356137753,3.0,0.0,,,,,,,0.9821930771084285,4,6,蛤,阴道,0.7693271,0.7574709,0.763399,0.14618914,0.17778875,0.16198894,,,,,
clam,wet,M-E+,,,0.012765957042574883,0.0,,0.1370956152677536,0.024693960323929787,3.0,0.0,,,,,,,1.3936806835361024,4,3,蛤,湿,0.7693271,0.810579,0.78995305,0.14618914,0.37285385,0.25952148,,,,,
industry,pollution,M+E+,工业,污染,0.04060913622379303,0.05176117271184921,,0.19095630943775177,0.14968226850032806,8.0,6.107818126678467,0.3445208966732025,0.4893340766429901,0.40718787908554077,1.0,"[{'zh': '产业', 'rcs': 0.4432409405708313, 'w': 0.4071878910983883}, {'zh': '行业', 'rcs': 0.4392837584018707, 'w': 0.18562421780322338}]",[],1.173004300444909,8,9,工业,污染,0.7567141,0.7656848,0.7611995,0.2949795,0.072048895,0.18351421,,,,,
industry,revolution,M+E+,工业,革命,0.025380710139870644,0.0288180410861969,,0.06330709159374237,0.032276686280965805,5.0,3.400528907775879,0.3445208966732025,0.4763480126857757,0.40718787908554077,0.6959377527236938,"[{'zh': '产业', 'rcs': 0.4432409405708313, 'w': 0.4071878910983883}, {'zh': '行业', 'rcs': 0.4392837584018707, 'w': 0.18562421780322338}]","[{'zh': '改革', 'rcs': 0.3048601746559143, 'w': 0.30406227126650986}]",1.0473828637770868,8,10,工业,革命,0.7567141,0.71530014,0.7360071,0.2949795,0.120393686,0.2076866,,,,,
industry,assignment,M+E-,行业,工作,0.0,0.009695845656096935,,0.04069811850786209,0.021645238623023033,0.0,1.0471512079238892,0.4392837584018707,0.2306345999240875,0.18562421202659607,0.4339417517185211,"[{'zh': '工业', 'rcs': 0.3445208966732025, 'w': 0.4071878910983883}, {'zh': '产业', 'rcs': 0.4432409405708313, 'w': 0.4071878910983883}]","[{'zh': '任务', 'rcs': 0.2479351311922073, 'w': 0.5660582589083691}]",1.1309593038540302,8,10,工业,任务,0.7567141,0.66913545,0.7129248,0.2949795,0.1416869,0.21833321,,,,,
industry,leader,M-E+,,,0.020304568111896515,0.0,,0.057072050869464874,0.011035681702196598,4.0,0.0,,,,,,,1.2400533016930304,8,6,工业,领袖,0.7567141,0.7658775,0.7612958,0.2949795,0.1835623,0.2392709,,,,,
insult,rude,M+E+,冒犯,无礼,0.051428571343421936,0.012503718957304955,,0.31542760133743286,0.12534227967262268,9.0,1.4254239797592163,0.548040509223938,0.3561514317989349,0.475141316652298,0.5,"[{'zh': '侮辱', 'rcs': 0.5364835858345032, 'w': 0.5248586886393392}]","[{'zh': '粗鲁', 'rcs': 0.4346553087234497, 'w': 0.5}]",1.0482607820551364,6,4,侮辱,粗鲁,0.7519513,0.7211448,0.73654807,0.22723672,0.10860584,0.16792127,,,,,
insult,angry,M+E+,冒犯,生气,0.034285712987184525,0.011169269680976868,,0.21871095895767212,0.055164653807878494,6.0,1.27329683303833,0.548040509223938,0.4753957986831665,0.475141316652298,0.5359655022621155,"[{'zh': '侮辱', 'rcs': 0.5364835858345032, 'w': 0.5248586886393392}]","[{'zh': '愤怒', 'rcs': 0.4640324413776397, 'w': 0.46403450149699976}]",0.997764347038023,6,5,侮辱,生气,0.7519513,0.7767612,0.76435626,0.22723672,0.11886592,0.17305133,,,,,
insult,incident,M+E-,冒犯,冲突,0.0,0.012503718957304955,,0.05028603971004486,0.08538289368152618,0.0,1.4254239797592163,0.548040509223938,0.3880341649055481,0.475141316652298,1.0,"[{'zh': '侮辱', 'rcs': 0.5364835858345032, 'w': 0.5248586886393392}]",[],0.988138932997446,6,8,侮辱,冲突,0.7519513,0.5721451,0.6620482,0.22723672,0.0063560368,0.116796374,,,,,
insult,joke,M-E+,,,0.022857142612338066,0.0,,0.15671813488006592,0.027940036728978157,4.0,0.0,,,,,,,1.3637280486057488,6,4,侮辱,笑话,0.7519513,0.6925399,0.7222456,0.22723672,0.16434631,0.19579151,,,,,
integrate,mathematics,M+E+,合并,数学,0.016949152573943138,0.026539398357272148,,0.16025468707084656,0.05552041903138161,3.0,2.1231517791748047,0.2196894884109497,0.6402754187583923,0.5307879447937012,1.0,"[{'zh': '加入', 'rcs': 0.3244350850582123, 'w': 0.4692120756942262}]",[],1.2800799234241107,9,11,合并,数学,0.70125955,0.77295023,0.7371049,0.22097735,0.19349484,0.2072361,,,,,
integrate,venture,M+E-,合并,企业,0.0,0.026341518387198448,,0.025980962440371513,0.08305857330560684,0.0,2.1073215007781982,0.2196894884109497,0.3771970272064209,0.5307879447937012,0.5671679973602295,"[{'zh': '加入', 'rcs': 0.3244350850582123, 'w': 0.4692120756942262}]","[{'zh': '商业', 'rcs': 0.2930024266242981, 'w': 0.43283199399978256}]",1.4493327409605765,9,7,合并,企业,0.70125955,0.5861332,0.64369637,0.22097735,0.10954931,0.16526332,,,,,
integrate,assimilate,M-E+,,,0.016949152573943138,0.0,,0.4777575135231018,0.026698632165789604,3.0,0.0,,,,,,,0.541799501486726,9,10,合并,吸收,0.70125955,0.43370613,0.5674828,0.22097735,0.008249996,0.114613675,,,,,
integrate,incorporate,M-E+,,,0.016949152573943138,0.0,,0.4772709012031555,0.026698632165789604,3.0,0.0,,,,,,,0.9726661018615754,9,11,合并,吸收,0.70125955,0.38847783,0.5448687,0.22097735,0.0,0.110488676,,,,,
intervention,prevention,M+E+,干预,预防,0.03030303120613098,0.033383239060640335,,0.3531145453453064,0.21565572917461395,4.0,3.40509033203125,0.3477216958999634,0.4421506226062774,1.0,0.5675150752067566,[],"[{'zh': '防范', 'rcs': 0.2764044404029846, 'w': 0.2511161471997587}, {'zh': '防止', 'rcs': 0.2232579439878463, 'w': 0.1813687658598286}]",1.4805318184067502,12,10,干预,预防,0.74085706,0.6402721,0.6905646,0.2794412,0.048281357,0.16386127,,,,,
intervention,manipulate,M+E-,干预,影响,0.0,0.015156377106904984,,0.027751833200454712,0.09932765364646912,0.0,1.5459504127502441,0.3477216958999634,0.2167477905750274,1.0,0.38648760318756104,[],"[{'zh': '控制', 'rcs': 0.3485323786735534, 'w': 0.6135124113349926}]",1.0105319052124753,12,10,干预,控制,0.74085706,0.6300508,0.6854539,0.2794412,0.04357627,0.16150874,,,,,
intervention,addiction,M-E+,,,0.05303030461072922,0.0,,0.24320410192012787,0.028200000524520874,7.0,0.0,,,,,,,1.4560009663537352,12,9,干预,嗜好,0.74085706,0.6580537,0.6994554,0.2794412,0.059234623,0.16933791,,,,,
intervention,assistance,M-E+,,,0.022727273404598236,0.0,,0.121610127389431,0.025534631684422493,3.0,0.0,,,,,,,1.2679941968680937,12,10,干预,援助,0.74085706,0.68717605,0.71401656,0.2794412,0.25807625,0.2687587,,,,,
invite,wedding,M+E+,邀请,婚礼,0.03333333507180214,0.03044854663312435,,0.15622110664844513,0.1787857562303543,6.0,2.9535090923309326,0.2742452025413513,0.4867659211158752,0.49225151538848877,1.0,"[{'zh': '要求', 'rcs': 0.2620810866355896, 'w': 0.2546824687133863}, {'zh': '请求', 'rcs': 0.2514794766902923, 'w': 0.25306602541672835}]",[],1.1919191668712972,6,7,邀请,婚礼,0.71096927,0.7252983,0.7181338,0.072124355,0.63513803,0.3536312,,,,,
invite,buddy,M+E-,邀请,朋友,0.0,0.015224273316562176,,0.06491268426179886,0.06822606176137924,0.0,1.4767545461654663,0.2742452025413513,0.2560158967971802,0.49225151538848877,1.0,"[{'zh': '要求', 'rcs': 0.2620810866355896, 'w': 0.2546824687133863}, {'zh': '请求', 'rcs': 0.2514794766902923, 'w': 0.25306602541672835}]",[],0.9440561816150416,6,5,邀请,朋友,0.71096927,0.7356287,0.723299,0.072124355,0.14932452,0.110724434,,,,,
invite,satisfy,M+E-,要求,满足,0.0,0.010611770674586296,,0.04678735136985779,0.04207354411482811,0.0,1.2734124660491943,0.2620810866355896,0.4229162037372589,0.2546824812889099,1.0,"[{'zh': '邀请', 'rcs': 0.2742452025413513, 'w': 0.49225150586988536}, {'zh': '请求', 'rcs': 0.2514794766902923, 'w': 0.25306602541672835}]",[],1.3599100447093544,6,7,邀请,满足,0.71096927,0.72627026,0.71861976,0.072124355,0.23596859,0.15404648,,,,,
invite,party,M-E+,,,0.2888889014720917,0.0,,0.1744207739830017,0.00617775646969676,52.0,0.0,,,,,,,1.4748689525289616,6,5,邀请,党派,0.71096927,0.5295197,0.6202445,0.072124355,0.051740978,0.061932668,,,,,
jaw,teeth,M+E+,嘴,牙齿,0.13537117838859558,0.011974245309829712,,0.4205337166786194,0.09915761649608612,31.0,1.4967806339263916,0.3712696433067322,0.5494320392608643,0.4308483898639679,0.4962901175022125,"[{'zh': '下巴', 'rcs': 0.5260412096977234, 'w': 0.5691516232432714}]","[{'zh': '牙', 'rcs': 0.283527672290802, 'w': 0.5037098760926835}]",1.4159957870507793,3,5,下巴,牙,0.69690543,0.77567595,0.7362907,0.1084884,0.3219151,0.21520175,,,,,
jaw,tip,M+E-,下巴,尖,0.0,0.07189283519983292,,0.036809761077165604,0.11781439185142517,0.0,6.829819679260254,0.5260412096977234,0.3690390884876251,0.5691516399383545,1.0,"[{'zh': '嘴', 'rcs': 0.3712696433067322, 'w': 0.4308483767567286}]",[],0.8088466599122943,3,3,下巴,尖,0.69690543,0.5206961,0.60880077,0.1084884,0.025433445,0.06696092,,,,,
jaw,mug,M+E-,下巴,脸,0.0,0.04792856052517891,,0.04296082258224487,0.2761523723602295,0.0,4.553213119506836,0.5260412096977234,0.2354268878698349,0.5691516399383545,1.0,"[{'zh': '嘴', 'rcs': 0.3712696433067322, 'w': 0.4308483767567286}]",[],0.06934248028573951,3,3,下巴,脸,0.69690543,0.47088873,0.5838971,0.1084884,0.0014470512,0.054967728,,,,,
jaw,puss,M+E-,下巴,脸,0.0,0.02522561140358448,,0.05067084729671478,0.14534366130828857,0.0,2.396432876586914,0.5260412096977234,0.2558847963809967,0.5691516399383545,0.5263168811798096,"[{'zh': '嘴', 'rcs': 0.3712696433067322, 'w': 0.4308483767567286}]","[{'zh': '猫咪', 'rcs': 0.4134274423122406, 'w': 0.4736831420056128}]",0.9210823256478384,3,4,下巴,脸,0.69690543,0.6880508,0.6924781,0.1084884,0.024337493,0.06641295,,,,,
jaw,beak,M+E-,下巴,鼻子,0.0,0.023964280262589455,,0.0743495374917984,0.2433692365884781,0.0,2.276606559753418,0.5260412096977234,0.4522197842597961,0.5691516399383545,1.0,"[{'zh': '嘴', 'rcs': 0.3712696433067322, 'w': 0.4308483767567286}]",[],0.8223818561992874,3,4,下巴,鼻子,0.69690543,0.61292005,0.6549127,0.1084884,0.020154584,0.064321496,,,,,
jaw,lock,M-E+,,,0.017467249184846878,0.0,,0.20784689486026764,0.01360900979489088,4.0,0.0,,,,,,,1.2363391835231121,3,4,下巴,锁,0.69690543,0.7435175,0.7202115,0.1084884,0.049415037,0.07895172,,,,,
jaw,skull,M-E+,,,0.017467249184846878,0.0,,0.28929150104522705,0.03130333870649338,4.0,0.0,,,,,,,1.0465632970413423,3,5,下巴,头骨,0.69690543,0.74810874,0.7225071,0.1084884,0.3941793,0.25133386,,,,,
judge,lawyer,M+E+,法官,律师,0.044025156646966934,0.03991565853357315,,0.2705657184123993,0.1831241101026535,7.0,4.670131683349609,0.5547764897346497,0.5371581315994263,0.2747136354446411,1.0,"[{'zh': '裁判', 'rcs': 0.4507404267787933, 'w': 0.4257617472977094}, {'zh': '审判', 'rcs': 0.2677339315414428, 'w': 0.17468821289128778}, {'zh': '判决', 'rcs': 0.2773985862731933, 'w': 0.12483641887619147}]",[],1.012988693660228,5,6,裁判,律师,0.6660201,0.7821833,0.72410166,0.19939864,0.21995097,0.2096748,,,,,
judge,race,M+E-,裁判,比赛,0.0,0.02679121308028698,,0.03300512582063675,0.10536959022283554,0.0,2.384417772293091,0.4507404267787933,0.3233467042446136,0.42576175928115845,0.5091233849525452,"[{'zh': '法官', 'rcs': 0.5547764897346497, 'w': 0.27471362093481133}, {'zh': '审判', 'rcs': 0.2677339315414428, 'w': 0.17468821289128778}, {'zh': '判决', 'rcs': 0.2773985862731933, 'w': 0.12483641887619147}]","[{'zh': '赛跑', 'rcs': 0.2542572319507599, 'w': 0.4908766391380848}]",0.5257781266624888,5,4,裁判,比赛,0.6660201,0.66972494,0.66787255,0.19939864,0.09689766,0.14814815,,,,,
judge,match,M+E-,裁判,比赛,0.0,0.019043689593672752,,0.015924936160445213,0.07489865273237228,0.0,1.6948882341384888,0.4507404267787933,0.3792346715927124,0.42576175928115845,0.36189430952072144,"[{'zh': '法官', 'rcs': 0.5547764897346497, 'w': 0.27471362093481133}, {'zh': '审判', 'rcs': 0.2677339315414428, 'w': 0.17468821289128778}, {'zh': '判决', 'rcs': 0.2773985862731933, 'w': 0.12483641887619147}]","[{'zh': '竞赛', 'rcs': 0.2786668241024017, 'w': 0.6381056929433434}]",0.4470540770649535,5,5,裁判,竞赛,0.6660201,0.46755102,0.5667856,0.19939864,0.010955539,0.10517709,,,,,
judge,black,M-E+,,,0.025157231837511063,0.0,,0.02155931666493416,0.00747221102938056,4.0,0.0,,,,,,,0.40339412040916534,5,5,裁判,黑色,0.6660201,0.8084788,0.73724943,0.19939864,0.51916206,0.35928035,,,,,
juice,orange,M+E+,果汁,橙子,0.34328359365463257,0.0182076133787632,,0.4837367534637451,0.12358962744474411,69.0,1.9664220809936523,0.6015601754188538,0.3725557923316955,0.8193425536155701,0.20000000298023224,"[{'zh': '汽油', 'rcs': 0.2952397167682647, 'w': 0.18065745538948738}]","[{'zh': '橙汁', 'rcs': 0.3125021755695343, 'w': 0.2}, {'zh': '橘色', 'rcs': 0.4478543996810913, 'w': 0.2}, {'zh': '橘子', 'rcs': 0.2898399233818054, 'w': 0.2}, {'zh': '橙色', 'rcs': 0.3954050242900848, 'w': 0.2}]",0.5402635596033732,5,6,果汁,橙汁,0.8238368,0.818682,0.8212594,0.23336983,0.47633475,0.3548523,,,,,
juice,apple,M+E+,果汁,苹果,0.19900497794151306,0.03793252259492874,,0.46195587515830994,0.3872213065624237,40.0,4.096712589263916,0.6015601754188538,0.4181903004646301,0.8193425536155701,1.0,"[{'zh': '汽油', 'rcs': 0.2952397167682647, 'w': 0.18065745538948738}]",[],0.12386479847479247,5,5,果汁,苹果,0.8238368,0.8419381,0.8328874,0.23336983,0.2277003,0.23053506,,,,,
juice,auto,M+E-,汽油,汽车,0.0,0.04516436532139778,,0.004882819019258022,0.0909610316157341,0.0,5.419723987579346,0.2952397167682647,0.4339776635169983,0.18065746128559113,1.0,"[{'zh': '果汁', 'rcs': 0.6015601754188538, 'w': 0.8193425446105127}]",[],1.1783554022826688,5,4,果汁,汽车,0.8238368,0.7357835,0.7798102,0.23336983,0.04260072,0.13798527,,,,,
juice,box,M-E+,,,0.03482586890459061,0.0,,0.03494416922330856,0.03178727999329567,7.0,0.0,,,,,,,1.168954819904697,5,3,果汁,盒子,0.8238368,0.73905814,0.78144747,0.23336983,0.108495235,0.17093253,,,,,
kick,ball,M+E+,踢,球,0.19576719403266907,0.1666666716337204,,0.21598832309246063,0.4505000114440918,37.0,13.0,0.3326708376407623,0.3773891627788543,1.0,1.0,[],[],0.6562650430353862,4,4,踢,球,0.7609742,0.7559591,0.75846666,0.8212634,0.19173166,0.5064975,,,,,
kick,leg,M+E+,踢,腿,0.03703703731298447,0.03247029334306717,,0.21136723458766937,0.225472092628479,7.0,2.5326828956604004,0.3326708376407623,0.308704137802124,1.0,0.6331707239151001,[],"[{'zh': '大腿', 'rcs': 0.3757291734218597, 'w': 0.36682930099301614}]",0.6888121579393514,4,3,踢,腿,0.7609742,0.7447876,0.75288093,0.8212634,0.14768216,0.48447275,,,,,
kick,person,M+E-,踢,人,0.0,0.05128205195069313,,0.016082337126135826,0.03830000013113022,0.0,4.0,0.3326708376407623,0.2342890352010727,1.0,1.0,[],[],1.1858953225350521,4,6,踢,人,0.7609742,0.69399196,0.7274831,0.8212634,0.08301145,0.4521374,,,,,
kick,box,M-E+,,,0.01587301678955555,0.0,,0.09487391263246536,0.02231377176940441,3.0,0.0,,,,,,,0.7292937071551634,4,3,踢,盒子,0.7609742,0.73905814,0.7500162,0.8212634,0.108495235,0.4648793,,,,,
kidney,urine,M+E+,肾,尿,0.06437768042087555,0.026308845728635788,,0.2914451062679291,0.2354641854763031,15.0,1.9731634855270386,0.6341255307197571,0.544859766960144,1.0,0.6577211618423462,[],"[{'zh': '小便', 'rcs': 0.3024432063102722, 'w': 0.342278844307838}]",0.5311879144628526,6,5,肾,尿,0.78879136,0.7513646,0.77007794,0.1464943,0.56721705,0.3568557,,,,,
kidney,liver,M+E+,肾,肝,0.04721030220389366,0.02666666731238365,,0.5061676502227783,0.294050008058548,11.0,2.0,0.6341255307197571,0.6551581025123596,1.0,0.5,[],"[{'zh': '肝脏', 'rcs': 0.6793363690376282, 'w': 0.5}]",0.5901214111397275,6,5,肾,肝,0.78879136,0.82719684,0.8079941,0.1464943,0.2937483,0.2201213,,,,,
kidney,apple,M+E-,肾,苹果,0.0,0.07999999821186066,,0.06251191347837448,0.10209999978542328,0.0,6.0,0.6341255307197571,0.4181903004646301,1.0,1.0,[],[],0.6853080628232351,6,5,肾,苹果,0.78879136,0.8419381,0.8153647,0.1464943,0.2277003,0.1870973,,,,,
kidney,bloke,M+E-,肾,男人,0.0,0.04784473031759262,,0.00505860336124897,0.036027081310749054,0.0,3.5883545875549316,0.6341255307197571,0.3848049640655517,1.0,0.7176709175109863,[],"[{'zh': '家伙', 'rcs': 0.4022364318370819, 'w': 0.28232908843550797}]",1.1805110626815034,6,5,肾,男人,0.78879136,0.68595093,0.73737115,0.1464943,0.14578894,0.14614162,,,,,
kidney,bean,M-E+,,,0.15021459758281708,0.0,,0.23862041532993317,0.013399999588727951,35.0,0.0,,,,,,,0.9890182260008457,6,4,肾,豆豆,0.78879136,0.8341423,0.8114668,0.1464943,0.22804466,0.18726948,,,,,
kidney,stone,M-E+,,,0.1244635209441185,0.0,,0.17065376043319702,0.007048799190670252,29.0,0.0,,,,,,,0.9412264502387132,6,5,肾,石子,0.78879136,0.7497603,0.76927584,0.1464943,0.3431988,0.24484655,,,,,
knight,sword,M+E+,骑士,剑,0.10050251334905624,0.02087360806763172,,0.42133304476737976,0.14389346539974213,20.0,2.463085412979126,0.3701637685298919,0.3996585011482239,0.7538077235221863,0.6535049676895142,"[{'zh': '爵士', 'rcs': 0.2292007505893707, 'w': 0.24619225649468346}]","[{'zh': '刀', 'rcs': 0.3880504071712494, 'w': 0.3464950224921284}]",0.5027117658816388,6,5,骑士,剑,0.7385294,0.7492657,0.74389756,0.33574829,0.34472117,0.34023473,,,,,
knight,castle,M+E+,骑士,城堡,0.05025125667452812,0.00958230160176754,,0.3777095079421997,0.16858908534049988,10.0,1.130711555480957,0.3701637685298919,0.5318081378936768,0.7538077235221863,0.5,"[{'zh': '爵士', 'rcs': 0.2292007505893707, 'w': 0.24619225649468346}]","[{'zh': '堡垒', 'rcs': 0.4431787431240082, 'w': 0.5}]",0.19759220530601473,6,6,骑士,堡垒,0.7385294,0.72691524,0.7327223,0.33574829,0.17743959,0.25659394,,,,,
knight,princess,M+E+,骑士,公主,0.035175878554582596,0.15331682562828064,,0.27214595675468445,0.30408602952957153,7.0,18.091384887695312,0.3701637685298919,0.4907919764518738,0.7538077235221863,1.0,"[{'zh': '爵士', 'rcs': 0.2292007505893707, 'w': 0.24619225649468346}]",[],0.9953250399947237,6,8,骑士,公主,0.7385294,0.78695697,0.7627432,0.33574829,0.7134592,0.5246037,,,,,
knight,music,M+E-,爵士,音乐,0.0,0.028575580567121506,,0.006321261171251535,0.04382361099123955,0.0,2.771831512451172,0.2292007505893707,0.435087114572525,0.24619226157665253,0.3882347643375397,"[{'zh': '骑士', 'rcs': 0.3701637685298919, 'w': 0.7538077435053165}]","[{'zh': '乐谱', 'rcs': 0.2720466256141662, 'w': 0.38823476818978614}, {'zh': '乐曲', 'rcs': 0.3667509257793426, 'w': 0.2235304636204278}]",1.147481340470024,6,5,骑士,音乐,0.7385294,0.8164149,0.77747214,0.33574829,0.3563554,0.34605184,,,,,
knight,white,M-E+,,,0.05025125667452812,0.0,,0.07620950043201447,0.013643920421600342,10.0,0.0,,,,,,,1.3976568380118017,6,5,骑士,白,0.7385294,0.7987871,0.7686583,0.33574829,0.652965,0.49435663,,,,,
knight,table,M-E+,,,0.030150754377245903,0.0,,0.025598274543881416,0.012136305682361126,6.0,0.0,,,,,,,0.8926890465416265,6,5,骑士,表,0.7385294,0.6845784,0.71155393,0.33574829,0.04760247,0.19167538,,,,,
knight,black,M-E+,,,0.015075377188622952,0.0,,0.04263561591506004,0.026307888329029083,3.0,0.0,,,,,,,1.4666070069679529,6,5,骑士,黑色,0.7385294,0.8084788,0.7735041,0.33574829,0.51916206,0.4274552,,,,,
land,sea,M+E+,陆地,海洋,0.1146496832370758,0.015793463215231895,,0.1409725695848465,0.04166530445218086,18.0,2.005769729614258,0.2612805664539337,0.3984117209911346,0.29188963770866394,0.31234869360923767,"[{'zh': '农村', 'rcs': 0.2540208697319031, 'w': 0.29188963852180355}, {'zh': '土地', 'rcs': 0.4576553702354431, 'w': 0.29188963852180355}, {'zh': '地带', 'rcs': 0.401041030883789, 'w': 0.07774243964574877}, {'zh': '地区', 'rcs': 0.3814965486526489, 'w': 0.046588644788840464}]","[{'zh': '海', 'rcs': 0.2446184605360031, 'w': 0.34962473494946494}, {'zh': '大海', 'rcs': 0.3686357140541076, 'w': 0.3380265618951504}]",0.5670845680309179,4,3,农村,海,0.7293284,0.86250806,0.7959182,0.34001485,0.3810418,0.36052832,,,,,
land,ocean,M+E+,陆地,海洋,0.019108280539512634,0.01814463920891285,,0.1395876109600067,0.0478680282831192,3.0,2.3043692111968994,0.2612805664539337,0.4433759748935699,0.29188963770866394,0.35884812474250793,"[{'zh': '农村', 'rcs': 0.2540208697319031, 'w': 0.29188963852180355}, {'zh': '土地', 'rcs': 0.4576553702354431, 'w': 0.29188963852180355}, {'zh': '地带', 'rcs': 0.401041030883789, 'w': 0.07774243964574877}, {'zh': '地区', 'rcs': 0.3814965486526489, 'w': 0.046588644788840464}]","[{'zh': '大海', 'rcs': 0.346094936132431, 'w': 0.3276269301334425}, {'zh': '海', 'rcs': 0.212484985589981, 'w': 0.3135249423529021}]",0.8014470346171189,4,5,农村,海洋,0.7293284,0.855346,0.7923372,0.34001485,0.43111223,0.38556355,,,,,
land,person,M+E-,农村,人,0.0,0.008108045905828476,,0.04048175737261772,0.024314407259225845,0.0,0.8756688833236694,0.2540208697319031,0.2342890352010727,0.29188963770866394,1.0,"[{'zh': '土地', 'rcs': 0.4576553702354431, 'w': 0.29188963852180355}, {'zh': '陆地', 'rcs': 0.2612805664539337, 'w': 0.29188963852180355}, {'zh': '地带', 'rcs': 0.401041030883789, 'w': 0.07774243964574877}, {'zh': '地区', 'rcs': 0.3814965486526489, 'w': 0.046588644788840464}]",[],1.0903472767347862,4,6,农村,人,0.7293284,0.69399196,0.71166015,0.34001485,0.08301145,0.21151315,,,,,
land,mass,M-E+,,,0.03821656107902527,0.0,,0.0551932193338871,0.00467316061258316,6.0,0.0,,,,,,,1.3768408223284299,4,4,农村,大多数,0.7293284,0.6085891,0.6689588,0.34001485,0.17297293,0.2564939,,,,,
landing,airplane,M+E+,降落,飞机,0.09134615212678909,0.13371412456035614,,0.3082006573677063,0.4832344353199005,19.0,14.173696517944336,0.4086530804634094,0.4810656905174255,0.885856032371521,1.0,"[{'zh': '码头', 'rcs': 0.2611383199691772, 'w': 0.11414396903433749}]",[],1.1486744476012942,7,8,降落,飞机,0.7499989,0.8041768,0.77708787,0.290459,0.548523,0.419491,,,,,
landing,umbrella,M+E-,降落,伞,0.0,0.05849992856383324,,0.0377834215760231,0.12579156458377838,0.0,6.200992107391357,0.4086530804634094,0.2908940315246582,0.885856032371521,0.5,"[{'zh': '码头', 'rcs': 0.2611383199691772, 'w': 0.11414396903433749}]","[{'zh': '雨伞', 'rcs': 0.2351349294185638, 'w': 0.5}]",1.2341684244567543,7,8,降落,伞,0.7499989,0.79737127,0.7736851,0.290459,0.7666537,0.52855635,,,,,
landing,strip,M-E+,,,0.10096153616905212,0.0,,0.15640954673290253,0.026487095281481743,21.0,0.0,,,,,,,0.9769181461968757,7,5,降落,带,0.7499989,0.6847412,0.71737003,0.290459,0.019019356,0.15473919,,,,,
laser,surgery,M+E+,激光,手术,0.06598984450101852,0.1489361673593521,,0.1957014799118042,0.2700999975204468,13.0,14.0,0.5724965333938599,0.5506819486618042,1.0,1.0,[],[],1.219312864350448,5,7,激光,手术,0.7685543,0.787066,0.7778101,0.2512124,0.16315109,0.20718174,,,,,
laser,arms,M+E-,激光,武器,0.0,0.030501727014780045,,0.04222150146961212,0.11571867018938065,0.0,2.8671622276306152,0.5724965333938599,0.2963938415050506,1.0,0.573432445526123,[],"[{'zh': '兵器', 'rcs': 0.2892235517501831, 'w': 0.4265675521178863}]",1.2415755598698641,5,4,激光,武器,0.7685543,0.5700322,0.6692932,0.2512124,0.08172515,0.16646877,,,,,
laser,space,M-E+,,,0.015228426083922386,0.0,,0.15411540865898132,0.023046188056468964,3.0,0.0,,,,,,,1.4270234890624378,5,5,激光,空间,0.7685543,0.6740433,0.7212988,0.2512124,0.266436,0.2588242,,,,,
laugh,teeth,M+E+,大笑,牙齿,0.0258620698004961,0.0135000329464674,,0.07514019310474396,0.03626198694109917,3.0,1.1610027551651,0.4641201496124267,0.5494320392608643,0.38989385962486267,0.4962901175022125,"[{'zh': '笑声', 'rcs': 0.4315326511859894, 'w': 0.3539020323843083}, {'zh': '笑', 'rcs': 0.4041086435317993, 'w': 0.25620411067862575}]","[{'zh': '牙', 'rcs': 0.283527672290802, 'w': 0.5037098760926835}]",0.7173814068855371,5,5,大笑,牙,0.75537825,0.77567595,0.7655271,0.26593342,0.3219151,0.29392427,,,,,
laugh,voice,M+E-,笑声,声音,0.0,0.0140159223228693,,0.07412134855985641,0.11646916717290878,0.0,1.4156081676483154,0.4315326511859894,0.4346926212310791,0.35390204191207886,1.0,"[{'zh': '大笑', 'rcs': 0.4641201496124267, 'w': 0.389893856937066}, {'zh': '笑', 'rcs': 0.4041086435317993, 'w': 0.25620411067862575}]",[],0.18616747121786367,5,5,大笑,声音,0.75537825,0.7235539,0.7394661,0.26593342,0.20194404,0.23393872,,,,,
laugh,belly,M-E+,,,0.0258620698004961,0.0,,0.12846992909908295,0.01906581036746502,3.0,0.0,,,,,,,0.9349151210373019,5,5,大笑,肚子,0.75537825,0.7772397,0.76630896,0.26593342,0.24125734,0.25359538,,,,,
launch,rocket,M+E+,发射,火箭,0.201646089553833,0.06243915110826492,,0.4541761875152588,0.12618015706539154,49.0,7.305380344390869,0.2795879542827606,0.5082677602767944,0.20292723178863525,1.0,"[{'zh': '上市', 'rcs': 0.2403984367847442, 'w': 0.5805216834100725}, {'zh': '启动', 'rcs': 0.3729356229305267, 'w': 0.21655109006172105}]",[],1.0045098313973613,6,6,上市,火箭,0.5155026,0.80524445,0.6603735,0.5376051,0.112476416,0.32504076,,,,,
launch,missile,M+E+,发射,导弹,0.016460904851555824,0.011251331306993961,,0.37176793813705444,0.05899876728653908,4.0,1.3164056539535522,0.2795879542827606,0.5344710350036621,0.20292723178863525,0.40544265508651733,"[{'zh': '上市', 'rcs': 0.2403984367847442, 'w': 0.5805216834100725}, {'zh': '启动', 'rcs': 0.3729356229305267, 'w': 0.21655109006172105}]","[{'zh': '炮弹', 'rcs': 0.4115185439586639, 'w': 0.594557345262156}]",1.1854317336471671,6,7,上市,炮弹,0.5155026,0.77696526,0.6462339,0.5376051,0.3959661,0.4667856,,,,,
launch,stock,M+E-,上市,股票,0.0,0.047335270792245865,,0.023219440132379532,0.10402398556470871,0.0,4.733527183532715,0.2403984367847442,0.3780896365642547,0.5805217027664185,0.32615676522254944,"[{'zh': '启动', 'rcs': 0.3729356229305267, 'w': 0.21655109006172105}, {'zh': '发射', 'rcs': 0.2795879542827606, 'w': 0.20292722652820644}]","[{'zh': '储存', 'rcs': 0.2108839154243469, 'w': 0.3261567779816853}, {'zh': '资本', 'rcs': 0.2810970544815063, 'w': 0.13737683219058403}, {'zh': '库存', 'rcs': 0.3530285358428955, 'w': 0.11230026536632619}, {'zh': '股份', 'rcs': 0.3346984684467315, 'w': 0.09800934647971922}]",0.680610738675178,6,5,上市,储存,0.5155026,0.7133784,0.6144405,0.5376051,0.09255429,0.3150797,,,,,
launch,stake,M+E-,上市,股份,0.0,0.029026085510849953,,0.01793399266898632,0.39167800545692444,0.0,2.9026083946228027,0.2403984367847442,0.3715190887451172,0.5805217027664185,1.0,"[{'zh': '启动', 'rcs': 0.3729356229305267, 'w': 0.21655109006172105}, {'zh': '发射', 'rcs': 0.2795879542827606, 'w': 0.20292722652820644}]",[],0.687869883703778,6,5,上市,股份,0.5155026,0.55286944,0.534186,0.5376051,0.0265669,0.282086,,,,,
launch,auto,M+E-,启动,汽车,0.0,0.013296997174620628,,0.07322002202272415,0.05171240121126175,0.0,1.5158576965332031,0.3729356229305267,0.4339776635169983,0.21655109524726868,1.0,"[{'zh': '上市', 'rcs': 0.2403984367847442, 'w': 0.5805216834100725}, {'zh': '发射', 'rcs': 0.2795879542827606, 'w': 0.20292722652820644}]",[],1.1346525955455282,6,4,上市,汽车,0.5155026,0.7357835,0.625643,0.5376051,0.04260072,0.2901029,,,,,
launch,machine,M+E-,启动,机器,0.0,0.011166318319737911,,0.07315647602081299,0.03889383375644684,0.0,1.2729604244232178,0.3729356229305267,0.403625875711441,0.21655109524726868,0.45217978954315186,"[{'zh': '上市', 'rcs': 0.2403984367847442, 'w': 0.5805216834100725}, {'zh': '发射', 'rcs': 0.2795879542827606, 'w': 0.20292722652820644}]","[{'zh': '机械', 'rcs': 0.3681373298168182, 'w': 0.3176852208708701}, {'zh': '制造', 'rcs': 0.2593474090099334, 'w': 0.23013497577752465}]",0.9813987306179079,6,7,上市,机器,0.5155026,0.76626587,0.6408842,0.5376051,0.51058114,0.52409315,,,,,
launch,space,M-E+,,,0.045267488807439804,0.0,,0.22000356018543243,0.009723064489662647,11.0,0.0,,,,,,,0.8223985415292137,6,5,上市,空间,0.5155026,0.6740433,0.59477293,0.5376051,0.266436,0.40202057,,,,,
launch,lunch,M-E+,,,0.02469135820865631,0.0,,0.08781522512435913,0.008727176114916801,6.0,0.0,,,,,,,1.165663346944972,6,5,上市,午餐,0.5155026,0.82397294,0.66973776,0.5376051,0.19182841,0.36471677,,,,,
launch,smoke,M-E+,,,0.012345679104328156,0.0,,0.04426410049200058,0.007852409034967422,3.0,0.0,,,,,,,1.4276785947967983,6,5,上市,抽,0.5155026,0.7156189,0.61556077,0.5376051,0.08086261,0.30923384,,,,,
launch,website,M-E+,,,0.012345679104328156,0.0,,0.06400357186794281,0.037443649023771286,3.0,0.0,,,,,,,1.2279698890099555,6,7,上市,网站,0.5155026,0.76198876,0.63874567,0.5376051,0.53474,0.5361725,,,,,
length,width,M+E+,长度,宽度,0.21904762089252472,0.08993814885616302,,0.6411523222923279,0.3901701867580414,46.0,10.882515907287598,0.4575222134590149,0.5337154269218445,0.6401479840278625,1.0,"[{'zh': '长', 'rcs': 0.256422221660614, 'w': 0.35985199391660805}]",[],1.3945036799028068,6,5,长度,宽度,0.7554534,0.7473518,0.7514026,0.71451336,0.6225181,0.66851574,,,,,
length,survey,M+E-,长度,测量,0.0,0.015019392594695091,,0.02686687558889389,0.14232420921325684,0.0,1.8173465728759766,0.4575222134590149,0.2512463629245758,0.6401479840278625,0.40556395053863525,"[{'zh': '长', 'rcs': 0.256422221660614, 'w': 0.35985199391660805}]","[{'zh': '鉴定', 'rcs': 0.2157612442970276, 'w': 0.5944360628567361}]",0.24571765376789537,6,6,长度,鉴定,0.7554534,0.64272416,0.6990888,0.71451336,0.05709909,0.38580623,,,,,
length,ruler,M-E+,,,0.11428571492433548,0.0,,0.3341737687587738,0.007361701689660549,24.0,0.0,,,,,,,0.8501580381877288,6,5,长度,统治者,0.7554534,0.68083256,0.718143,0.71451336,0.51246876,0.61349106,,,,,
license,paper,M+E+,批准,文件,0.019480518996715546,0.023825284093618393,,0.03902449458837509,0.06951473653316498,3.0,2.1681008338928223,0.310280829668045,0.2631358802318573,1.0,0.2710126042366028,[],"[{'zh': '纸', 'rcs': 0.327637255191803, 'w': 0.2710125906312715}, {'zh': '试卷', 'rcs': 0.2282652109861374, 'w': 0.2710125906312715}, {'zh': '纸张', 'rcs': 0.4235454499721527, 'w': 0.1323204461818563}, {'zh': '报纸', 'rcs': 0.2869635820388794, 'w': 0.05464178192432924}]",1.4491244394602443,7,5,批准,文件,0.685749,0.71140915,0.6985791,0.08826003,0.3958666,0.24206331,,,,,
license,program,M+E-,批准,项目,0.0,0.017840735614299774,,0.04060777649283409,0.21284173429012299,0.0,1.623506784439087,0.310280829668045,0.3068525791168213,1.0,0.5411689281463623,[],"[{'zh': '程序', 'rcs': 0.2419216632843017, 'w': 0.4588310538827318}]",0.5553295219420692,7,7,批准,项目,0.685749,0.7450831,0.7154161,0.08826003,0.105058335,0.09665918,,,,,
license,chief,M+E-,批准,领导,0.0,0.015357451513409615,,0.03591112419962883,0.1028292328119278,0.0,1.397528052330017,0.310280829668045,0.2587588727474212,1.0,0.19964686036109924,[],"[{'zh': '长官', 'rcs': 0.4671694636344909, 'w': 0.49083165450013905}, {'zh': '主厨', 'rcs': 0.2683625817298889, 'w': 0.30952149190385986}]",1.1096224739679306,7,5,批准,长官,0.685749,0.6439412,0.6648451,0.08826003,0.14174476,0.11500239,,,,,
license,leader,M+E-,批准,领导,0.0,0.011982646770775318,,0.011332017369568348,0.06226470321416855,0.0,1.0904208421707153,0.310280829668045,0.3241636455059051,1.0,0.15577439963817596,[],"[{'zh': '领袖', 'rcs': 0.4686274230480194, 'w': 0.5409617884387702}, {'zh': '首领', 'rcs': 0.2676996290683746, 'w': 0.3032638055283006}]",0.4962273030814191,7,6,批准,领袖,0.685749,0.7658775,0.72581327,0.08826003,0.1835623,0.13591117,,,,,
license,plate,M-E+,,,0.03896103799343109,0.0,,0.05407857522368431,0.005639065522700548,6.0,0.0,,,,,,,1.2147571121919765,7,5,批准,板,0.685749,0.78441083,0.7350799,0.08826003,0.055394266,0.07182715,,,,,
license,alcohol,M-E+,,,0.019480518996715546,0.0,,0.09528321027755737,0.007127461954951286,3.0,0.0,,,,,,,0.7958053086785484,7,7,批准,酒精,0.685749,0.7658027,0.72577584,0.08826003,0.41948226,0.25387114,,,,,
license,liquor,M-E+,,,0.019480518996715546,0.0,,0.1254211813211441,0.007899999618530273,3.0,0.0,,,,,,,0.9019771834175597,7,6,批准,酒,0.685749,0.80507517,0.7454121,0.08826003,0.6628885,0.3755743,,,,,
lick,cat,M+E+,舔,猫,0.01886792480945587,0.043478261679410934,,0.13671281933784485,0.19910000264644623,4.0,5.0,0.3550833761692047,0.4880292117595672,1.0,1.0,[],[],1.1328334140708958,4,3,舔,猫,0.8102749,0.82852244,0.81939864,0.59915155,0.70452857,0.6518401,,,,,
lick,bone,M+E-,舔,舌头,0.0,0.04563146084547043,,0.07303119450807571,0.1160864382982254,0.0,5.247617721557617,0.3550833761692047,0.4872653484344482,1.0,0.22815729677677155,[],"[{'zh': '骨', 'rcs': 0.535764753818512, 'w': 0.5007268142487543}, {'zh': '骨头', 'rcs': 0.5531677603721619, 'w': 0.27111589079686227}]",0.5877057532615045,4,4,舔,骨,0.8102749,0.7707477,0.7905113,0.59915155,0.30005962,0.44960558,,,,,
lick,puff,M+E-,舔,吸,0.0,0.008722332306206226,,0.05221381410956383,0.11518567055463791,0.0,1.003068208694458,0.3550833761692047,0.3084664344787597,1.0,0.33435606956481934,[],"[{'zh': '抽', 'rcs': 0.2416257560253143, 'w': 0.6656439260819523}]",1.0880603916263207,4,4,舔,抽,0.8102749,0.66209114,0.73618305,0.59915155,0.07796053,0.33855605,,,,,
lick,stick,M-E+,,,0.01886792480945587,0.0,,0.17358741164207458,0.025354821234941483,4.0,0.0,,,,,,,1.2766935386596523,4,5,舔,放置,0.8102749,0.69549215,0.75288355,0.59915155,0.023742562,0.31144705,,,,,
lick,stamp,M-E+,,,0.014150943607091904,0.0,,0.13528485596179962,0.03283948451280594,3.0,0.0,,,,,,,0.6116754614661225,4,5,舔,贴,0.8102749,0.709393,0.75983393,0.59915155,0.18696253,0.39305705,,,,,
lid,pot,M+E+,盖子,锅,0.021739130839705467,0.012793578207492828,,0.2903714179992676,0.084069162607193,4.0,1.2281835079193115,0.6027722358703613,0.4778297543525696,0.6164145469665527,0.3320772647857666,"[{'zh': '盖', 'rcs': 0.286942720413208, 'w': 0.38358546362403456}]","[{'zh': '碗', 'rcs': 0.4747569262981415, 'w': 0.33207725805281285}, {'zh': '容器', 'rcs': 0.3640560507774353, 'w': 0.16930954855968877}, {'zh': '盒', 'rcs': 0.4355296492576599, 'w': 0.09453616201644538}, {'zh': '壶', 'rcs': 0.4717013537883758, 'w': 0.07199977331824006}]",0.8329962710003501,3,3,盖子,锅,0.7478765,0.7677407,0.7578086,0.14603753,0.2769282,0.21148285,,,,,
lid,sewer,M+E-,盖子,下水道,0.0,0.03210492432117462,,0.05760658159852028,0.09973587095737457,0.0,3.0820727348327637,0.6027722358703613,0.4418801963329315,0.6164145469665527,1.0,"[{'zh': '盖', 'rcs': 0.286942720413208, 'w': 0.38358546362403456}]",[],1.07760515599986,3,5,盖子,下水道,0.7478765,0.76699734,0.75743693,0.14603753,0.21407603,0.18005678,,,,,
lid,roof,M-E+,,,0.016304347664117813,0.0,,0.1707536280155182,0.037476297467947006,3.0,0.0,,,,,,,1.1847570507711056,3,4,盖子,屋顶,0.7478765,0.69814074,0.72300863,0.14603753,0.21574406,0.1808908,,,,,
lift,rise,M+E+,电梯,上升,0.0301204826682806,0.02180197834968567,,0.342477947473526,0.1588955521583557,5.0,2.5072274208068848,0.2849179804325104,0.3109742105007171,0.7558307647705078,0.82929527759552,"[{'zh': '移动', 'rcs': 0.3695006072521209, 'w': 0.24416924500773757}]","[{'zh': '增长', 'rcs': 0.2891542613506317, 'w': 0.17070472211336812}]",0.18354257630619775,4,4,电梯,上升,0.6691163,0.65922374,0.66417,0.053380553,0.22844301,0.14091179,,,,,
lift,mirror,M+E-,电梯,镜子,0.0,0.019717324525117874,,0.017818741500377655,0.062053702771663666,0.0,2.2674922943115234,0.2849179804325104,0.4032974243164062,0.7558307647705078,1.0,"[{'zh': '移动', 'rcs': 0.3695006072521209, 'w': 0.24416924500773757}]",[],1.4136282521944512,4,6,电梯,镜子,0.6691163,0.7085929,0.6888546,0.053380553,0.117079146,0.08522985,,,,,
lift,raise,M-E+,,,0.11445783078670502,0.0,,0.29701051115989685,0.017283005639910698,19.0,0.0,,,,,,,0.5567568217417126,4,5,电梯,培育,0.6691163,0.64813256,0.6586244,0.053380553,0.1448494,0.09911498,,,,,
lift,carry,M-E+,,,0.09036144614219666,0.0,,0.2681429982185364,0.027366116642951965,15.0,0.0,,,,,,,0.6177219474724399,4,5,电梯,携带,0.6691163,0.6435951,0.65635574,0.053380553,0.043344397,0.048362475,,,,,
limb,tree,M+E+,树枝,大树,0.16935484111309052,0.00885088462382555,,0.20827488601207733,0.07444688677787781,42.0,0.9116410613059998,0.275255411863327,0.3920817971229553,0.2926000654697418,0.38945695757865906,"[{'zh': '肢体', 'rcs': 0.4249540865421295, 'w': 0.2926000525941691}, {'zh': '翅膀', 'rcs': 0.28743776679039, 'w': 0.2926000525941691}, {'zh': '腿', 'rcs': 0.3473842740058899, 'w': 0.12219984221749274}]","[{'zh': '树', 'rcs': 0.3510806560516357, 'w': 0.3894569459129817}, {'zh': '树木', 'rcs': 0.4441355466842651, 'w': 0.22108610817403662}]",1.4618656409044286,4,4,肢体,大树,0.6826219,0.80540377,0.74401283,0.11009881,0.4329255,0.27151215,,,,,
limb,bird,M+E-,翅膀,鸟,0.0,0.019770273938775063,,0.042933858931064606,0.08994525671005249,0.0,2.19450044631958,0.28743776679039,0.5118882656097412,0.2926000654697418,0.5,"[{'zh': '肢体', 'rcs': 0.4249540865421295, 'w': 0.2926000525941691}, {'zh': '树枝', 'rcs': 0.275255411863327, 'w': 0.2926000525941691}, {'zh': '腿', 'rcs': 0.3473842740058899, 'w': 0.12219984221749274}]","[{'zh': '姑娘', 'rcs': 0.2078591585159301, 'w': 0.5}]",1.2744295482894248,4,4,肢体,鸟,0.6826219,0.75772154,0.7201717,0.11009881,0.18096685,0.14553283,,,,,
limb,limp,M-E+,,,0.012096773833036423,0.0,,0.27557137608528137,0.034409768879413605,3.0,0.0,,,,,,,0.4766772899546121,4,4,肢体,蹒跚,0.6826219,0.58644974,0.6345358,0.11009881,0.07822595,0.094162375,,,,,
link,web,M+E+,连接,网络,0.04591836780309677,0.15711182355880737,,0.16017381846904755,0.29350417852401733,9.0,16.81096649169922,0.3033137321472168,0.3779720366001129,0.7641348242759705,1.0,"[{'zh': '联系', 'rcs': 0.2061153799295425, 'w': 0.23586520378211667}]",[],1.0144694773658651,4,3,连接,网络,0.646508,0.679988,0.663248,0.1172092,0.4967448,0.306977,,,,,
link,mobile,M+E-,联系,电话,0.0,0.025282900780439377,,0.03835560008883476,0.16576796770095825,0.0,3.3373427391052246,0.2061153799295425,0.2799865007400512,0.23586520552635193,0.6431529521942139,"[{'zh': '连接', 'rcs': 0.3033137321472168, 'w': 0.7641347962178833}]","[{'zh': '手机', 'rcs': 0.3041096031665802, 'w': 0.3568470302658353}]",1.1066762740076412,4,6,连接,电话,0.646508,0.6386642,0.6425861,0.1172092,0.2486853,0.18294725,,,,,
link,join,M-E+,,,0.08163265138864517,0.0,,0.3772910237312317,0.019665749743580818,16.0,0.0,,,,,,,1.1784002629808037,4,4,连接,加入,0.646508,0.67087483,0.6586914,0.1172092,0.27064326,0.19392623,,,,,
log,tree,M+E+,木头,树,0.13809524476528168,0.026992067694664,,0.22919900715351105,0.11683709174394608,29.0,2.726198673248291,0.2718109786510467,0.3510806560516357,1.0,0.38945695757865906,[],"[{'zh': '大树', 'rcs': 0.3920817971229553, 'w': 0.3894569459129817}, {'zh': '树木', 'rcs': 0.4441355466842651, 'w': 0.22108610817403662}]",1.036199488047375,3,4,木头,大树,0.61934423,0.80540377,0.712374,0.2735067,0.4329255,0.3532161,,,,,
log,skull,M+E-,木头,脑袋,0.0,0.014851485379040241,,0.01837930642068386,0.058400001376867294,0.0,1.5,0.2718109786510467,0.3159124553203583,1.0,0.5,[],"[{'zh': '头骨', 'rcs': 0.5555534362792969, 'w': 0.5}]",0.9843100001982995,3,5,木头,头骨,0.61934423,0.74810874,0.6837265,0.2735067,0.3941793,0.333843,,,,,
log,river,M-E+,,,0.014285714365541935,0.0,,0.05245033651590347,0.018625283613801003,3.0,0.0,,,,,,,1.278014545309662,3,5,木头,河流,0.61934423,0.82681257,0.72307837,0.2735067,0.5053446,0.38942567,,,,,
loud,yell,M+E+,大声,喊叫,0.02283105067908764,0.007504388224333525,,0.35289791226387024,0.1735832393169403,5.0,0.8780133724212646,0.3974224627017975,0.4403048455715179,1.0,0.2278231978416443,[],"[{'zh': '呐喊', 'rcs': 0.2807372212409973, 'w': 0.4390066994987985}, {'zh': '欢呼', 'rcs': 0.3175866305828094, 'w': 0.18876978998664773}, {'zh': '叫嚷', 'rcs': 0.393348753452301, 'w': 0.14440030688877328}]",0.4343430724525923,4,4,大声,呐喊,0.7684116,0.75857437,0.76349294,0.093171984,0.42855528,0.26086363,,,,,
loud,voice,M+E+,大声,声音,0.013698630034923553,0.04273504391312599,,0.2979990541934967,0.385699987411499,3.0,5.0,0.3974224627017975,0.4346926212310791,1.0,1.0,[],[],0.7414069996818501,4,5,大声,声音,0.7684116,0.7235539,0.74598277,0.093171984,0.20194404,0.147558,,,,,
loud,peep,M+E-,大声,说话,0.0,0.07280778884887695,,0.07312024384737015,0.19750776886940002,0.0,8.518510818481445,0.3974224627017975,0.2173470556735992,1.0,0.6084650754928589,[],"[{'zh': '朋友', 'rcs': 0.2252739816904068, 'w': 0.39153492361264136}]",1.2324403447516106,4,4,大声,说话,0.7684116,0.5270037,0.64770764,0.093171984,0.019768681,0.056470335,,,,,
loud,stink,M+E-,大声,吵闹,0.0,0.05128205195069313,,0.03773590549826622,0.4885999858379364,0.0,6.0,0.3974224627017975,0.2834409177303314,1.0,1.0,[],[],0.7692463938839244,4,5,大声,吵闹,0.7684116,0.36970693,0.56905925,0.093171984,0.0025999595,0.047885973,,,,,
loud,volume,M-E+,,,0.027397260069847107,0.0,,0.25701022148132324,0.015623265877366066,6.0,0.0,,,,,,,1.4878468480651534,4,6,大声,卷,0.7684116,0.5494763,0.65894395,0.093171984,0.056216206,0.0746941,,,,,
loud,mouth,M-E+,,,0.013698630034923553,0.0,,0.14951598644256592,0.026599286124110222,3.0,0.0,,,,,,,1.1835520026154542,4,5,大声,口,0.7684116,0.7812085,0.7748101,0.093171984,0.26381087,0.17849143,,,,,
low,level,M+E+,低,水平,0.019108280539512634,0.008935132995247841,,0.18409593403339386,0.10992447286844254,3.0,0.9381889700889587,0.4294463396072387,0.4021556079387665,1.0,0.3127296566963196,[],"[{'zh': '层次', 'rcs': 0.3056672513484955, 'w': 0.24603614974513022}, {'zh': '高度', 'rcs': 0.383238822221756, 'w': 0.16480513150049492}, {'zh': '质量', 'rcs': 0.3732706010341644, 'w': 0.14888767438008033}, {'zh': '程度', 'rcs': 0.3054729998111725, 'w': 0.12754137308522684}]",1.0718529626342241,3,5,低,水平,0.74379486,0.7574113,0.7506031,0.089332424,0.13119406,0.11026324,,,,,
low,tiny,M+E-,低,小,0.0,0.02857142873108387,,0.046842336654663086,0.16830000281333923,0.0,3.0,0.4294463396072387,0.2397595345973968,1.0,1.0,[],[],0.6241643915469864,3,4,低,小,0.74379486,0.7488599,0.7463274,0.089332424,0.03771031,0.06352137,,,,,
low,sad,M-E+,,,0.04458598792552948,0.0,,0.08593755960464478,0.021831270307302475,7.0,0.0,,,,,,,0.2554828215374251,3,3,低,伤心,0.74379486,0.7492134,0.7465041,0.089332424,0.10733606,0.09833424,,,,,
low,base,M-E+,,,0.03184713423252106,0.0,,0.16949641704559326,0.021900000050663948,5.0,0.0,,,,,,,0.7412926145080349,3,4,低,基地,0.74379486,0.60050946,0.67215216,0.089332424,0.051020525,0.070176475,,,,,
low,tide,M-E+,,,0.019108280539512634,0.0,,0.12627153098583221,0.03759999945759773,3.0,0.0,,,,,,,1.4177622527546363,3,4,低,潮汐,0.74379486,0.7824514,0.76312315,0.089332424,0.5586028,0.3239676,,,,,
machine,robot,M+E+,机器,机器人,0.09756097197532654,0.05504797399044037,,0.36066269874572754,0.25127631425857544,16.0,6.330516815185547,0.403625875711441,0.3932885229587555,0.45217978954315186,1.0,"[{'zh': '机械', 'rcs': 0.3681373298168182, 'w': 0.3176852208708701}, {'zh': '制造', 'rcs': 0.2593474090099334, 'w': 0.23013497577752465}]",[],1.4067704523317903,7,5,机器,机器人,0.76626587,0.80356884,0.78491735,0.51058114,0.45002422,0.4803027,,,,,
machine,person,M+E-,机器,人,0.0,0.04325198009610176,,0.015294154174625874,0.0159167293459177,0.0,4.973977565765381,0.403625875711441,0.2342890352010727,0.45217978954315186,1.0,"[{'zh': '机械', 'rcs': 0.3681373298168182, 'w': 0.3176852208708701}, {'zh': '制造', 'rcs': 0.2593474090099334, 'w': 0.23013497577752465}]",[],0.8878930072655081,7,6,机器,人,0.76626587,0.69399196,0.7301289,0.51058114,0.08301145,0.2967963,,,,,
machine,washing,M-E+,,,0.05487804859876633,0.0,,0.15008097887039185,0.022111592814326286,9.0,0.0,,,,,,,1.1210773477676734,7,7,机器,洗,0.76626587,0.757978,0.7621219,0.51058114,0.0626826,0.28663188,,,,,
maintain,balance,M+E+,维持,平衡,0.016304347664117813,0.015796484425663948,,0.1356138288974762,0.0656580850481987,3.0,1.611241340637207,0.4563648104667663,0.4408133625984192,0.5191152691841125,0.3879777491092682,"[{'zh': '保持', 'rcs': 0.4280543029308319, 'w': 0.4808847455075831}]","[{'zh': '比较', 'rcs': 0.3009233772754669, 'w': 0.3879777520926464}, {'zh': '均衡', 'rcs': 0.3932273387908935, 'w': 0.2240444958147072}]",0.725387422409449,8,7,维持,平衡,0.7119041,0.6917427,0.7018234,0.22747773,0.07923774,0.15335773,,,,,
maintain,insist,M+E-,保持,坚持,0.0,0.020727790892124176,,0.06851407885551453,0.123972088098526,0.0,2.404423713684082,0.4280543029308319,0.3420653045177459,0.48088473081588745,1.0,"[{'zh': '维持', 'rcs': 0.4563648104667663, 'w': 0.519115254492417}]",[],0.999907932526481,8,6,维持,坚持,0.7119041,0.5695284,0.64071625,0.22747773,0.019061154,0.12326944,,,,,
maintain,cheerful,M+E-,保持,快乐,0.0,0.012436674907803535,,0.012243112549185753,0.03866313025355339,0.0,1.4426541328430176,0.4280543029308319,0.3682022988796234,0.48088473081588745,1.0,"[{'zh': '维持', 'rcs': 0.4563648104667663, 'w': 0.519115254492417}]",[],0.6725492426799492,8,8,维持,快乐,0.7119041,0.7008571,0.7063806,0.22747773,0.17963202,0.20355487,,,,,
maintain,manage,M-E+,,,0.016304347664117813,0.0,,0.21850146353244781,0.030825357884168625,3.0,0.0,,,,,,,1.0515140694117353,8,6,维持,应付,0.7119041,0.64855593,0.68023,0.22747773,0.19259685,0.21003729,,,,,
maintain,repair,M-E+,,,0.016304347664117813,0.0,,0.15410299599170685,0.016680896282196045,3.0,0.0,,,,,,,1.364136253580627,8,6,维持,修理,0.7119041,0.7305017,0.7212029,0.22747773,0.2851589,0.25631833,,,,,
mama,papa,M+E+,妈妈,爸爸,0.12322274595499039,0.045209988951683044,,0.48952654004096985,0.14974892139434814,26.0,5.78687858581543,0.4193300902843475,0.3902774453163147,0.2143288403749466,1.0,"[{'zh': '大妈', 'rcs': 0.3528442680835724, 'w': 0.7856711614554388}]",[],0.4963581334544491,4,4,大妈,爸爸,0.6280759,0.70735765,0.66771674,0.58103603,0.33076245,0.45589924,,,,,
mama,age,M+E-,大妈,年龄,0.0,0.013546054251492023,,0.06208990514278412,0.10751909762620926,0.0,1.5713423490524292,0.3528442680835724,0.2360213696956634,0.7856711745262146,0.5,"[{'zh': '妈妈', 'rcs': 0.4193300902843475, 'w': 0.21432883854456125}]","[{'zh': '老年', 'rcs': 0.3170669674873352, 'w': 0.5}]",1.4399602285360122,4,3,大妈,年龄,0.6280759,0.672521,0.6502985,0.58103603,0.4096937,0.49536484,,,,,
mama,bear,M-E+,,,0.04265403002500534,0.0,,0.1053374707698822,0.0253771785646677,9.0,0.0,,,,,,,0.630058722235469,4,4,大妈,熊,0.6280759,0.8163629,0.7222194,0.58103603,0.2495122,0.4152741,,,,,
mat,yoga,M+E+,垫子,瑜伽,0.07857143133878708,0.03539822995662689,,0.24575869739055634,0.428600013256073,11.0,4.0,0.3063642382621765,0.4214815199375152,1.0,1.0,[],[],0.575659108167619,3,4,垫子,瑜伽,0.7670764,0.7328028,0.74993956,0.11173357,0.20182763,0.1567806,,,,,
mat,booty,M+E-,垫子,屁股,0.0,0.044247787445783615,,0.02816450037062168,0.21050000190734863,0.0,5.0,0.3063642382621765,0.211815521121025,1.0,1.0,[],[],1.1079488895492051,3,5,垫子,屁股,0.7670764,0.62284213,0.6949593,0.11173357,0.035338357,0.073535964,,,,,
mat,bum,M+E-,垫子,屁股,0.0,0.044247787445783615,,0.04654395207762718,0.21050000190734863,0.0,5.0,0.3063642382621765,0.3127879202365875,1.0,1.0,[],[],0.9896434077768315,3,3,垫子,屁股,0.7670764,0.646672,0.7068742,0.11173357,0.07852899,0.09513128,,,,,
mat,bun,M+E-,垫子,屁股,0.0,0.044247787445783615,,0.023319367319345474,0.21050000190734863,0.0,5.0,0.3063642382621765,0.3701540231704712,1.0,1.0,[],[],0.11300514334609825,3,3,垫子,屁股,0.7670764,0.47695416,0.62201524,0.11173357,0.010105428,0.0609195,,,,,
mat,butt,M+E-,垫子,屁股,0.0,0.044247787445783615,,0.05005033686757088,0.21050000190734863,0.0,5.0,0.3063642382621765,0.4348784983158111,1.0,1.0,[],[],1.3864820677850922,3,4,垫子,屁股,0.7670764,0.7246236,0.74584997,0.11173357,0.17101058,0.14137208,,,,,
mat,wipe,M-E+,,,0.02142857201397419,0.0,,0.16858230531215668,0.019099999219179153,3.0,0.0,,,,,,,1.2497111002725245,3,4,垫子,消除,0.7670764,0.5020801,0.6345782,0.11173357,0.006646854,0.059190214,,,,,
meat,beef,M+E+,肉,牛肉,0.13684210181236267,0.05263157933950424,,0.5472329258918762,0.6776000261306763,26.0,7.0,0.5685207843780518,0.6528488397598267,1.0,1.0,[],[],0.4551550940699419,4,4,肉,牛肉,0.8459676,0.85176283,0.8488652,0.49032253,0.40743673,0.44887963,,,,,
meat,red,M+E+,肉,红色,0.07894736528396606,0.007518797181546688,,0.057252731174230576,0.0269333329051733,15.0,1.0,0.5685207843780518,0.3834229111671448,1.0,0.3333333432674408,[],"[{'zh': '红的', 'rcs': 0.2435952574014663, 'w': 0.3333333333333333}, {'zh': '红', 'rcs': 0.3943059742450714, 'w': 0.3333333333333333}]",1.0263009794750912,4,3,肉,红的,0.8459676,0.7974439,0.82170576,0.49032253,0.3534052,0.42186385,,,,,
meat,chicken,M+E+,肉,鸡,0.04736842215061188,0.011278195306658745,,0.33299708366394043,0.33059999346733093,9.0,1.5,0.5685207843780518,0.5386369824409485,1.0,0.5,[],"[{'zh': '鸡肉', 'rcs': 0.4754184782505035, 'w': 0.5}]",1.4705397029133482,4,7,肉,鸡,0.8459676,0.8493176,0.8476426,0.49032253,0.37698808,0.43365532,,,,,
meat,pork,M+E+,肉,猪肉,0.02631578966975212,0.06766917556524277,,0.5083767771720886,0.7171000242233276,5.0,9.0,0.5685207843780518,0.6244938969612122,1.0,1.0,[],[],0.7751927933520643,4,4,肉,猪肉,0.8459676,0.8564856,0.85122657,0.49032253,0.5490882,0.51970536,,,,,
meat,touch,M+E-,肉,吃,0.0,0.02070513926446438,,0.017573438584804535,0.14212583005428314,0.0,2.7537834644317627,0.5685207843780518,0.2017240822315216,1.0,0.30597594380378723,[],"[{'zh': '触摸', 'rcs': 0.3498248159885406, 'w': 0.6222482817801144}, {'zh': '打', 'rcs': 0.2069639414548874, 'w': 0.07177576707765093}]",1.271884671501197,4,5,肉,触摸,0.8459676,0.5634652,0.7047164,0.49032253,0.24174066,0.3660316,,,,,
meat,market,M-E+,,,0.021052632480859756,0.0,,0.16029244661331177,0.03304571285843849,4.0,0.0,,,,,,,0.9933660643894181,4,6,肉,市场,0.8459676,0.771651,0.8088093,0.49032253,0.09831905,0.2943208,,,,,
media,news,M+E+,媒体,新闻,0.14009661972522736,0.054026469588279724,,0.370339959859848,0.17729327082633972,29.0,6.05096435546875,0.3585670590400696,0.4185450077056885,0.5,0.7118781805038452,"[{'zh': '传媒', 'rcs': 0.2715575098991394, 'w': 0.5}]","[{'zh': '消息', 'rcs': 0.2309300005435943, 'w': 0.2881218429053617}]",1.1944648668859745,5,4,媒体,新闻,0.7705258,0.7357612,0.75314355,0.5171616,0.16517748,0.34116954,,,,,
media,campus,M+E-,传媒,大学,0.0,0.008487221784889698,,0.030409127473831177,0.014911397360265255,0.0,1.0354410409927368,0.2715575098991394,0.2137802988290786,0.5,0.1479201465845108,"[{'zh': '媒体', 'rcs': 0.3585670590400696, 'w': 0.5}]","[{'zh': '校园', 'rcs': 0.3047914206981659, 'w': 0.8520798559841679}]",1.181322401763955,5,6,媒体,校园,0.7705258,0.68898064,0.72975326,0.5171616,0.26682115,0.39199138,,,,,
media,mass,M-E+,,,0.02415458858013153,0.0,,0.05999176576733589,0.018570706248283386,5.0,0.0,,,,,,,0.5190145928736115,5,4,媒体,大多数,0.7705258,0.6085891,0.68955743,0.5171616,0.17297293,0.34506726,,,,,
media,music,M-E+,,,0.019323671236634254,0.0,,0.05139186233282089,0.010657045058906078,4.0,0.0,,,,,,,1.2466904011059554,5,5,媒体,音乐,0.7705258,0.8164149,0.7934704,0.5171616,0.3563554,0.43675852,,,,,
message,phone,M+E+,短信,手机,0.03431372717022896,0.0345802828669548,,0.3746408522129059,0.1672990769147873,7.0,3.2481062412261963,0.3298784792423248,0.4162161350250244,0.40883633494377136,0.3310316503047943,"[{'zh': '留言', 'rcs': 0.2843014895915985, 'w': 0.4088363384979073}, {'zh': '消息', 'rcs': 0.2825506329536438, 'w': 0.12912957197045055}, {'zh': '信息', 'rcs': 0.232557475566864, 'w': 0.05319775103373495}]","[{'zh': '电话', 'rcs': 0.4296647608280182, 'w': 0.6689683530984972}]",1.4061822651956393,7,5,留言,电话,0.74802667,0.7446308,0.7463287,0.07120243,0.08842685,0.07981464,,,,,
message,buddy,M+E-,消息,朋友,0.0,0.009398536756634712,,0.019151434302330017,0.030908025801181793,0.0,0.8176726698875427,0.2825506329536438,0.2560158967971802,0.1291295737028122,1.0,"[{'zh': '留言', 'rcs': 0.2843014895915985, 'w': 0.4088363384979073}, {'zh': '短信', 'rcs': 0.3298784792423248, 'w': 0.4088363384979073}, {'zh': '信息', 'rcs': 0.232557475566864, 'w': 0.05319775103373495}]",[],1.0751690614087657,7,5,留言,朋友,0.74802667,0.7356287,0.7418277,0.07120243,0.14932452,0.110263474,,,,,
message,bottle,M-E+,,,0.0833333358168602,0.0,,0.09411168098449707,0.012707250192761421,17.0,0.0,,,,,,,1.0541486688205943,7,6,留言,瓶子,0.74802667,0.71386576,0.7309462,0.07120243,0.16522732,0.118214875,,,,,
message,massage,M-E+,,,0.04411764815449715,0.0,,0.08620443195104599,0.009239701554179192,9.0,0.0,,,,,,,1.15796873662121,7,7,留言,按摩,0.74802667,0.708188,0.72810733,0.07120243,0.42061505,0.24590874,,,,,
mile,length,M+E+,英里,长度,0.02747252769768238,0.08321923762559891,,0.4643729329109192,0.31482478976249695,5.0,8.321924209594727,0.3918095827102661,0.4575222134590149,1.0,0.6401479840278625,[],"[{'zh': '长', 'rcs': 0.256422221660614, 'w': 0.35985199391660805}]",1.208851466603195,4,6,英里,长度,0.7544205,0.7554534,0.75493693,0.115542576,0.71451336,0.41502798,,,,,
mile,rice,M+E-,英里,米,0.0,0.02500000037252903,,0.024780670180916786,0.03449999913573265,0.0,2.5,0.3918095827102661,0.2004998624324798,1.0,0.25,[],"[{'zh': '米饭', 'rcs': 0.5950742959976196, 'w': 0.25}, {'zh': '大米', 'rcs': 0.5953600406646729, 'w': 0.25}, {'zh': '饭', 'rcs': 0.4602023959159851, 'w': 0.25}]",1.1651549159253267,4,4,英里,米饭,0.7544205,0.86023504,0.80732775,0.115542576,0.17163135,0.14358696,,,,,
mile,smile,M-E+,,,0.032967034727334976,0.0,,0.11819671094417572,0.0034444958437234163,6.0,0.0,,,,,,,1.0955102203425164,4,5,英里,笑容,0.7544205,0.7464853,0.7504529,0.115542576,0.23946562,0.17750409,,,,,
mile,jog,M-E+,,,0.016483517363667488,0.0,,0.3800358772277832,0.02879999950528145,3.0,0.0,,,,,,,1.263508919327749,4,3,英里,慢跑,0.7544205,0.7336579,0.7440392,0.115542576,0.027371375,0.071456976,,,,,
milk,white,M+E+,牛奶,白色,0.19745223224163055,0.013274336233735085,,0.0985090509057045,0.02449999935925007,31.0,1.5,0.6177763938903809,0.4515153765678406,0.5,0.25,"[{'zh': '奶', 'rcs': 0.5055748224258423, 'w': 0.5}]","[{'zh': '白', 'rcs': 0.2417072206735611, 'w': 0.25}, {'zh': '雪白', 'rcs': 0.4313930571079254, 'w': 0.25}, {'zh': '白色的', 'rcs': 0.4358446896076202, 'w': 0.25}]",1.3165070925871973,4,5,牛奶,白,0.8443462,0.7987871,0.8215667,0.17669687,0.652965,0.41483092,,,,,
milk,liquid,M+E+,牛奶,液体,0.019108280539512634,0.013274336233735085,,0.23141302168369293,0.15000000596046448,3.0,1.5,0.6177763938903809,0.6036389470100403,0.5,1.0,"[{'zh': '奶', 'rcs': 0.5055748224258423, 'w': 0.5}]",[],1.350236116170066,4,6,牛奶,液体,0.8443462,0.8113278,0.827837,0.17669687,0.6550811,0.41588897,,,,,
milk,mum,M+E-,奶,妈,0.0,0.010721640661358833,,0.040999576449394226,0.06512351334095001,0.0,1.1686588525772095,0.5055748224258423,0.3762714564800262,0.5,0.5843294262886047,"[{'zh': '牛奶', 'rcs': 0.6177763938903809, 'w': 0.5}]","[{'zh': '妈妈', 'rcs': 0.4451901316642761, 'w': 0.41567056225558385}]",0.9706042038094956,4,3,牛奶,妈,0.8443462,0.72782457,0.78608537,0.17669687,0.3069125,0.24180469,,,,,
milk,baby,M-E+,,,0.025477707386016846,0.0,,0.06749771535396576,0.023960569873452187,4.0,0.0,,,,,,,1.3448124344494312,4,4,牛奶,小孩,0.8443462,0.73960555,0.79197586,0.17669687,0.19951873,0.18810779,,,,,
milk,maid,M-E+,,,0.019108280539512634,0.0,,0.12073053419589996,0.022676195949316025,3.0,0.0,,,,,,,0.42646245226738694,4,4,牛奶,女仆,0.8443462,0.72958326,0.7869648,0.17669687,0.28930375,0.23300031,,,,,
milk,shake,M-E+,,,0.019108280539512634,0.0,,0.1775854080915451,0.005547662731260061,3.0,0.0,,,,,,,0.9326811795021052,4,5,牛奶,摇头,0.8443462,0.41781017,0.6310782,0.17669687,0.026588367,0.101642616,,,,,
monkey,banana,M+E+,猴子,香蕉,0.10762331634759903,0.03247908130288124,,0.17200368642807007,0.1361035704612732,24.0,2.7607216835021973,0.4993607997894287,0.5577446222305298,0.3943888247013092,1.0,"[{'zh': '猴', 'rcs': 0.4219879508018493, 'w': 0.39438882057389607}, {'zh': '捣蛋鬼', 'rcs': 0.3786680400371551, 'w': 0.21122235885220783}]",[],0.6225648570610016,6,6,猴子,香蕉,0.803336,0.8444719,0.8239039,0.5658823,0.8898525,0.7278674,,,,,
monkey,animal,M+E+,猴,动物,0.04035874456167221,0.014401798136532307,,0.24680911004543304,0.09934816509485245,9.0,1.3969744443893433,0.4219879508018493,0.5035275816917419,0.3943888247013092,0.5903541445732117,"[{'zh': '猴子', 'rcs': 0.4993607997894287, 'w': 0.39438882057389607}, {'zh': '捣蛋鬼', 'rcs': 0.3786680400371551, 'w': 0.21122235885220783}]","[{'zh': '兽', 'rcs': 0.3038774132728576, 'w': 0.2910345454408785}, {'zh': '牲畜', 'rcs': 0.2842504382133484, 'w': 0.11861132141469986}]",0.31778748054402184,6,6,猴子,动物,0.803336,0.84472525,0.82403064,0.5658823,0.6573555,0.6116189,,,,,
monkey,person,M+E-,猴子,人,0.0,0.018559474498033524,,0.034276332706213,0.03553443402051926,0.0,1.5775552988052368,0.4993607997894287,0.2342890352010727,0.3943888247013092,1.0,"[{'zh': '猴', 'rcs': 0.4219879508018493, 'w': 0.39438882057389607}, {'zh': '捣蛋鬼', 'rcs': 0.3786680400371551, 'w': 0.21122235885220783}]",[],1.013834476260887,6,6,猴子,人,0.803336,0.69399196,0.748664,0.5658823,0.08301145,0.3244469,,,,,
monkey,bingo,M+E-,猴,好,0.0,0.012197592295706272,,0.012555204331874847,0.012699320912361145,0.0,1.18316650390625,0.4219879508018493,0.2145953923463821,0.3943888247013092,1.0,"[{'zh': '猴子', 'rcs': 0.4993607997894287, 'w': 0.39438882057389607}, {'zh': '捣蛋鬼', 'rcs': 0.3786680400371551, 'w': 0.21122235885220783}]",[],1.1075862925366906,6,5,猴子,好,0.803336,0.5805541,0.6919451,0.5658823,0.0044899364,0.28518614,,,,,
monkey,wrench,M-E+,,,0.013452914543449879,0.0,,0.10762462764978409,0.02074485272169113,3.0,0.0,,,,,,,1.1529444802170867,6,6,猴子,扳手,0.803336,0.7390088,0.7711724,0.5658823,0.29183486,0.42885858,,,,,
monster,movie,M+E+,怪兽,电影,0.0347222238779068,0.012134097516536713,,0.06253819912672043,0.04412766918540001,5.0,1.2134097814559937,0.442925363779068,0.40373095870018,0.40446993708610535,1.0,"[{'zh': '恶魔', 'rcs': 0.3993792235851288, 'w': 0.40446992510178803}, {'zh': '怪物', 'rcs': 0.4544575214385986, 'w': 0.19106014979642386}]",[],1.4116142245478758,7,5,怪兽,电影,0.7359571,0.75840205,0.74717957,0.14265467,0.6955069,0.41908076,,,,,
monster,angle,M+E-,恶魔,角,0.0,0.01785850152373314,,0.0022059313487261534,0.06996042281389236,0.0,2.0715861320495605,0.3993792235851288,0.2185849845409393,0.40446993708610535,0.7316758632659912,"[{'zh': '怪兽', 'rcs': 0.442925363779068, 'w': 0.40446992510178803}, {'zh': '怪物', 'rcs': 0.4544575214385986, 'w': 0.19106014979642386}]","[{'zh': '角度', 'rcs': 0.3891266286373138, 'w': 0.26832411603542305}]",1.1187517500996194,7,5,怪兽,角,0.7359571,0.62731457,0.68163586,0.14265467,0.16969074,0.15617271,,,,,
monster,truck,M-E+,,,0.0416666679084301,0.0,,0.04898617044091225,0.010315163061022758,6.0,0.0,,,,,,,1.4683860609095776,7,5,怪兽,货车,0.7359571,0.81588084,0.77591896,0.14265467,0.307892,0.22527334,,,,,
motion,movement,M+E+,动,运动,0.15048544108867645,0.011093296110630035,,0.37575745582580566,0.03867122903466225,31.0,1.3311954736709595,0.2037381082773208,0.345899760723114,0.4110391438007355,0.40482625365257263,"[{'zh': '动作', 'rcs': 0.2580753862857818, 'w': 0.4110391564354223}, {'zh': '移动', 'rcs': 0.2366111874580383, 'w': 0.17792168712915535}]","[{'zh': '进步', 'rcs': 0.2919689416885376, 'w': 0.5951737585287443}]",0.9921812891293321,6,8,动作,进步,0.7093724,0.62111986,0.6652461,0.14263941,0.13152725,0.13708332,,,,,
motion,movie,M+E-,动作,电影,0.0,0.05708877369761467,,0.03787009045481682,0.055202554911375046,0.0,6.165586948394775,0.2580753862857818,0.40373095870018,0.4110391438007355,1.0,"[{'zh': '动', 'rcs': 0.2037381082773208, 'w': 0.4110391564354223}, {'zh': '移动', 'rcs': 0.2366111874580383, 'w': 0.17792168712915535}]",[],1.3430066618385386,6,5,动作,电影,0.7093724,0.75840205,0.7338872,0.14263941,0.6955069,0.41907313,,,,,
motion,campaign,M+E-,动,运动,0.0,0.027402611449360847,,0.037174299359321594,0.09552549570798874,0.0,3.288313150405884,0.2037381082773208,0.2373098880052566,0.4110391438007355,1.0,"[{'zh': '动作', 'rcs': 0.2580753862857818, 'w': 0.4110391564354223}, {'zh': '移动', 'rcs': 0.2366111874580383, 'w': 0.17792168712915535}]",[],1.2274753130243818,6,8,动作,运动,0.7093724,0.31127155,0.510322,0.14263941,0.02444213,0.083540775,,,,,
motion,cinema,M+E-,动作,电影,0.0,0.015371349640190601,,0.044129643589258194,0.01486347895115614,0.0,1.660105586051941,0.2580753862857818,0.3383403122425079,0.4110391438007355,0.2692534625530243,"[{'zh': '动', 'rcs': 0.2037381082773208, 'w': 0.4110391564354223}, {'zh': '移动', 'rcs': 0.2366111874580383, 'w': 0.17792168712915535}]","[{'zh': '电影院', 'rcs': 0.2190183997154235, 'w': 0.7307465306105213}]",1.1941841618656954,6,6,动作,电影院,0.7093724,0.7162937,0.71283305,0.14263941,0.86976874,0.50620407,,,,,
motion,animal,M+E-,动,动物,0.0,0.014155088923871517,,0.013973611406981945,0.011793211102485657,0.0,1.6986106634140015,0.2037381082773208,0.5035275816917419,0.4110391438007355,0.5903541445732117,"[{'zh': '动作', 'rcs': 0.2580753862857818, 'w': 0.4110391564354223}, {'zh': '移动', 'rcs': 0.2366111874580383, 'w': 0.17792168712915535}]","[{'zh': '兽', 'rcs': 0.3038774132728576, 'w': 0.2910345454408785}, {'zh': '牲畜', 'rcs': 0.2842504382133484, 'w': 0.11861132141469986}]",0.8936332562128599,6,6,动作,动物,0.7093724,0.84472525,0.7770488,0.14263941,0.6573555,0.39999744,,,,,
motion,bunny,M+E-,动,兔子,0.0,0.010275978595018387,,0.011684315279126167,0.04615969583392143,0.0,1.2331174612045288,0.2037381082773208,0.3943850100040436,0.4110391438007355,1.0,"[{'zh': '动作', 'rcs': 0.2580753862857818, 'w': 0.4110391564354223}, {'zh': '移动', 'rcs': 0.2366111874580383, 'w': 0.17792168712915535}]",[],1.1978861219849877,6,5,动作,兔子,0.7093724,0.78345,0.7464112,0.14263941,0.071637444,0.107138425,,,,,
motion,sickness,M-E+,,,0.033980581909418106,0.0,,0.06941450387239456,0.003272182308137417,7.0,0.0,,,,,,,1.1268480124943485,6,8,动作,疾病,0.7093724,0.7799919,0.7446822,0.14263941,0.22926068,0.18595004,,,,,
motion,ocean,M-E+,,,0.029126213863492012,0.0,,0.1032295823097229,0.0022125092800706625,6.0,0.0,,,,,,,1.1331332451956555,6,5,动作,海洋,0.7093724,0.855346,0.78235924,0.14263941,0.43111223,0.2868758,,,,,
motion,picture,M-E+,,,0.02427184395492077,0.0,,0.06078825518488884,0.0103998314589262,5.0,0.0,,,,,,,1.3582599664198691,6,7,动作,图像,0.7093724,0.7309157,0.72014403,0.14263941,0.3858099,0.26422465,,,,,
motion,wave,M-E+,,,0.02427184395492077,0.0,,0.11593806743621826,0.006756013724952936,5.0,0.0,,,,,,,1.1992755171197813,6,4,动作,海浪,0.7093724,0.7762306,0.7428015,0.14263941,0.59953934,0.37108937,,,,,
motion,bowel,M-E+,,,0.014563106931746006,0.0,,0.0902082771062851,0.012454486452043056,3.0,0.0,,,,,,,1.2282932510583682,6,5,动作,肠,0.7093724,0.64115393,0.67526317,0.14263941,0.10332906,0.12298424,,,,,
mouth,teeth,M+E+,嘴巴,牙齿,0.1569506675004959,0.01919330283999443,,0.4782990515232086,0.1097918376326561,35.0,2.0920701026916504,0.3418544828891754,0.5494320392608643,0.4215417504310608,0.4962901175022125,"[{'zh': '口', 'rcs': 0.3053347170352936, 'w': 0.4215417514341247}, {'zh': '嘴', 'rcs': 0.3990659415721893, 'w': 0.15691649713175063}]","[{'zh': '牙', 'rcs': 0.283527672290802, 'w': 0.5037098760926835}]",0.469544034806343,5,5,口,牙,0.7812085,0.77567595,0.77844226,0.26381087,0.3219151,0.29286298,,,,,
mouth,tongue,M+E+,口,舌,0.08968609571456909,0.008928092196583748,,0.5049440860748291,0.1294492930173874,20.0,0.874953031539917,0.3053347170352936,0.449757307767868,0.4215417504310608,0.5189005732536316,"[{'zh': '嘴巴', 'rcs': 0.3418544828891754, 'w': 0.4215417514341247}, {'zh': '嘴', 'rcs': 0.3990659415721893, 'w': 0.15691649713175063}]","[{'zh': '舌头', 'rcs': 0.4991008937358856, 'w': 0.28246235216309856}, {'zh': '舔', 'rcs': 0.3766401708126068, 'w': 0.19863709685090183}]",0.8333829051639917,5,6,口,舌,0.7812085,0.8046071,0.79290783,0.26381087,0.39862633,0.3312186,,,,,
mouth,touch,M+E-,嘴巴,吃,0.0,0.013016493991017342,,0.07214768975973129,0.045352302491664886,0.0,1.4187979698181152,0.3418544828891754,0.2017240822315216,0.4215417504310608,0.30597594380378723,"[{'zh': '口', 'rcs': 0.3053347170352936, 'w': 0.4215417514341247}, {'zh': '嘴', 'rcs': 0.3990659415721893, 'w': 0.15691649713175063}]","[{'zh': '触摸', 'rcs': 0.3498248159885406, 'w': 0.6222482817801144}, {'zh': '打', 'rcs': 0.2069639414548874, 'w': 0.07177576707765093}]",0.8448200069997752,5,5,口,触摸,0.7812085,0.5634652,0.6723368,0.26381087,0.24174066,0.25277576,,,,,
mouth,loud,M-E+,,,0.017937220633029938,0.0,,0.14951598644256592,0.026599286124110222,4.0,0.0,,,,,,,1.1835520026154542,5,4,口,大声,0.7812085,0.7684116,0.7748101,0.26381087,0.093171984,0.17849143,,,,,
mouth,river,M-E+,,,0.013452914543449879,0.0,,0.04501960799098015,0.0042764716781675816,3.0,0.0,,,,,,,0.36970021123697605,5,5,口,河流,0.7812085,0.82681257,0.8040105,0.26381087,0.5053446,0.38457775,,,,,
movement,running,M+E+,运动,跑步,0.020725388079881668,0.01705271564424038,,0.24638119339942932,0.09306614100933075,4.0,2.4896962642669678,0.345899760723114,0.2267284095287323,0.40482625365257263,0.36176687479019165,"[{'zh': '进步', 'rcs': 0.2919689416885376, 'w': 0.5951737585287443}]","[{'zh': '跑', 'rcs': 0.2226924896240234, 'w': 0.6382331357135055}]",1.492722991994029,8,7,进步,跑,0.62111986,0.7895584,0.70533913,0.13152725,0.34699973,0.23926349,,,,,
movement,bathing,M+E-,运动,游泳,0.0,0.019409477710723877,,0.02882256545126438,0.15431976318359375,0.0,2.8337838649749756,0.345899760723114,0.2098665088415146,0.40482625365257263,1.0,"[{'zh': '进步', 'rcs': 0.2919689416885376, 'w': 0.5951737585287443}]",[],0.7379092914182465,8,7,进步,游泳,0.62111986,0.55866766,0.58989376,0.13152725,0.32449406,0.22801065,,,,,
movement,learning,M+E-,进步,学习,0.0,0.017152324318885803,,0.02484651282429695,0.05211637541651726,0.0,1.938212513923645,0.2919689416885376,0.3817416727542877,0.5951737761497498,0.36183875799179077,"[{'zh': '运动', 'rcs': 0.345899760723114, 'w': 0.4048262414712557}]","[{'zh': '学识', 'rcs': 0.2185507118701934, 'w': 0.2579179959435074}, {'zh': '知识', 'rcs': 0.420357346534729, 'w': 0.22397542837481169}, {'zh': '学问', 'rcs': 0.3009366989135742, 'w': 0.15626782699184907}]",0.48898002798882373,8,8,进步,学习,0.62111986,0.74849796,0.6848089,0.13152725,0.34487236,0.2381998,,,,,
movement,attempt,M+E-,进步,努力,0.0,0.0142386294901371,,0.04627230763435364,0.07272522896528244,0.0,1.6089651584625244,0.2919689416885376,0.2191251367330551,0.5951737761497498,0.3379192054271698,"[{'zh': '运动', 'rcs': 0.345899760723114, 'w': 0.4048262414712557}]","[{'zh': '尝试', 'rcs': 0.2896393537521362, 'w': 0.6620807967897241}]",1.4128010105497373,8,7,进步,尝试,0.62111986,0.72896373,0.6750418,0.13152725,0.0397366,0.08563192,,,,,
movement,action,M-E+,,,0.04663212597370148,0.0,,0.16839799284934998,0.026217620819807053,9.0,0.0,,,,,,,1.4302675387751635,8,6,进步,行动,0.62111986,0.7307329,0.6759264,0.13152725,0.07817835,0.104852796,,,,,
movement,symphony,M-E+,,,0.015544041059911251,0.0,,0.08812856674194336,0.010475058108568192,3.0,0.0,,,,,,,0.9434865526764646,8,8,进步,交响乐,0.62111986,0.8097332,0.71542656,0.13152725,0.24578147,0.18865436,,,,,
nail,metal,M+E+,钉,金属,0.06870228797197342,0.014694567769765854,,0.16370761394500732,0.09039510041475296,9.0,1.2343436479568481,0.494232714176178,0.4880557358264923,0.4114478826522827,1.0,"[{'zh': '指甲', 'rcs': 0.4805534183979034, 'w': 0.41144787488859724}, {'zh': '钉子', 'rcs': 0.4445976316928863, 'w': 0.17710425022280543}]",[],0.488954245361935,4,5,钉,金属,0.7656059,0.79557395,0.78058994,0.11914565,0.69042593,0.40478578,,,,,
nail,oil,M+E-,指甲,油,0.0,0.03474926948547363,,0.02157030627131462,0.07410331070423126,0.0,2.3282008171081543,0.4805534183979034,0.4368906319141388,0.4114478826522827,0.8083651661872864,"[{'zh': '钉', 'rcs': 0.494232714176178, 'w': 0.41144787488859724}, {'zh': '钉子', 'rcs': 0.4445976316928863, 'w': 0.17710425022280543}]","[{'zh': '石油', 'rcs': 0.476806104183197, 'w': 0.19163481615261352}]",0.6462289673840453,4,3,钉,油,0.7656059,0.73983413,0.75272,0.11914565,0.23999403,0.17956984,,,,,
nail,length,M+E-,指甲,长,0.0,0.01104927808046341,,0.031024189665913582,0.025407154113054276,0.0,0.7403017282485962,0.4805534183979034,0.256422221660614,0.4114478826522827,0.35985198616981506,"[{'zh': '钉', 'rcs': 0.494232714176178, 'w': 0.41144787488859724}, {'zh': '钉子', 'rcs': 0.4445976316928863, 'w': 0.17710425022280543}]","[{'zh': '长度', 'rcs': 0.4575222134590149, 'w': 0.640148006083392}]",1.366693205373148,4,6,钉,长度,0.7656059,0.7554534,0.76052964,0.11914565,0.71451336,0.4168295,,,,,
nail,bed,M-E+,,,0.030534351244568825,0.0,,0.040400125086307526,0.01277545653283596,4.0,0.0,,,,,,,1.3394285544199738,4,3,钉,底层,0.7656059,0.7466802,0.7561431,0.11914565,0.49461982,0.30688274,,,,,
nail,snail,M-E+,,,0.022900763899087906,0.0,,0.11699091643095016,0.03147576376795769,3.0,0.0,,,,,,,1.3593241004805505,4,5,钉,蜗牛,0.7656059,0.71407527,0.7398406,0.11914565,0.66448426,0.39181495,,,,,
narrow,tiny,M+E+,缩小,小,0.021929824724793434,0.008582085371017456,,0.08500907570123672,0.11276945471763611,5.0,0.8667905926704407,0.2103667706251144,0.2397595345973968,0.13320940732955933,1.0,"[{'zh': '狭窄', 'rcs': 0.4144726395606994, 'w': 0.8667905982887586}]",[],1.2740336514605297,6,4,狭窄,小,0.74445313,0.7488599,0.74665654,0.25166205,0.03771031,0.14468618,,,,,
narrow,space,M+E-,狭窄,空间,0.0,0.02181445062160492,,0.048273153603076935,0.13069000840187073,0.0,2.2032594680786133,0.4144726395606994,0.4441013634204864,0.8667905926704407,0.42364317178726196,"[{'zh': '缩小', 'rcs': 0.2103667706251144, 'w': 0.13320940171124132}]","[{'zh': '空隙', 'rcs': 0.2548846900463104, 'w': 0.42364316696716553}, {'zh': '空格', 'rcs': 0.2406511604785919, 'w': 0.15271366606566908}]",1.3861458078818465,6,5,狭窄,空间,0.74445313,0.6740433,0.7092482,0.25166205,0.266436,0.25904903,,,,,
narrow,slim,M-E+,,,0.035087719559669495,0.0,,0.2793378233909607,0.02730390429496765,8.0,0.0,,,,,,,1.3098887765451017,6,4,狭窄,瘦,0.74445313,0.67208874,0.7082709,0.25166205,0.29442403,0.27304304,,,,,
narrow,minded,M-E+,,,0.017543859779834747,0.0,,0.1150834932923317,0.010921561159193516,4.0,0.0,,,,,,,1.4574440659588592,6,6,狭窄,有意,0.74445313,0.71281075,0.728632,0.25166205,0.034038357,0.1428502,,,,,
navy,blue,M+E+,海军,蓝色,0.1991869956254959,0.023364486172795296,,0.18816573917865753,0.11050000041723251,49.0,2.5,0.5721511244773865,0.3801732659339905,1.0,0.5,[],"[{'zh': '蓝', 'rcs': 0.3567917346954345, 'w': 0.5}]",0.7643721814723566,4,4,海军,蓝色,0.82606906,0.81527954,0.8206743,0.42394558,0.55630505,0.4901253,,,,,
navy,army,M+E+,海军,陆军,0.08130080997943878,0.014780547469854355,,0.42585545778274536,0.26474621891975403,20.0,1.5815186500549316,0.5721511244773865,0.5031134486198425,1.0,0.527172863483429,[],"[{'zh': '部队', 'rcs': 0.5631161332130432, 'w': 0.26926992743110467}, {'zh': '军队', 'rcs': 0.497610330581665, 'w': 0.20355721793878218}]",0.9714336835769174,4,4,海军,陆军,0.82606906,0.76626945,0.7961693,0.42394558,0.6412235,0.53258455,,,,,
navy,ship,M+E+,海军,船,0.08130080997943878,0.04672897234559059,,0.45024386048316956,0.44850000739097595,20.0,5.0,0.5721511244773865,0.5217533111572266,1.0,1.0,[],[],1.1424886761297677,4,4,海军,船,0.82606906,0.8279798,0.82702446,0.42394558,0.54570097,0.4848233,,,,,
navy,sea,M+E+,海军,大海,0.060975611209869385,0.04738690331578255,,0.2703036069869995,0.14085566997528076,15.0,5.070398330688477,0.5721511244773865,0.3686357140541076,1.0,0.3380265533924103,[],"[{'zh': '海', 'rcs': 0.2446184605360031, 'w': 0.34962473494946494}, {'zh': '海洋', 'rcs': 0.3984117209911346, 'w': 0.3123487031553847}]",1.0452072447298886,4,3,海军,海,0.82606906,0.86250806,0.8442886,0.42394558,0.3810418,0.4024937,,,,,
navy,boat,M+E+,海军,船,0.04878048598766327,0.015667255967855453,,0.35353511571884155,0.22467559576034546,12.0,1.6763962507247925,0.5721511244773865,0.562246561050415,1.0,0.335279256105423,[],"[{'zh': '小船', 'rcs': 0.533439040184021, 'w': 0.6647207355631239}]",1.1757865746785379,4,4,海军,小船,0.82606906,0.82973105,0.82790005,0.42394558,0.2317743,0.32785994,,,,,
navy,ocean,M+E+,海军,大海,0.028455285355448723,0.04592901095747948,,0.22419075667858124,0.13652214407920837,7.0,4.914403915405273,0.5721511244773865,0.346094936132431,1.0,0.32762694358825684,[],"[{'zh': '海洋', 'rcs': 0.4433759748935699, 'w': 0.3588481275136553}, {'zh': '海', 'rcs': 0.212484985589981, 'w': 0.3135249423529021}]",1.0005766756758976,4,5,海军,海洋,0.82606906,0.855346,0.84070754,0.42394558,0.43111223,0.42752892,,,,,
navy,white,M+E-,海军,白色,0.0,0.011682243086397648,,0.032801996916532516,0.019075000658631325,0.0,1.25,0.5721511244773865,0.4515153765678406,1.0,0.25,[],"[{'zh': '白', 'rcs': 0.2417072206735611, 'w': 0.25}, {'zh': '雪白', 'rcs': 0.4313930571079254, 'w': 0.25}, {'zh': '白色的', 'rcs': 0.4358446896076202, 'w': 0.25}]",1.1359064998530444,4,5,海军,白,0.82606906,0.7987871,0.8124281,0.42394558,0.652965,0.5384553,,,,,
navy,bean,M-E+,,,0.020325202494859695,0.0,,0.08242911100387573,0.005366667173802853,5.0,0.0,,,,,,,1.2301662220889498,4,4,海军,豆豆,0.82606906,0.8341423,0.83010566,0.42394558,0.22804466,0.32599512,,,,,
navy,suit,M-E+,,,0.012195121496915817,0.0,,0.10145419090986252,0.030033333227038383,3.0,0.0,,,,,,,1.1089390797803678,4,4,海军,西装,0.82606906,0.7532095,0.78963923,0.42394558,0.11344075,0.26869315,,,,,
nerve,brain,M+E+,神经,大脑,0.12138728052377701,0.03152059018611908,,0.2486272156238556,0.16289006173610687,21.0,3.908553123474121,0.5768988132476807,0.5517149567604065,1.0,0.3908553123474121,[],"[{'zh': '脑', 'rcs': 0.4921719133853912, 'w': 0.47670489913630926}, {'zh': '智力', 'rcs': 0.3047632277011871, 'w': 0.13243978150903857}]",0.9943916325217061,5,5,神经,脑,0.6554417,0.7237043,0.689573,0.31645396,0.16811858,0.24228626,,,,,
nerve,system,M+E+,神经,系统,0.017341040074825287,0.037296924740076065,,0.059597197920084,0.08827622979879379,3.0,4.624818801879883,0.5768988132476807,0.4517805576324463,1.0,0.5781023502349854,[],"[{'zh': '体系', 'rcs': 0.323019802570343, 'w': 0.42189766555219393}]",1.2589185994493681,5,6,神经,系统,0.6554417,0.75794065,0.70669115,0.31645396,0.101004474,0.20872922,,,,,
nerve,network,M+E-,神经,网络,0.0,0.024193547666072845,,0.06505902856588364,0.062199998646974564,0.0,3.0,0.5768988132476807,0.322317510843277,1.0,1.0,[],[],1.179103182827915,5,7,神经,网络,0.6554417,0.7353553,0.6953985,0.31645396,0.5686431,0.4425485,,,,,
nerve,web,M+E-,神经,网络,0.0,0.024193547666072845,,0.05208771303296089,0.062199998646974564,0.0,3.0,0.5768988132476807,0.3779720366001129,1.0,1.0,[],[],1.1775317783942125,5,3,神经,网络,0.6554417,0.679988,0.66771483,0.31645396,0.4967448,0.4065994,,,,,
nerve,steel,M-E+,,,0.028901733458042145,0.0,,0.04062088206410408,0.0166923850774765,5.0,0.0,,,,,,,0.9248970332206491,5,5,神经,钢,0.6554417,0.7872494,0.72134554,0.31645396,0.5706547,0.44355434,,,,,
news,media,M+E+,新闻,媒体,0.015075377188622952,0.016179049387574196,,0.370339959859848,0.17729327082633972,3.0,1.7796955108642578,0.4185450077056885,0.3585670590400696,0.7118781805038452,0.5,"[{'zh': '消息', 'rcs': 0.2309300005435943, 'w': 0.2881218429053617}]","[{'zh': '传媒', 'rcs': 0.2715575098991394, 'w': 0.5}]",1.1944648668859745,4,5,新闻,媒体,0.7357612,0.7705258,0.75314355,0.16517748,0.5171616,0.34116954,,,,,
news,buddy,M+E-,消息,朋友,0.0,0.010169006884098053,,0.004590594209730625,0.021666763350367546,0.0,0.8643655776977539,0.2309300005435943,0.2560158967971802,0.2881218492984772,1.0,"[{'zh': '新闻', 'rcs': 0.4185450077056885, 'w': 0.7118781570946383}]",[],0.5517440645284083,4,5,新闻,朋友,0.7357612,0.7356287,0.735695,0.16517748,0.14932452,0.157251,,,,,
news,story,M-E+,,,0.04020100459456444,0.0,,0.11809922754764557,0.035986464470624924,8.0,0.0,,,,,,,0.520707930556072,4,5,新闻,谎言,0.7357612,0.6700374,0.70289934,0.16517748,0.45949644,0.31233695,,,,,
news,sports,M-E+,,,0.015075377188622952,0.0,,0.07417590171098709,0.0037928633391857147,3.0,0.0,,,,,,,1.41467709217565,4,6,新闻,体育,0.7357612,0.7607556,0.7482584,0.16517748,0.24604157,0.20560953,,,,,
nose,mouth,M+E+,鼻,口,0.05113636329770088,0.024549851194024086,,0.19415563344955444,0.11825541406869888,9.0,2.504084825515747,0.4539161324501037,0.3053347170352936,0.495025098323822,0.4215417504310608,"[{'zh': '嗅', 'rcs': 0.3621292412281036, 'w': 0.26657423029303684}, {'zh': '拱', 'rcs': 0.263537585735321, 'w': 0.1471321144710714}, {'zh': '鼻子', 'rcs': 0.462609201669693, 'w': 0.09126855655611177}]","[{'zh': '嘴巴', 'rcs': 0.3418544828891754, 'w': 0.4215417514341247}, {'zh': '嘴', 'rcs': 0.3990659415721893, 'w': 0.15691649713175063}]",0.5502004577028529,4,5,鼻,口,0.79401773,0.7812085,0.78761315,0.15315132,0.26381087,0.2084811,,,,,
nose,mug,M+E-,鼻,脸,0.0,0.03882550075650215,,0.02707674354314804,0.17568440735340118,0.0,3.960200786590576,0.4539161324501037,0.2354268878698349,0.495025098323822,1.0,"[{'zh': '嗅', 'rcs': 0.3621292412281036, 'w': 0.26657423029303684}, {'zh': '拱', 'rcs': 0.263537585735321, 'w': 0.1471321144710714}, {'zh': '鼻子', 'rcs': 0.462609201669693, 'w': 0.09126855655611177}]",[],1.3474788685104535,4,3,鼻,脸,0.79401773,0.47088873,0.6324532,0.15315132,0.0014470512,0.077299185,,,,,
nose,suck,M+E-,嗅,臭,0.0,0.012338838540017605,,0.06595608592033386,0.11022689938545227,0.0,1.3449333906173706,0.3621292412281036,0.2039706408977508,0.2665742337703705,0.7207498550415039,"[{'zh': '鼻', 'rcs': 0.4539161324501037, 'w': 0.49502509867977995}, {'zh': '拱', 'rcs': 0.263537585735321, 'w': 0.1471321144710714}, {'zh': '鼻子', 'rcs': 0.462609201669693, 'w': 0.09126855655611177}]","[{'zh': '吸', 'rcs': 0.2825546562671661, 'w': 0.15164818690696175}, {'zh': '吸引', 'rcs': 0.2139699310064315, 'w': 0.12760196422467246}]",1.389963902958375,4,4,鼻,臭,0.79401773,0.66692996,0.7304739,0.15315132,0.058207717,0.10567952,,,,,
nose,blow,M-E+,,,0.017045455053448677,0.0,,0.10614986717700958,0.004920128732919693,3.0,0.0,,,,,,,1.0916442108242939,4,4,鼻,暴露,0.79401773,0.5032385,0.6486281,0.15315132,0.00260689,0.0778791,,,,,
note,music,M+E+,音符,音乐,0.1434262990951538,0.05001088231801987,,0.19658523797988892,0.1800861805677414,36.0,5.951294898986816,0.3429398536682129,0.435087114572525,0.6131645441055298,0.3882347643375397,"[{'zh': '记录', 'rcs': 0.2945465743541717, 'w': 0.20296655820800996}, {'zh': '音调', 'rcs': 0.3171283304691314, 'w': 0.1838689012505353}]","[{'zh': '乐谱', 'rcs': 0.2720466256141662, 'w': 0.38823476818978614}, {'zh': '乐曲', 'rcs': 0.3667509257793426, 'w': 0.2235304636204278}]",0.7944180406473837,4,5,音符,音乐,0.5172766,0.8164149,0.66684574,0.45798734,0.3563554,0.40717137,,,,,
note,pen,M+E+,记录,笔,0.039840638637542725,0.00837935321033001,,0.2578440010547638,0.04450041428208351,10.0,0.9133495092391968,0.2945465743541717,0.2590196132659912,0.20296655595302582,0.5,"[{'zh': '音符', 'rcs': 0.3429398536682129, 'w': 0.6131645405414548}, {'zh': '音调', 'rcs': 0.3171283304691314, 'w': 0.1838689012505353}]","[{'zh': '钢笔', 'rcs': 0.2198588103055954, 'w': 0.5}]",0.7029215201021837,4,3,音符,钢笔,0.5172766,0.75962746,0.63845205,0.45798734,0.7793726,0.61867994,,,,,
note,leap,M+E-,音符,跳跃,0.0,0.020610574632883072,,0.02123483642935753,0.10613878071308136,0.0,2.452658176422119,0.3429398536682129,0.2716983556747436,0.6131645441055298,1.0,"[{'zh': '记录', 'rcs': 0.2945465743541717, 'w': 0.20296655820800996}, {'zh': '音调', 'rcs': 0.3171283304691314, 'w': 0.1838689012505353}]",[],1.3264854371442667,4,4,音符,跳跃,0.5172766,0.6972972,0.60728693,0.45798734,0.0020978816,0.2300426,,,,,
note,low,M+E-,音调,低,0.0,0.008082149550318718,,0.02697579190135002,0.024767141789197922,0.0,0.7354755997657776,0.3171283304691314,0.4294463396072387,0.1838688999414444,1.0,"[{'zh': '音符', 'rcs': 0.3429398536682129, 'w': 0.6131645405414548}, {'zh': '记录', 'rcs': 0.2945465743541717, 'w': 0.20296655820800996}]",[],1.2850899590546498,4,3,音符,低,0.5172766,0.74379486,0.6305357,0.45798734,0.089332424,0.27365988,,,,,
note,letter,M-E+,,,0.04780876636505127,0.0,,0.35125547647476196,0.026885779574513435,12.0,0.0,,,,,,,1.001822005324433,4,6,音符,书信,0.5172766,0.72047174,0.6188742,0.45798734,0.36632788,0.4121576,,,,,
note,card,M-E+,,,0.019920319318771362,0.0,,0.1861603707075119,0.009360979311168194,5.0,0.0,,,,,,,0.37078082555583447,4,4,音符,贺卡,0.5172766,0.72982985,0.6235532,0.45798734,0.4045381,0.43126273,,,,,
note,bank,M-E+,,,0.011952191591262817,0.0,,0.11598862707614899,0.0038322785403579473,3.0,0.0,,,,,,,0.2961018542302136,4,4,音符,银行,0.5172766,0.775044,0.6461603,0.45798734,0.12895085,0.2934691,,,,,
obey,rule,M+E+,遵守,规则,0.032258063554763794,0.008619716390967369,,0.31281527876853943,0.03382283076643944,5.0,1.0429856777191162,0.4358265995979309,0.2350714951753616,0.20460189878940582,0.18205836415290833,"[{'zh': '顺从', 'rcs': 0.2764650881290436, 'w': 0.5221015311036804}, {'zh': '服从', 'rcs': 0.3633297383785248, 'w': 0.2732965752511823}]","[{'zh': '规章', 'rcs': 0.3008834421634674, 'w': 0.26844826337362304}, {'zh': '条例', 'rcs': 0.2825866937637329, 'w': 0.25523369590281203}, {'zh': '统治', 'rcs': 0.336404949426651, 'w': 0.2017142139865022}, {'zh': '支配', 'rcs': 0.2104225158691406, 'w': 0.0925454645838934}]",0.9143226459624822,4,4,顺从,规章,0.6307946,0.7128217,0.6718081,0.19635452,0.090323836,0.14333919,,,,,
obey,rebel,M+E-,顺从,反抗,0.0,0.009118946269154549,,0.05769914388656616,0.042479272931814194,0.0,0.921013593673706,0.2764650881290436,0.3789200186729431,0.5221015214920044,0.25200724601745605,"[{'zh': '服从', 'rcs': 0.3633297383785248, 'w': 0.2732965752511823}, {'zh': '遵守', 'rcs': 0.4358265995979309, 'w': 0.2046018936451374}]","[{'zh': '造反', 'rcs': 0.3869293332099914, 'w': 0.5709620945252539}, {'zh': '背叛', 'rcs': 0.2729352116584778, 'w': 0.1770306614108814}]",0.6724148012351435,4,5,顺从,造反,0.6307946,0.71818614,0.67449033,0.19635452,0.17915878,0.18775666,,,,,
obey,submit,M-E+,,,0.025806451216340065,0.0,,0.24570611119270325,0.023244379088282585,4.0,0.0,,,,,,,1.004430541348874,4,6,顺从,表示,0.6307946,0.6987137,0.66475415,0.19635452,0.11048764,0.15342107,,,,,
object,item,M+E+,事物,物品,0.06666667014360428,0.023385105654597282,,0.24287661910057068,0.1549130380153656,13.0,2.4554362297058105,0.2655377089977264,0.3476535379886627,0.4910872280597687,1.0,"[{'zh': '物体', 'rcs': 0.3786642253398895, 'w': 0.5089127636174744}]",[],1.262357580164067,6,4,物体,物品,0.64347756,0.6808537,0.66216564,0.13567296,0.029036328,0.08235464,,,,,
object,physics,M+E-,物体,物理,0.0,0.04801063612103462,,0.0731700137257576,0.08687140792608261,0.0,5.089127540588379,0.3786642253398895,0.6010594367980957,0.5089127421379089,1.0,"[{'zh': '事物', 'rcs': 0.2655377089977264, 'w': 0.49108723638252566}]",[],0.9131549061953207,6,7,物体,物理,0.64347756,0.8025707,0.72302413,0.13567296,0.33179212,0.23373254,,,,,
object,affair,M+E-,事物,事情,0.0,0.012776701711118221,,0.05583466961979866,0.046053361147642136,0.0,1.3415535688400269,0.2655377089977264,0.2958748042583465,0.4910872280597687,0.3902575671672821,"[{'zh': '物体', 'rcs': 0.3786642253398895, 'w': 0.5089127636174744}]","[{'zh': '事件', 'rcs': 0.2822173833847046, 'w': 0.6097424289954467}]",1.1349111491119244,6,6,物体,事件,0.64347756,0.5349481,0.58921283,0.13567296,0.017626848,0.076649904,,,,,
object,subject,M-E+,,,0.0615384615957737,0.0,,0.2610616385936737,0.02041897550225258,12.0,0.0,,,,,,,0.7143958804797977,6,7,物体,科目,0.64347756,0.7113696,0.6774236,0.13567296,0.06251421,0.099093586,,,,,
object,round,M-E+,,,0.015384615398943424,0.0,,0.05976984277367592,0.021679682657122612,3.0,0.0,,,,,,,0.740854588044145,6,5,物体,回合,0.64347756,0.46832725,0.5559024,0.13567296,0.014070731,0.074871846,,,,,
obvious,apparent,M+E+,明显,显然,0.05737704783678055,0.14457830786705017,,0.5110281109809875,0.5016999840736389,7.0,12.0,0.3618313074111938,0.4363646805286407,1.0,1.0,[],[],1.2008840733515378,7,8,明显,显然,0.7715967,0.75586206,0.7637294,0.3904243,0.8928743,0.6416493,,,,,
obvious,behave,M+E-,明显,表现,0.0,0.03614457696676254,,0.02928123250603676,0.1914999932050705,0.0,3.0,0.3618313074111938,0.2080051749944687,1.0,1.0,[],[],0.6434615061615327,7,6,明显,表现,0.7715967,0.57322055,0.67240864,0.3904243,0.02860864,0.20951648,,,,,
obvious,mistake,M+E-,明显,错误,0.0,0.008197720162570477,,0.043592583388090134,0.03662613406777382,0.0,0.6804108023643494,0.3618313074111938,0.3178239464759826,1.0,0.17010270059108734,[],"[{'zh': '误解', 'rcs': 0.3582819700241089, 'w': 0.27663243488259537}, {'zh': '失误', 'rcs': 0.3181226849555969, 'w': 0.27663243488259537}, {'zh': '误会', 'rcs': 0.3534651398658752, 'w': 0.27663243488259537}]",0.6757801325277148,7,7,明显,误解,0.7715967,0.7432968,0.75744677,0.3904243,0.17291589,0.2816701,,,,,
obvious,plain,M-E+,,,0.06557376682758331,0.0,,0.20914232730865479,0.006200000178068876,8.0,0.0,,,,,,,1.0000907810511455,7,5,明显,平原,0.7715967,0.5559002,0.6637485,0.3904243,0.0521869,0.22130561,,,,,
obvious,stupid,M-E+,,,0.02459016442298889,0.0,,0.11350121349096298,0.027166668325662613,3.0,0.0,,,,,,,1.1422254050629732,7,6,明显,笨,0.7715967,0.70987314,0.74073493,0.3904243,0.20665099,0.29853764,,,,,
offering,sacrifice,M+E+,给予,奉献,0.20714285969734192,0.06929236650466919,,0.40212130546569824,0.2811329662799835,29.0,6.790651798248291,0.2086998671293258,0.3422418236732483,1.0,0.6173319816589355,[],"[{'zh': '牺牲', 'rcs': 0.3652178645133972, 'w': 0.3826679906886351}]",0.49330006681532895,8,9,给予,奉献,0.6952296,0.6993863,0.69730794,0.4719968,0.20033415,0.3361655,,,,,
offering,warmth,M+E-,给予,温暖,0.0,0.013975020498037338,,0.052618883550167084,0.07486884295940399,0.0,1.3695520162582397,0.2086998671293258,0.4195122420787811,1.0,0.4565173387527466,[],"[{'zh': '暖和', 'rcs': 0.3192578554153442, 'w': 0.3599167864822843}, {'zh': '热情', 'rcs': 0.3916732370853424, 'w': 0.1835658837117745}]",1.2911102021571874,8,6,给予,温暖,0.6952296,0.7853689,0.7402992,0.4719968,0.3819236,0.4269602,,,,,
offering,religion,M-E+,,,0.04285714402794838,0.0,,0.26049116253852844,0.018453314900398254,6.0,0.0,,,,,,,1.0402542387985785,8,8,给予,宗教,0.6952296,0.79386705,0.7445483,0.4719968,0.22887622,0.3504365,,,,,
office,paper,M+E+,办公室,文件,0.015075377188622952,0.008603575639426708,,0.053084440529346466,0.0992177203297615,3.0,1.0840504169464111,0.3591658473014831,0.2631358802318573,1.0,0.2710126042366028,[],"[{'zh': '纸', 'rcs': 0.327637255191803, 'w': 0.2710125906312715}, {'zh': '试卷', 'rcs': 0.2282652109861374, 'w': 0.2710125906312715}, {'zh': '纸张', 'rcs': 0.4235454499721527, 'w': 0.1323204461818563}, {'zh': '报纸', 'rcs': 0.2869635820388794, 'w': 0.05464178192432924}]",0.6086287746663659,6,5,办公室,文件,0.7603085,0.71140915,0.7358588,0.44778237,0.3958666,0.42182449,,,,,
office,teacher,M+E-,办公室,老师,0.0,0.016316182911396027,,0.062035202980041504,0.11430463939905167,0.0,2.0558388233184814,0.3591658473014831,0.3468257486820221,1.0,0.5139597058296204,[],"[{'zh': '教师', 'rcs': 0.5814129710197449, 'w': 0.27992430342702346}, {'zh': '先生', 'rcs': 0.3092143535614013, 'w': 0.20611599535842348}]",0.9352788906205431,6,7,办公室,老师,0.7603085,0.7545064,0.7574074,0.44778237,0.3640417,0.40591204,,,,,
office,party,M-E+,,,0.015075377188622952,0.0,,0.05560734122991562,0.02410000003874302,3.0,0.0,,,,,,,1.090099887618102,6,5,办公室,党派,0.7603085,0.5295197,0.6449141,0.44778237,0.051740978,0.24976167,,,,,
operate,machine,M+E+,运转,机器,0.06315789371728897,0.04128006845712662,,0.28917840123176575,0.13808678090572357,12.0,4.169286727905273,0.2181507050991058,0.403625875711441,0.6146945357322693,0.45217978954315186,"[{'zh': '控制', 'rcs': 0.2987678647041321, 'w': 0.2066158583265809}, {'zh': '使用', 'rcs': 0.2045913636684417, 'w': 0.17868961855600196}]","[{'zh': '机械', 'rcs': 0.3681373298168182, 'w': 0.3176852208708701}, {'zh': '制造', 'rcs': 0.2593474090099334, 'w': 0.23013497577752465}]",1.4740845285517654,7,7,运转,机器,0.69084984,0.76626587,0.7285578,0.3546813,0.51058114,0.43263122,,,,,
operate,rotate,M+E-,运转,转动,0.0,0.019048502668738365,,0.0651429295539856,0.10648780316114426,0.0,1.9238988161087036,0.2181507050991058,0.3659991025924682,0.6146945357322693,0.5216408967971802,"[{'zh': '控制', 'rcs': 0.2987678647041321, 'w': 0.2066158583265809}, {'zh': '使用', 'rcs': 0.2045913636684417, 'w': 0.17868961855600196}]","[{'zh': '旋转', 'rcs': 0.30318284034729, 'w': 0.47835911581028834}]",1.2263912251612434,7,6,运转,转动,0.69084984,0.6965614,0.6937056,0.3546813,0.07115739,0.21291935,,,,,
operate,rotation,M+E-,运转,转动,0.0,0.016831381246447563,,0.05342428386211395,0.09409331530332565,0.0,1.6999695301055908,0.2181507050991058,0.354375809431076,0.6146945357322693,0.46092531085014343,"[{'zh': '控制', 'rcs': 0.2987678647041321, 'w': 0.2066158583265809}, {'zh': '使用', 'rcs': 0.2045913636684417, 'w': 0.17868961855600196}]","[{'zh': '旋转', 'rcs': 0.3743903040885925, 'w': 0.5390746754977711}]",0.9986554719538774,7,8,运转,旋转,0.69084984,0.71062064,0.7007352,0.3546813,0.07118403,0.21293268,,,,,
operate,interpret,M+E-,使用,说明,0.0,0.00940471701323986,,0.04352486878633499,0.05237392708659172,0.0,1.072137713432312,0.2045913636684417,0.3961615860462188,0.1786896139383316,1.0,"[{'zh': '运转', 'rcs': 0.2181507050991058, 'w': 0.6146945231174172}, {'zh': '控制', 'rcs': 0.2987678647041321, 'w': 0.2066158583265809}]",[],1.4693471802364328,7,9,运转,说明,0.69084984,0.70627433,0.6985621,0.3546813,0.055262495,0.20497191,,,,,
operate,manage,M-E+,,,0.015789473429322243,0.0,,0.1701892763376236,0.017931990325450897,3.0,0.0,,,,,,,1.0848961061776,7,6,运转,应付,0.69084984,0.64855593,0.6697029,0.3546813,0.19259685,0.27363908,,,,,
ounce,weight,M+E+,盎司,重量,0.20270270109176636,0.02954261749982834,,0.3336675763130188,0.06772304326295853,45.0,2.511122465133667,0.4434389173984527,0.4664914011955261,0.5,0.38632652163505554,"[{'zh': '少量', 'rcs': 0.2989712059497833, 'w': 0.5}]","[{'zh': '体重', 'rcs': 0.2601625919342041, 'w': 0.38632652754929114}, {'zh': '高度', 'rcs': 0.3531632423400879, 'w': 0.10823306891676099}, {'zh': '固定', 'rcs': 0.2965547740459442, 'w': 0.07704953730344298}, {'zh': '压力', 'rcs': 0.206294909119606, 'w': 0.042064338681213814}]",1.2825770475364853,5,6,少量,体重,0.7499554,0.71597356,0.7329645,0.27187333,0.20806132,0.23996732,,,,,
ounce,liquid,M+E+,少量,液体,0.04054053872823715,0.016483517363667488,,0.160951167345047,0.10885000228881836,9.0,1.5,0.2989712059497833,0.6036389470100403,0.5,1.0,"[{'zh': '盎司', 'rcs': 0.4434389173984527, 'w': 0.5}]",[],1.0032529509286432,5,6,少量,液体,0.7499554,0.8113278,0.7806416,0.27187333,0.6550811,0.4634772,,,,,
ounce,surge,M+E-,少量,大量,0.0,0.03846153989434242,,0.029347490519285202,0.18289999663829803,0.0,3.5,0.2989712059497833,0.2034178227186203,0.5,1.0,"[{'zh': '盎司', 'rcs': 0.4434389173984527, 'w': 0.5}]",[],1.0951772019507187,5,5,少量,大量,0.7499554,0.52909213,0.63952374,0.27187333,0.017098982,0.14448616,,,,,
ounce,weed,M-E+,,,0.045045044273138046,0.0,,0.09923060983419418,0.006300888489931822,10.0,0.0,,,,,,,1.2310204111969176,5,4,少量,杂草,0.7499554,0.7636571,0.75680625,0.27187333,0.110607766,0.19124055,,,,,
ounce,mass,M-E+,,,0.013513513840734959,0.0,,0.2782473862171173,0.029378078877925873,3.0,0.0,,,,,,,1.0017985504957614,5,4,少量,大多数,0.7499554,0.6085891,0.6792723,0.27187333,0.17297293,0.22242314,,,,,
overcome,obstacle,M+E+,克服,障碍,0.060975611209869385,0.011899970471858978,,0.2753433883190155,0.12080730497837067,10.0,1.4398964643478394,0.5098705291748047,0.2251349240541458,0.5145291686058044,0.6996184587478638,"[{'zh': '战胜', 'rcs': 0.2186275422573089, 'w': 0.2784276464903443}, {'zh': '解决', 'rcs': 0.4811533391475677, 'w': 0.20704316949596077}]","[{'zh': '阻碍', 'rcs': 0.2670709788799286, 'w': 0.30038154985859283}]",1.2175246372052626,8,8,克服,障碍,0.72910094,0.75618434,0.74264264,0.1754315,0.36583504,0.27063328,,,,,
overcome,victory,M+E+,战胜,胜利,0.018292682245373726,0.015561635605990887,,0.2952473759651184,0.06614147871732712,3.0,1.6806567907333374,0.2186275422573089,0.3314472436904907,0.2784276604652405,0.5487492680549622,"[{'zh': '克服', 'rcs': 0.5098705291748047, 'w': 0.514529184013695}, {'zh': '解决', 'rcs': 0.4811533391475677, 'w': 0.20704316949596077}]","[{'zh': '成功', 'rcs': 0.2115495800971985, 'w': 0.4512507467640322}]",0.8653259047597447,8,7,克服,胜利,0.72910094,0.75799304,0.74354696,0.1754315,0.3440447,0.2597381,,,,,
overcome,terrified,M+E-,克服,恐惧,0.0,0.017009228467941284,,0.034498926252126694,0.04538147523999214,0.0,2.0581166744232178,0.5098705291748047,0.40202197432518,0.5145291686058044,1.0,"[{'zh': '战胜', 'rcs': 0.2186275422573089, 'w': 0.2784276464903443}, {'zh': '解决', 'rcs': 0.4811533391475677, 'w': 0.20704316949596077}]",[],0.5568475908253463,8,9,克服,恐惧,0.72910094,0.7641275,0.7466142,0.1754315,0.6193283,0.3973799,,,,,
overcome,warfare,M+E-,战胜,战争,0.0,0.013477613218128681,,0.05985367298126221,0.03535245358943939,0.0,1.4555822610855103,0.2186275422573089,0.2952758073806762,0.2784276604652405,0.6534831523895264,"[{'zh': '克服', 'rcs': 0.5098705291748047, 'w': 0.514529184013695}, {'zh': '解决', 'rcs': 0.4811533391475677, 'w': 0.20704316949596077}]","[{'zh': '斗争', 'rcs': 0.2138779163360595, 'w': 0.34651687342254717}]",0.9429429136958085,8,7,克服,战争,0.72910094,0.75921524,0.7441581,0.1754315,0.2201114,0.19777146,,,,,
overcome,subject,M+E-,解决,问题,0.0,0.007915879599750042,,0.05036623030900955,0.01201234757900238,0.0,1.0448960065841675,0.4811533391475677,0.3361803591251373,0.20704317092895508,0.12309157848358154,"[{'zh': '克服', 'rcs': 0.5098705291748047, 'w': 0.514529184013695}, {'zh': '战胜', 'rcs': 0.2186275422573089, 'w': 0.2784276464903443}]","[{'zh': '科目', 'rcs': 0.21392223238945, 'w': 0.5165108453401709}, {'zh': '题目', 'rcs': 0.312792420387268, 'w': 0.18303110387758237}, {'zh': '话题', 'rcs': 0.2071601897478103, 'w': 0.17736647537113534}]",1.3467480808812606,8,7,克服,科目,0.72910094,0.7113696,0.7202352,0.1754315,0.06251421,0.11897285,,,,,
overcome,succeed,M-E+,,,0.06707317382097244,0.0,,0.3377602696418762,0.014664080925285816,11.0,0.0,,,,,,,0.5380236929032146,8,7,克服,继承,0.72910094,0.5252706,0.62718576,0.1754315,0.02364656,0.099539034,,,,,
overcome,struggle,M-E+,,,0.024390242993831635,0.0,,0.27568984031677246,0.02098955027759075,4.0,0.0,,,,,,,0.6326546166935846,8,8,克服,挣扎,0.72910094,0.71367675,0.7213888,0.1754315,0.20110926,0.18827039,,,,,
palm,tree,M+E+,棕榈树,树,0.44516128301620483,0.012045060284435749,,0.15515504777431488,0.18191534280776978,69.0,1.1683708429336548,0.4547617137432098,0.3510806560516357,1.0,0.38945695757865906,[],"[{'zh': '大树', 'rcs': 0.3920817971229553, 'w': 0.3894569459129817}, {'zh': '树木', 'rcs': 0.4441355466842651, 'w': 0.22108610817403662}]",0.8747416194724215,4,4,棕榈树,大树,0.7461882,0.80540377,0.775796,0.31641984,0.4329255,0.37467265,,,,,
palm,beach,M+E+,棕榈树,海滩,0.04516129195690155,0.03287935256958008,,0.3304581940174103,0.19933107495307922,7.0,3.1892971992492676,0.4547617137432098,0.4553943872451782,1.0,0.5315495133399963,[],"[{'zh': '沙滩', 'rcs': 0.4049167037010193, 'w': 0.27789771424932985}, {'zh': '海边', 'rcs': 0.3813045620918274, 'w': 0.19055278918626617}]",0.9240961872635951,4,5,棕榈树,海滩,0.7461882,0.84993356,0.7980609,0.31641984,0.657721,0.4870704,,,,,
palm,timber,M+E-,棕榈树,树木,0.0,0.019380446523427963,,0.0719391480088234,0.2656303346157074,0.0,1.8799033164978027,0.4547617137432098,0.3935052156448364,1.0,0.626634418964386,[],"[{'zh': '木材', 'rcs': 0.4957786202430725, 'w': 0.37336558992450924}]",1.3251614270807242,4,6,棕榈树,树木,0.7461882,0.7190048,0.7325965,0.31641984,0.29556286,0.30599135,,,,,
palm,reader,M-E+,,,0.03870967775583267,0.0,,0.10846719145774841,0.02669999934732914,6.0,0.0,,,,,,,1.3945969308917334,4,6,棕榈树,读者,0.7461882,0.73754823,0.74186826,0.31641984,0.18726555,0.25184268,,,,,
palm,pilot,M-E+,,,0.032258063554763794,0.0,,0.08115823566913605,0.03306673467159271,5.0,0.0,,,,,,,0.633311713184676,4,5,棕榈树,飞行员,0.7461882,0.78215045,0.76416934,0.31641984,0.4491975,0.3828087,,,,,
palm,skin,M-E+,,,0.019354838877916336,0.0,,0.13377498090267181,0.027442481368780136,3.0,0.0,,,,,,,0.6507402370019885,4,4,棕榈树,皮肤,0.7461882,0.7957984,0.77099335,0.31641984,0.27219588,0.29430786,,,,,
papa,mama,M+E+,爸爸,妈妈,0.2293577939271927,0.055113133043050766,,0.48952654004096985,0.14974892139434814,25.0,7.715838432312012,0.3902774453163147,0.4193300902843475,1.0,0.2143288403749466,[],"[{'zh': '大妈', 'rcs': 0.3528442680835724, 'w': 0.7856711614554388}]",0.4963581334544491,4,4,爸爸,大妈,0.70735765,0.6280759,0.66771674,0.33076245,0.58103603,0.45589924,,,,,
papa,bloke,M+E-,爸爸,男人,0.0,0.015378663316369057,,0.07290518283843994,0.1865944266319275,0.0,2.153012752532959,0.3902774453163147,0.3848049640655517,1.0,0.7176709175109863,[],"[{'zh': '家伙', 'rcs': 0.4022364318370819, 'w': 0.28232908843550797}]",1.384302675992357,4,5,爸爸,男人,0.70735765,0.68595093,0.6966543,0.33076245,0.14578894,0.23827569,,,,,
papa,potato,M-E+,,,0.08256880939006805,0.0,,0.14930766820907593,0.00930000003427267,9.0,0.0,,,,,,,1.269068386166242,4,6,爸爸,马铃薯,0.70735765,0.8585923,0.78297496,0.33076245,0.2965405,0.31365147,,,,,
papa,pizza,M-E+,,,0.027522936463356018,0.0,,0.2181137204170227,0.03290000185370445,3.0,0.0,,,,,,,0.7327109609695314,4,5,爸爸,披萨,0.70735765,0.8528188,0.7800882,0.33076245,0.7130328,0.5218976,,,,,
paradise,religion,M+E+,天堂,宗教,0.017045455053448677,0.007922877557575703,,0.0938945859670639,0.138109490275383,3.0,1.037896990776062,0.3954721093177795,0.5187509059906006,0.5,0.6919313073158264,"[{'zh': '乐园', 'rcs': 0.2798297703266144, 'w': 0.5}]","[{'zh': '信仰', 'rcs': 0.48028564453125, 'w': 0.30806869889732347}]",0.9457097718229778,8,8,乐园,宗教,0.5688303,0.79386705,0.6813487,0.019292587,0.22887622,0.124084406,,,,,
paradise,childhood,M+E-,乐园,儿童,0.0,0.01750265248119831,,0.05882195010781288,0.06442885100841522,0.0,1.855281114578247,0.2798297703266144,0.2421044558286667,0.5,0.3373238444328308,"[{'zh': '天堂', 'rcs': 0.3954721093177795, 'w': 0.5}]","[{'zh': '童年', 'rcs': 0.2905563116073608, 'w': 0.6626761504407143}]",0.518024663123495,8,9,乐园,童年,0.5688303,0.7229211,0.6458757,0.019292587,0.11954248,0.069417536,,,,,
paradise,vacation,M-E+,,,0.017045455053448677,0.0,,0.3116148114204407,0.019866667687892914,3.0,0.0,,,,,,,0.6279386656795595,8,8,乐园,假期,0.5688303,0.7785652,0.67369777,0.019292587,0.45330462,0.2362986,,,,,
park,bench,M+E+,公园,长椅,0.03500000014901161,0.02093609981238842,,0.2968735992908478,0.13757529854774475,7.0,2.323906898498535,0.5533136129379272,0.2888665795326233,0.38731783628463745,1.0,"[{'zh': '庭院', 'rcs': 0.3167878687381744, 'w': 0.3873178485052622}, {'zh': '停车场', 'rcs': 0.4356929063796997, 'w': 0.16419304137673238}, {'zh': '庄园', 'rcs': 0.3247393667697906, 'w': 0.06117126161274324}]",[],1.195640905863261,4,5,庭院,长椅,0.78119713,0.7617733,0.7714852,0.1420726,0.66365933,0.40286598,,,,,
park,auto,M+E-,停车场,汽车,0.0,0.013973874971270561,,0.0658833384513855,0.07950226962566376,0.0,1.3135442733764648,0.4356929063796997,0.4339776635169983,0.1641930341720581,1.0,"[{'zh': '庭院', 'rcs': 0.3167878687381744, 'w': 0.3873178485052622}, {'zh': '公园', 'rcs': 0.5533136129379272, 'w': 0.3873178485052622}, {'zh': '庄园', 'rcs': 0.3247393667697906, 'w': 0.06117126161274324}]",[],1.3951593465592935,4,4,庭院,汽车,0.78119713,0.7357835,0.7584903,0.1420726,0.04260072,0.09233666,,,,,
park,baby,M+E-,公园,小孩,0.0,0.008337462320923805,,0.022887343540787697,0.023275278508663177,0.0,0.9254582524299622,0.5533136129379272,0.3786522448062897,0.38731783628463745,0.3982338011264801,"[{'zh': '庭院', 'rcs': 0.3167878687381744, 'w': 0.3873178485052622}, {'zh': '停车场', 'rcs': 0.4356929063796997, 'w': 0.16419304137673238}, {'zh': '庄园', 'rcs': 0.3247393667697906, 'w': 0.06117126161274324}]","[{'zh': '宝贝', 'rcs': 0.3550214469432831, 'w': 0.325085239993419}, {'zh': '孩子', 'rcs': 0.3216045200824737, 'w': 0.27668094692510875}]",1.0848475479986122,4,4,庭院,小孩,0.78119713,0.73960555,0.76040137,0.1420726,0.19951873,0.17079566,,,,,
park,ride,M-E+,,,0.019999999552965164,0.0,,0.2250109165906906,0.04151180014014244,4.0,0.0,,,,,,,0.9872661683616897,4,4,庭院,乘坐,0.78119713,0.7745348,0.777866,0.1420726,0.051680304,0.09687646,,,,,
park,swing,M-E+,,,0.019999999552965164,0.0,,0.23091383278369904,0.027969934046268463,4.0,0.0,,,,,,,0.7583422603808034,4,5,庭院,转弯,0.78119713,0.5413396,0.66126835,0.1420726,0.026704676,0.08438864,,,,,
park,city,M-E+,,,0.014999999664723873,0.0,,0.13072270154953003,0.01699841581285,3.0,0.0,,,,,,,0.46319889784598206,4,4,庭院,都市,0.78119713,0.75122327,0.7662102,0.1420726,0.172527,0.1572998,,,,,
park,space,M-E+,,,0.014999999664723873,0.0,,0.10752447694540024,0.014997327700257301,3.0,0.0,,,,,,,1.2244743754406098,4,5,庭院,空间,0.78119713,0.6740433,0.72762024,0.1420726,0.266436,0.2042543,,,,,
partner,business,M+E+,合伙人,公司,0.09375,0.02482825331389904,,0.10175821185112,0.0806439220905304,15.0,3.0787031650543213,0.4524731040000915,0.4249863624572754,0.6563628315925598,0.2759147584438324,"[{'zh': '伙伴', 'rcs': 0.3023678064346313, 'w': 0.21343595171716997}, {'zh': '配偶', 'rcs': 0.2216929346323013, 'w': 0.13020124066499758}]","[{'zh': '生意', 'rcs': 0.2432301640510559, 'w': 0.2759147566427075}, {'zh': '商务', 'rcs': 0.3448265492916107, 'w': 0.2759147566427075}, {'zh': '企业', 'rcs': 0.4826708137989044, 'w': 0.09426350726000951}, {'zh': '商业', 'rcs': 0.4064939320087433, 'w': 0.07799222281186798}]",0.9518200010747507,7,8,合伙人,生意,0.57669294,0.7853264,0.68100965,0.20315306,0.1742466,0.18869983,,,,,
partner,movie,M+E-,合伙人,电影,0.0,0.02117299474775791,,0.03037412092089653,0.03970995172858238,0.0,2.6254513263702393,0.4524731040000915,0.40373095870018,0.6563628315925598,1.0,"[{'zh': '伙伴', 'rcs': 0.3023678064346313, 'w': 0.21343595171716997}, {'zh': '配偶', 'rcs': 0.2216929346323013, 'w': 0.13020124066499758}]",[],1.4130506832810847,7,5,合伙人,电影,0.57669294,0.75840205,0.66754746,0.20315306,0.6955069,0.44932997,,,,,
partner,share,M-E+,,,0.01875000074505806,0.0,,0.19529400765895844,0.024312982335686684,3.0,0.0,,,,,,,1.1081944593682407,7,5,合伙人,共享,0.57669294,0.63412535,0.60540915,0.20315306,0.016766874,0.10995997,,,,,
peach,pear,M+E+,桃子,梨,0.1130952388048172,0.019114933907985687,,0.5025886297225952,0.21680636703968048,19.0,1.720344066619873,0.4308467805385589,0.4103727638721466,0.43008601665496826,1.0,"[{'zh': '桃', 'rcs': 0.4020262956619262, 'w': 0.43008602373517}, {'zh': '粉红色', 'rcs': 0.2817367613315582, 'w': 0.13982795252965993}]",[],0.9688889546513637,5,4,桃子,梨,0.83259237,0.8297776,0.831185,0.33207098,0.8269221,0.57949656,,,,,
peach,plum,M+E+,桃子,李子,0.065476194024086,0.01433620136231184,,0.5414882898330688,0.27856671810150146,11.0,1.2902580499649048,0.4308467805385589,0.2348503172397613,0.43008601665496826,1.0,"[{'zh': '桃', 'rcs': 0.4020262956619262, 'w': 0.43008602373517}, {'zh': '粉红色', 'rcs': 0.2817367613315582, 'w': 0.13982795252965993}]",[],0.5913491175657004,5,4,桃子,李子,0.83259237,0.84066296,0.83662766,0.33207098,0.30576077,0.31891587,,,,,
peach,apple,M+E+,桃子,苹果,0.02976190485060215,0.02389366738498211,,0.35311996936798096,0.21882778406143188,5.0,2.150430202484131,0.4308467805385589,0.4181903004646301,0.43008601665496826,1.0,"[{'zh': '桃', 'rcs': 0.4020262956619262, 'w': 0.43008602373517}, {'zh': '粉红色', 'rcs': 0.2817367613315582, 'w': 0.13982795252965993}]",[],0.7162399692972792,5,5,桃子,苹果,0.83259237,0.8419381,0.83726525,0.33207098,0.2277003,0.27988565,,,,,
peach,booty,M+E-,桃子,屁股,0.0,0.019114933907985687,,0.04504431411623955,0.11689738184213638,0.0,1.720344066619873,0.4308467805385589,0.211815521121025,0.43008601665496826,1.0,"[{'zh': '桃', 'rcs': 0.4020262956619262, 'w': 0.43008602373517}, {'zh': '粉红色', 'rcs': 0.2817367613315582, 'w': 0.13982795252965993}]",[],0.5058041728493857,5,5,桃子,屁股,0.83259237,0.62284213,0.7277173,0.33207098,0.035338357,0.18370467,,,,,
peach,pit,M-E+,,,0.0535714291036129,0.0,,0.25116896629333496,0.007182436063885689,9.0,0.0,,,,,,,1.0678410222790646,5,3,桃子,坑,0.83259237,0.701578,0.7670852,0.33207098,0.015348896,0.17370993,,,,,
pearl,necklace,M+E+,珍珠,项链,0.13934426009655,0.13084112107753754,,0.5092113018035889,0.5909000039100647,34.0,14.0,0.4107668101787567,0.5170893669128418,1.0,1.0,[],[],1.480352247037012,5,8,珍珠,项链,0.8265486,0.78310484,0.80482674,0.78076476,0.5772478,0.6790063,,,,,
pearl,ocean,M+E+,珍珠,海洋,0.053278688341379166,0.013414883054792881,,0.16663755476474762,0.07771310955286026,13.0,1.4353924989700317,0.4107668101787567,0.4433759748935699,1.0,0.35884812474250793,[],"[{'zh': '大海', 'rcs': 0.346094936132431, 'w': 0.3276269301334425}, {'zh': '海', 'rcs': 0.212484985589981, 'w': 0.3135249423529021}]",0.3564514108336577,5,5,珍珠,海洋,0.8265486,0.855346,0.8409473,0.78076476,0.43111223,0.6059385,,,,,
pearl,sea,M+E+,珍珠,海洋,0.03688524663448334,0.011676586233079433,,0.24715380370616913,0.08093812316656113,9.0,1.2493947744369507,0.4107668101787567,0.3984117209911346,1.0,0.31234869360923767,[],"[{'zh': '海', 'rcs': 0.2446184605360031, 'w': 0.34962473494946494}, {'zh': '大海', 'rcs': 0.3686357140541076, 'w': 0.3380265618951504}]",1.2132245811181994,5,3,珍珠,海,0.8265486,0.86250806,0.8445283,0.78076476,0.3810418,0.5809033,,,,,
pearl,jewel,M+E+,珍珠,宝石,0.02049180306494236,0.024545609951019287,,0.43173450231552124,0.2528766691684723,5.0,2.626380205154419,0.4107668101787567,0.411543607711792,1.0,0.4377300441265106,[],"[{'zh': '珠宝', 'rcs': 0.2430872619152069, 'w': 0.43773005605716514}, {'zh': '宝贝', 'rcs': 0.2315229475498199, 'w': 0.12453988788566964}]",0.4254874836474074,5,5,珍珠,珠宝,0.8265486,0.78541195,0.80598027,0.78076476,0.2891245,0.53494465,,,,,
pearl,shell,M+E+,珍珠,贝壳,0.02049180306494236,0.05509789660573006,,0.27215898036956787,0.24028269946575165,5.0,5.895474910736084,0.4107668101787567,0.3945035934448242,1.0,0.42110535502433777,[],"[{'zh': '壳', 'rcs': 0.5318855047225952, 'w': 0.26131626209796166}, {'zh': '骨架', 'rcs': 0.4344162046909332, 'w': 0.18907589993328658}, {'zh': '炮弹', 'rcs': 0.3182783424854278, 'w': 0.1285024854830877}]",0.11286006423242621,5,5,珍珠,贝壳,0.8265486,0.8229971,0.82477283,0.78076476,0.36660066,0.5736827,,,,,
pearl,circle,M+E-,珍珠,圆,0.0,0.008088136091828346,,0.054400186985731125,0.06461881846189499,0.0,0.8654305934906006,0.4107668101787567,0.3139594197273254,1.0,0.2884768545627594,[],"[{'zh': '圆周', 'rcs': 0.2899746596813202, 'w': 0.2884768449289036}, {'zh': '圆圈', 'rcs': 0.4085624814033508, 'w': 0.15500026620728077}, {'zh': '环', 'rcs': 0.3163108229637146, 'w': 0.1345146566525419}, {'zh': '圆形', 'rcs': 0.3672444522380829, 'w': 0.13353138728237027}]",0.653248934376213,5,6,珍珠,圆周,0.8265486,0.7311723,0.77886045,0.78076476,0.10434064,0.4425527,,,,,
pearl,round,M-E+,,,0.02459016442298889,0.0,,0.051457203924655914,0.019300000742077827,6.0,0.0,,,,,,,1.1980539054256691,5,5,珍珠,回合,0.8265486,0.46832725,0.64743793,0.78076476,0.014070731,0.39741775,,,,,
permit,license,M+E+,允许,批准,0.15068493783473969,0.01660427637398243,,0.5085886716842651,0.17845943570137024,33.0,2.0921387672424316,0.4345122873783111,0.310280829668045,0.4184277653694153,1.0,"[{'zh': '许可证', 'rcs': 0.283940851688385, 'w': 0.5815722399568712}]",[],0.892925279091436,6,7,许可证,批准,0.73625207,0.685749,0.71100056,0.25300494,0.08826003,0.17063248,,,,,
permit,pilot,M+E-,许可证,驾驶,0.0,0.007752811070531607,,0.06447607278823853,0.07657089829444885,0.0,0.6822473406791687,0.283940851688385,0.3680535852909088,0.5815722346305847,0.39103618264198303,"[{'zh': '允许', 'rcs': 0.4345122873783111, 'w': 0.4184277600431287}]","[{'zh': '飞行员', 'rcs': 0.3652960658073425, 'w': 0.6089638127050316}]",1.3285077382970938,6,5,许可证,飞行员,0.73625207,0.78215045,0.7592013,0.25300494,0.4491975,0.35110122,,,,,
permit,access,M-E+,,,0.01826483942568302,0.0,,0.31808197498321533,0.029718341305851936,4.0,0.0,,,,,,,0.8511702331051085,6,6,许可证,使用,0.73625207,0.6346946,0.6854733,0.25300494,0.0035632392,0.12828408,,,,,
photo,camera,M+E+,照片,相机,0.15897436439990997,0.009999893605709076,,0.5456144213676453,0.0768219381570816,31.0,1.3699854612350464,0.4080589115619659,0.4744944870471954,0.3424963653087616,0.3333333432674408,"[{'zh': '图片', 'rcs': 0.319156140089035, 'w': 0.3611604036877704}, {'zh': '相片', 'rcs': 0.4264026284217834, 'w': 0.2963432284355887}]","[{'zh': '照相机', 'rcs': 0.4374339282512665, 'w': 0.3333333333333333}, {'zh': '摄像机', 'rcs': 0.4753681123256683, 'w': 0.3333333333333333}]",0.695712094642242,5,6,图片,相机,0.7584455,0.7588961,0.7586708,0.2050441,0.55002904,0.37753657,,,,,
photo,untie,M+E-,图片,打开,0.0,0.010318868793547153,,0.015655767172574997,0.06793426722288132,0.0,1.0834811925888062,0.319156140089035,0.3402752876281738,0.36116039752960205,1.0,"[{'zh': '照片', 'rcs': 0.4080589115619659, 'w': 0.34249636787664095}, {'zh': '相片', 'rcs': 0.4264026284217834, 'w': 0.2963432284355887}]",[],1.260880359203764,5,5,图片,打开,0.7584455,0.44019672,0.5993211,0.2050441,0.015188901,0.110116504,,,,,
photo,book,M-E+,,,0.015384615398943424,0.0,,0.12456423789262772,0.019141996279358864,3.0,0.0,,,,,,,1.2089395245444303,5,4,图片,本子,0.7584455,0.7431709,0.75080824,0.2050441,0.25095463,0.22799936,,,,,
photo,light,M-E+,,,0.015384615398943424,0.0,,0.04740019142627716,0.006234398577362299,3.0,0.0,,,,,,,1.264294060024715,5,5,图片,电灯,0.7584455,0.7564144,0.75742996,0.2050441,0.788583,0.49681354,,,,,
pier,boat,M+E+,码头,船,0.12568305432796478,0.07238984107971191,,0.4772398769855499,0.3188665211200714,23.0,6.370306015014648,0.5837805867195129,0.562246561050415,1.0,0.335279256105423,[],"[{'zh': '小船', 'rcs': 0.533439040184021, 'w': 0.6647207355631239}]",1.4782714711335174,4,4,码头,小船,0.7989633,0.82973105,0.81434715,0.23891924,0.2317743,0.23534676,,,,,
pier,sea,M+E+,码头,海,0.09836065769195557,0.011919025331735611,,0.35644766688346863,0.1370878517627716,18.0,1.0488741397857666,0.5837805867195129,0.2446184605360031,1.0,0.34962472319602966,[],"[{'zh': '大海', 'rcs': 0.3686357140541076, 'w': 0.3380265618951504}, {'zh': '海洋', 'rcs': 0.3984117209911346, 'w': 0.3123487031553847}]",1.2996766859428048,4,3,码头,海,0.7989633,0.86250806,0.8307357,0.23891924,0.3810418,0.3099805,,,,,
pier,ocean,M+E+,码头,大海,0.04371584579348564,0.011169101111590862,,0.2974244952201843,0.13203366100788116,8.0,0.9828808307647705,0.5837805867195129,0.346094936132431,1.0,0.32762694358825684,[],"[{'zh': '海洋', 'rcs': 0.4433759748935699, 'w': 0.3588481275136553}, {'zh': '海', 'rcs': 0.212484985589981, 'w': 0.3135249423529021}]",0.9849006918788201,4,5,码头,海洋,0.7989633,0.855346,0.82715464,0.23891924,0.43111223,0.33501574,,,,,
pier,ship,M+E+,码头,船,0.016393441706895828,0.21590909361839294,,0.41882190108299255,0.6294000148773193,3.0,19.0,0.5837805867195129,0.5217533111572266,1.0,1.0,[],[],1.485276092167485,4,4,码头,船,0.7989633,0.8279798,0.81347156,0.23891924,0.54570097,0.3923101,,,,,
pier,worker,M+E-,码头,工人,0.0,0.014673507772386074,,0.028162173926830292,0.0437309630215168,0.0,1.2912685871124268,0.5837805867195129,0.4522655606269836,1.0,0.4304228723049164,[],"[{'zh': '雇员', 'rcs': 0.3635508120059967, 'w': 0.24003656820420624}, {'zh': '员工', 'rcs': 0.4414107203483581, 'w': 0.23406585525535825}, {'zh': '人员', 'rcs': 0.2698992788791656, 'w': 0.09547470990835677}]",1.0094987540097655,4,6,码头,工人,0.7989633,0.72683734,0.76290035,0.23891924,0.21142602,0.22517264,,,,,
pier,wood,M-E+,,,0.02185792289674282,0.0,,0.10937962681055069,0.017930250614881516,4.0,0.0,,,,,,,0.7946395221870171,4,4,码头,林地,0.7989633,0.72057724,0.7597703,0.23891924,0.37188697,0.3054031,,,,,
pizza,cheese,M+E+,披萨,芝士,0.23618090152740479,0.05494505912065506,,0.45778217911720276,0.233433336019516,47.0,5.0,0.4875780642032623,0.6471855640411377,1.0,0.3333333432674408,[],"[{'zh': '起司', 'rcs': 0.648933470249176, 'w': 0.3333333333333333}, {'zh': '奶酪', 'rcs': 0.6327145099639893, 'w': 0.3333333333333333}]",0.5666334180369632,5,6,披萨,起司,0.8528188,0.8603194,0.85656905,0.7130328,0.47317386,0.5931033,,,,,
pizza,bacon,M+E+,披萨,培根,0.015075377188622952,0.04395604506134987,,0.42894813418388367,0.6880000233650208,3.0,4.0,0.4875780642032623,0.352201908826828,1.0,1.0,[],[],0.5688288613580702,5,5,披萨,培根,0.8528188,0.86359084,0.85820484,0.7130328,0.31062937,0.51183105,,,,,
pizza,touch,M+E-,披萨,吃,0.0,0.013449491932988167,,0.010158332996070385,0.14267659187316895,0.0,1.223903775215149,0.4875780642032623,0.2017240822315216,1.0,0.30597594380378723,[],"[{'zh': '触摸', 'rcs': 0.3498248159885406, 'w': 0.6222482817801144}, {'zh': '打', 'rcs': 0.2069639414548874, 'w': 0.07177576707765093}]",1.3349499038571713,5,5,披萨,触摸,0.8528188,0.5634652,0.708142,0.7130328,0.24174066,0.4773867,,,,,
pizza,round,M-E+,,,0.030150754377245903,0.0,,0.08615222573280334,0.0203000009059906,6.0,0.0,,,,,,,1.0943654434978753,5,5,披萨,回合,0.8528188,0.46832725,0.660573,0.7130328,0.014070731,0.36355177,,,,,
plant,animal,M+E+,植物,动物,0.035211268812417984,0.01134171336889267,,0.0906151533126831,0.019431231543421745,5.0,1.2816134691238403,0.4080849587917328,0.5035275816917419,0.1669940948486328,0.5903541445732117,"[{'zh': '设备', 'rcs': 0.2381909489631652, 'w': 0.4180537806850469}, {'zh': '播种', 'rcs': 0.3342699110507965, 'w': 0.20092637177637448}, {'zh': '种植', 'rcs': 0.3710850477218628, 'w': 0.1275964458819257}, {'zh': '工厂', 'rcs': 0.2790567874908447, 'w': 0.08642930388166525}]","[{'zh': '兽', 'rcs': 0.3038774132728576, 'w': 0.2910345454408785}, {'zh': '牲畜', 'rcs': 0.2842504382133484, 'w': 0.11861132141469986}]",0.5727051357071098,5,6,设备,动物,0.5745459,0.84472525,0.7096356,0.09775641,0.6573555,0.37755594,,,,,
plant,seed,M+E+,播种,种子,0.035211268812417984,0.00946693867444992,,0.4020313322544098,0.05656569078564644,5.0,1.1360327005386353,0.3342699110507965,0.4328450262546539,0.20092637836933136,0.43492114543914795,"[{'zh': '设备', 'rcs': 0.2381909489631652, 'w': 0.4180537806850469}, {'zh': '植物', 'rcs': 0.4080849587917328, 'w': 0.1669940977749877}, {'zh': '种植', 'rcs': 0.3710850477218628, 'w': 0.1275964458819257}, {'zh': '工厂', 'rcs': 0.2790567874908447, 'w': 0.08642930388166525}]","[{'zh': '籽', 'rcs': 0.4173360764980316, 'w': 0.434921139194548}, {'zh': '繁殖', 'rcs': 0.2529305219650268, 'w': 0.06821957904804797}, {'zh': '精液', 'rcs': 0.2777043282985687, 'w': 0.06193814256285602}]",0.8520953319240735,5,4,设备,籽,0.5745459,0.81559324,0.69506955,0.09775641,0.15176314,0.12475978,,,,,
plant,phone,M+E-,设备,手机,0.0,0.012973971664905548,,0.012396801263093948,0.0832282304763794,0.0,1.6606683731079102,0.2381909489631652,0.4162161350250244,0.4180537760257721,0.3310316503047943,"[{'zh': '播种', 'rcs': 0.3342699110507965, 'w': 0.20092637177637448}, {'zh': '植物', 'rcs': 0.4080849587917328, 'w': 0.1669940977749877}, {'zh': '种植', 'rcs': 0.3710850477218628, 'w': 0.1275964458819257}, {'zh': '工厂', 'rcs': 0.2790567874908447, 'w': 0.08642930388166525}]","[{'zh': '电话', 'rcs': 0.4296647608280182, 'w': 0.6689683530984972}]",1.2359967962157237,5,5,设备,电话,0.5745459,0.7446308,0.65958834,0.09775641,0.08842685,0.09309163,,,,,
plant,machine,M+E-,设备,机械,0.0,0.008300594054162502,,0.05564330518245697,0.09453663975000381,0.0,1.0624760389328003,0.2381909489631652,0.3681373298168182,0.4180537760257721,0.31768521666526794,"[{'zh': '播种', 'rcs': 0.3342699110507965, 'w': 0.20092637177637448}, {'zh': '植物', 'rcs': 0.4080849587917328, 'w': 0.1669940977749877}, {'zh': '种植', 'rcs': 0.3710850477218628, 'w': 0.1275964458819257}, {'zh': '工厂', 'rcs': 0.2790567874908447, 'w': 0.08642930388166525}]","[{'zh': '机器', 'rcs': 0.403625875711441, 'w': 0.4521798033516054}, {'zh': '制造', 'rcs': 0.2593474090099334, 'w': 0.23013497577752465}]",1.1935130444597777,5,7,设备,机器,0.5745459,0.76626587,0.67040586,0.09775641,0.51058114,0.30416876,,,,,
plant,worker,M+E-,工厂,工人,0.0,0.007737839128822088,,0.03799865022301674,0.024309882894158363,0.0,0.9672298431396484,0.2790567874908447,0.4522655606269836,0.08642930537462234,0.4304228723049164,"[{'zh': '设备', 'rcs': 0.2381909489631652, 'w': 0.4180537806850469}, {'zh': '播种', 'rcs': 0.3342699110507965, 'w': 0.20092637177637448}, {'zh': '植物', 'rcs': 0.4080849587917328, 'w': 0.1669940977749877}, {'zh': '种植', 'rcs': 0.3710850477218628, 'w': 0.1275964458819257}]","[{'zh': '雇员', 'rcs': 0.3635508120059967, 'w': 0.24003656820420624}, {'zh': '员工', 'rcs': 0.4414107203483581, 'w': 0.23406585525535825}, {'zh': '人员', 'rcs': 0.2698992788791656, 'w': 0.09547470990835677}]",0.7146633270632172,5,6,设备,工人,0.5745459,0.72683734,0.6506916,0.09775641,0.21142602,0.15459122,,,,,
plant,pot,M-E+,,,0.07042253762483597,0.0,,0.25811558961868286,0.005728677846491337,10.0,0.0,,,,,,,0.9776846207647333,5,3,设备,锅,0.5745459,0.7677407,0.6711433,0.09775641,0.2769282,0.1873423,,,,,
plastic,bottle,M+E+,塑料,瓶子,0.08376963436603546,0.010644658468663692,,0.20592880249023438,0.12404432147741318,16.0,1.1070444583892822,0.5795463919639587,0.4807119071483612,0.6063872575759888,0.45640984177589417,"[{'zh': '塑料袋', 'rcs': 0.5784884095191956, 'w': 0.3936127258296985}]","[{'zh': '奶瓶', 'rcs': 0.5026694536209106, 'w': 0.45640985357178115}, {'zh': '酒', 'rcs': 0.38345867395401, 'w': 0.08718029285643766}]",0.7329093323376626,7,6,塑料,瓶子,0.79986227,0.71386576,0.756864,0.16726188,0.16522732,0.1662446,,,,,
plastic,trash,M+E+,塑料袋,垃圾,0.015706805512309074,0.06898366659879684,,0.24659085273742676,0.22563669085502625,3.0,6.691416263580322,0.5784884095191956,0.3267360925674438,0.39361271262168884,1.0,"[{'zh': '塑料', 'rcs': 0.5795463919639587, 'w': 0.6063872741703015}]",[],0.9788712022544351,7,5,塑料,垃圾,0.79986227,0.740503,0.7701826,0.16726188,0.14213039,0.15469614,,,,,
plastic,sack,M+E-,塑料,袋子,0.0,0.029153233394026756,,0.06335754692554474,0.22775906324386597,0.0,3.0319361686706543,0.5795463919639587,0.2280734628438949,0.6063872575759888,1.0,"[{'zh': '塑料袋', 'rcs': 0.5784884095191956, 'w': 0.3936127258296985}]",[],1.4701775964521016,7,4,塑料,袋子,0.79986227,0.7359671,0.76791465,0.16726188,0.12801418,0.14763802,,,,,
plastic,surgery,M-E+,,,0.04712041839957237,0.0,,0.0624215267598629,0.024134213104844093,9.0,0.0,,,,,,,0.5140818938782655,7,7,塑料,手术,0.79986227,0.787066,0.7934641,0.16726188,0.16315109,0.16520649,,,,,
play,music,M+E+,演奏,音乐,0.03086419776082039,0.014610395766794682,,0.24272440373897552,0.12906956672668457,5.0,1.8993515968322754,0.2141535431146621,0.435087114572525,0.4447523355484009,0.3882347643375397,"[{'zh': '踢', 'rcs': 0.2136974483728408, 'w': 0.5552476694749321}]","[{'zh': '乐谱', 'rcs': 0.2720466256141662, 'w': 0.38823476818978614}, {'zh': '乐曲', 'rcs': 0.3667509257793426, 'w': 0.2235304636204278}]",1.203938004893835,4,5,踢,音乐,0.665364,0.8164149,0.74088943,0.61946994,0.3563554,0.48791265,,,,,
play,shoot,M+E-,踢,打,0.0,0.028474239632487297,,0.015216454863548279,0.2054416388273239,0.0,2.2209906578063965,0.2136974483728408,0.2243861258029937,0.5552476644515991,1.0,"[{'zh': '演奏', 'rcs': 0.2141535431146621, 'w': 0.44475233052506785}]",[],0.9346509689049934,4,5,踢,打,0.665364,0.64301664,0.6541903,0.61946994,0.015719948,0.31759495,,,,,
play,time,M-E+,,,0.02469135820865631,0.0,,0.03574642166495323,0.006107724271714687,4.0,0.0,,,,,,,0.9380188367710408,4,4,踢,时间,0.665364,0.7420077,0.7036859,0.61946994,0.075383686,0.3474268,,,,,
play,work,M-E+,,,0.02469135820865631,0.0,,0.09527603536844254,0.020320331677794456,4.0,0.0,,,,,,,0.49297067181518234,4,4,踢,著作,0.665364,0.66201013,0.6636871,0.61946994,0.07402858,0.34674925,,,,,
play,act,M-E+,,,0.018518518656492233,0.0,,0.24189382791519165,0.004563145339488983,3.0,0.0,,,,,,,1.0837769249245541,4,3,踢,法令,0.665364,0.48433697,0.5748505,0.61946994,0.046152566,0.33281127,,,,,
plug,wire,M+E+,插头,电线,0.034682080149650574,0.028668051585555077,,0.2865450978279114,0.2962692677974701,6.0,1.978095531463623,0.4740006327629089,0.4526078999042511,0.7244082689285278,0.6826590895652771,"[{'zh': '射击', 'rcs': 0.2009297460317611, 'w': 0.14859924619000328}, {'zh': '插入', 'rcs': 0.3141502737998962, 'w': 0.1269924906906099}]","[{'zh': '电缆', 'rcs': 0.4007912278175354, 'w': 0.3173408934969921}]",0.5301885048821507,4,4,插头,电线,0.6861574,0.7544293,0.72029334,0.048552215,0.2629307,0.15574145,,,,,
plug,bullet,M+E-,射击,子弹,0.0,0.011065901257097721,,0.02336135134100914,0.07868330180644989,0.0,1.0401947498321533,0.2009297460317611,0.4223982095718384,0.14859925210475922,1.0,"[{'zh': '插头', 'rcs': 0.4740006327629089, 'w': 0.7244082631193868}, {'zh': '插入', 'rcs': 0.3141502737998962, 'w': 0.1269924906906099}]",[],1.2112814907434781,4,6,插头,子弹,0.6861574,0.8177105,0.75193393,0.048552215,0.13625708,0.09240465,,,,,
plug,title,M+E-,射击,冠军,0.0,0.007904215715825558,,0.016352256760001183,0.06287234276533127,0.0,0.7429962754249573,0.2009297460317611,0.2084692567586898,0.14859925210475922,1.0,"[{'zh': '插头', 'rcs': 0.4740006327629089, 'w': 0.7244082631193868}, {'zh': '插入', 'rcs': 0.3141502737998962, 'w': 0.1269924906906099}]",[],1.363698148404961,4,5,插头,冠军,0.6861574,0.3663952,0.5262763,0.048552215,0.0030042636,0.02577824,,,,,
plug,socket,M-E+,,,0.080924853682518,0.0,,0.4289771318435669,0.03216372802853584,14.0,0.0,,,,,,,1.4286304498210074,4,6,插头,槽,0.6861574,0.5393234,0.6127404,0.048552215,0.0070969793,0.027824597,,,,,
plug,sink,M-E+,,,0.05202312022447586,0.0,,0.26382097601890564,0.008922562003135681,9.0,0.0,,,,,,,0.2784828406668347,4,4,插头,挖,0.6861574,0.578077,0.6321172,0.048552215,0.12548529,0.08701875,,,,,
plug,bath,M-E+,,,0.04624277353286743,0.0,,0.16416677832603455,0.011180414818227291,8.0,0.0,,,,,,,0.6232887324524783,4,4,插头,淋浴,0.6861574,0.77919805,0.7326777,0.048552215,0.3128329,0.18069255,,,,,
plug,tobacco,M-E+,,,0.028901733458042145,0.0,,0.08076988160610199,0.008185642771422863,5.0,0.0,,,,,,,1.4885008565186446,4,7,插头,烟草,0.6861574,0.7778267,0.73199207,0.048552215,0.24183865,0.14519542,,,,,
pocket,pants,M+E+,口袋,裤子,0.10047847032546997,0.00842541828751564,,0.16693443059921265,0.08234737068414688,21.0,0.9183706045150757,0.4073184132575989,0.5325920581817627,1.0,0.22959265112876892,[],"[{'zh': '裤', 'rcs': 0.5033533573150635, 'w': 0.22666493699366944}, {'zh': '长裤', 'rcs': 0.4558230638504028, 'w': 0.20629720192838058}, {'zh': '短裤', 'rcs': 0.4888901114463806, 'w': 0.18459931658294818}, {'zh': '牛仔裤', 'rcs': 0.4652194082736969, 'w': 0.1528458961932007}]",0.5798664414030273,6,5,口袋,裤子,0.79961663,0.81233823,0.80597746,0.12936984,0.58007216,0.354721,,,,,
pocket,wallet,M+E+,口袋,钱包,0.04784689098596573,0.027522936463356018,,0.42699891328811646,0.3693999946117401,10.0,3.0,0.4073184132575989,0.4710251688957214,1.0,1.0,[],[],0.27118036384305955,6,6,口袋,钱包,0.79961663,0.7847791,0.7921978,0.12936984,0.5147597,0.3220648,,,,,
pocket,phone,M+E+,口袋,手机,0.03349282220005989,0.01822192594408989,,0.05067010968923569,0.03846587613224983,7.0,1.986189842224121,0.4073184132575989,0.4162161350250244,1.0,0.3310316503047943,[],"[{'zh': '电话', 'rcs': 0.4296647608280182, 'w': 0.6689683530984972}]",1.2080349000407113,6,5,口袋,电话,0.79961663,0.7446308,0.7721237,0.12936984,0.08842685,0.10889834,,,,,
pocket,thread,M+E-,口袋,衣服,0.0,0.043264035135507584,,0.05628661811351776,0.18592040240764618,0.0,4.715779781341553,0.4073184132575989,0.2073432207107544,1.0,0.24819894134998322,[],"[{'zh': '穿', 'rcs': 0.2127098888158798, 'w': 0.7518010622210529}]",1.0541994846951914,6,6,口袋,穿,0.79961663,0.64790684,0.72376174,0.12936984,0.026098285,0.07773406,,,,,
pocket,watch,M-E+,,,0.11483253538608551,0.0,,0.10380125790834427,0.008725103922188282,24.0,0.0,,,,,,,1.2983701786014872,6,5,口袋,观看,0.79961663,0.5612938,0.6804552,0.12936984,0.052115336,0.09074259,,,,,
pocket,knife,M-E+,,,0.028708133846521378,0.0,,0.04442635923624039,0.03238558769226074,6.0,0.0,,,,,,,0.547006982827571,6,5,口袋,刀子,0.79961663,0.8075766,0.8035966,0.12936984,0.6887677,0.40906876,,,,,
point,line,M+E+,点,线,0.021164020523428917,0.02575063519179821,,0.18468338251113892,0.08702684193849564,4.0,2.884071111679077,0.3204222619533539,0.4034498035907745,0.3739158809185028,0.23032617568969727,"[{'zh': '指向', 'rcs': 0.212674081325531, 'w': 0.6260841173501939}]","[{'zh': '方向', 'rcs': 0.4249743223190307, 'w': 0.2303261796428334}, {'zh': '流水线', 'rcs': 0.248710811138153, 'w': 0.2303261796428334}, {'zh': '界线', 'rcs': 0.2182538956403732, 'w': 0.2303261796428334}, {'zh': '方位', 'rcs': 0.2573383748531341, 'w': 0.07869528142866646}]",1.1491071782281643,5,4,指向,方向,0.72487867,0.69989914,0.7123889,0.10333664,0.09583786,0.09958725,,,,,
point,south,M+E-,指向,南方,0.0,0.011180073954164982,,0.06250499933958054,0.14568977057933807,0.0,1.2521681785583496,0.212674081325531,0.3880094289779663,0.6260840892791748,0.5,"[{'zh': '点', 'rcs': 0.3204222619533539, 'w': 0.37391588264980624}]","[{'zh': '南', 'rcs': 0.3171619772911072, 'w': 0.5}]",0.8194711416378487,5,5,指向,南方,0.72487867,0.7191625,0.7220206,0.10333664,0.74344075,0.4233887,,,,,
point,sharp,M-E+,,,0.11640211939811707,0.0,,0.21795731782913208,0.018180454149842262,22.0,0.0,,,,,,,1.3176027955431653,5,5,指向,锋利,0.72487867,0.7699418,0.74741024,0.10333664,0.57118124,0.33725893,,,,,
point,shoot,M-E+,,,0.026455026119947433,0.0,,0.1426578164100647,0.014650367200374603,5.0,0.0,,,,,,,0.576844917243168,5,5,指向,打,0.72487867,0.64301664,0.6839477,0.10333664,0.015719948,0.059528295,,,,,
point,view,M-E+,,,0.021164020523428917,0.0,,0.1402035802602768,0.02523873932659626,4.0,0.0,,,,,,,1.1075360807333783,5,4,指向,视野,0.72487867,0.6462934,0.68558604,0.10333664,0.06201171,0.082674176,,,,,
point,reason,M-E+,,,0.01587301678955555,0.0,,0.13819140195846558,0.013703650794923306,3.0,0.0,,,,,,,1.4542911304117079,5,6,指向,理性,0.72487867,0.73526216,0.7300704,0.10333664,0.34642443,0.22488053,,,,,
pool,swim,M+E+,水池,游泳,0.10775861889123917,0.029670357704162598,,0.43337875604629517,0.08199800550937653,25.0,3.3824210166931152,0.4459186792373657,0.2599096298217773,0.19896593689918518,1.0,"[{'zh': '水坑', 'rcs': 0.319256991147995, 'w': 0.6096506105009666}, {'zh': '池塘', 'rcs': 0.3448101282119751, 'w': 0.19138345259482803}]",[],0.38179333747736505,4,4,水坑,游泳,0.66579133,0.75890666,0.712349,0.3720415,0.42403856,0.39804003,,,,,
pool,auto,M+E-,水坑,汽车,0.0,0.019252125173807144,,0.013602430000901222,0.04450449347496033,0.0,1.8289518356323242,0.319256991147995,0.4339776635169983,0.6096506118774414,1.0,"[{'zh': '水池', 'rcs': 0.4459186792373657, 'w': 0.1989659369042054}, {'zh': '池塘', 'rcs': 0.3448101282119751, 'w': 0.19138345259482803}]",[],1.2159776377629392,4,4,水坑,汽车,0.66579133,0.7357835,0.7007874,0.3720415,0.04260072,0.2073211,,,,,
pool,table,M-E+,,,0.025862064212560654,0.0,,0.053848568350076675,0.009429262951016426,6.0,0.0,,,,,,,0.6649205693153846,4,5,水坑,表,0.66579133,0.6845784,0.67518485,0.3720415,0.04760247,0.20982198,,,,,
pool,party,M-E+,,,0.021551720798015594,0.0,,0.05186116322875023,0.00417610676959157,5.0,0.0,,,,,,,1.2900607109963813,4,5,水坑,党派,0.66579133,0.5295197,0.59765553,0.3720415,0.051740978,0.21189123,,,,,
pool,ball,M-E+,,,0.012931032106280327,0.0,,0.07567546516656876,0.02249610610306263,3.0,0.0,,,,,,,0.48504789179825136,4,4,水坑,球,0.66579133,0.7559591,0.7108752,0.3720415,0.19173166,0.28188658,,,,,
pool,sun,M-E+,,,0.012931032106280327,0.0,,0.11334376037120819,0.024296628311276436,3.0,0.0,,,,,,,0.5328550953325819,4,3,水坑,太阳,0.66579133,0.758567,0.7121792,0.3720415,0.6526273,0.5123344,,,,,
post,letter,M+E+,邮政,信件,0.04954954609274864,0.01259947381913662,,0.37631380558013916,0.3460654318332672,11.0,1.1969499588012695,0.2057422846555709,0.4592893123626709,1.0,0.39898332953453064,[],"[{'zh': '书信', 'rcs': 0.4381456077098846, 'w': 0.601016682430027}]",1.1564263533615426,4,6,邮政,书信,0.6693432,0.72047174,0.6949074,0.055568572,0.36632788,0.21094823,,,,,
post,stamp,M+E+,邮政,邮票,0.018018020316958427,0.028766609728336334,,0.29956698417663574,0.30489251017570496,4.0,2.732828140258789,0.2057422846555709,0.516403079032898,1.0,0.45547133684158325,[],"[{'zh': '贴', 'rcs': 0.2576663494110107, 'w': 0.4554713490238911}, {'zh': '戳', 'rcs': 0.2337913513183593, 'w': 0.08905730195221785}]",1.1040135345858018,4,5,邮政,贴,0.6693432,0.709393,0.6893681,0.055568572,0.18696253,0.12126555,,,,,
post,slow,M+E-,邮政,慢,0.0,0.12631578743457794,,0.04101526737213135,0.1509999930858612,0.0,12.0,0.2057422846555709,0.3522450625896454,1.0,1.0,[],[],1.0600366572913158,4,4,邮政,慢,0.6693432,0.7629393,0.7161412,0.055568572,0.34552816,0.20054837,,,,,
post,bank,M+E-,邮政,银行,0.0,0.021052632480859756,,0.04767383635044098,0.11509999632835388,0.0,2.0,0.2057422846555709,0.4086461961269378,1.0,0.5,[],"[{'zh': '存款', 'rcs': 0.2118488401174545, 'w': 0.5}]",0.6878304446340693,4,4,邮政,银行,0.6693432,0.775044,0.7221936,0.055568572,0.12895085,0.09225971,,,,,
post,pole,M-E+,,,0.04054054245352745,0.0,,0.10550733655691147,0.01140000019222498,9.0,0.0,,,,,,,0.6123874662146336,4,4,邮政,杆,0.6693432,0.7120809,0.69071203,0.055568572,0.0055285897,0.03054858,,,,,
post,list,M-E+,,,0.013513518497347832,0.0,,0.10490690171718597,0.03151416778564453,3.0,0.0,,,,,,,0.5069340094965954,4,4,邮政,名单,0.6693432,0.718707,0.6940251,0.055568572,0.32911465,0.19234161,,,,,
price,cheap,M+E+,价格,便宜,0.03333333507180214,0.021506953984498978,,0.32131826877593994,0.22690348327159882,5.0,2.5163135528564453,0.4837864637374878,0.3340787291526794,0.2096928060054779,1.0,"[{'zh': '价钱', 'rcs': 0.4498681724071502, 'w': 0.3553696081435182}, {'zh': '物价', 'rcs': 0.3492785096168518, 'w': 0.3553696081435182}, {'zh': '价值', 'rcs': 0.2507137060165405, 'w': 0.07956798047614799}]",[],1.4381010784118196,5,5,价钱,便宜,0.7623695,0.74698913,0.7546793,0.11998045,0.09278635,0.1063834,,,,,
price,swell,M+E-,物价,膨胀,0.0,0.010661087930202484,,0.015014294534921646,0.06830203533172607,0.0,1.0661088228225708,0.3492785096168518,0.315294086933136,0.35536959767341614,1.0,"[{'zh': '价钱', 'rcs': 0.4498681724071502, 'w': 0.3553696081435182}, {'zh': '价格', 'rcs': 0.4837864637374878, 'w': 0.20969280323681555}, {'zh': '价值', 'rcs': 0.2507137060165405, 'w': 0.07956798047614799}]",[],0.5908229062145707,5,5,价钱,膨胀,0.7623695,0.6093914,0.6858804,0.11998045,0.048673492,0.08432697,,,,,
price,line,M-E+,,,0.019999993965029716,0.0,,0.04551044479012489,0.005475826561450958,3.0,0.0,,,,,,,1.1969275239404924,5,4,价钱,方向,0.7623695,0.69989914,0.7311343,0.11998045,0.09583786,0.10790916,,,,,
prick,needle,M+E+,刺痛,针,0.1145833283662796,0.03536413237452507,,0.38331642746925354,0.16004863381385803,22.0,3.677870035171509,0.3895090222358703,0.5263547301292419,0.7018048763275146,0.43671563267707825,"[{'zh': '戳', 'rcs': 0.2868856191635132, 'w': 0.15544444387061235}, {'zh': '刺', 'rcs': 0.2932660281658172, 'w': 0.14275065848627358}]","[{'zh': '针头', 'rcs': 0.5342175364494324, 'w': 0.43671563189910584}, {'zh': '指针', 'rcs': 0.2426190823316574, 'w': 0.1265687362017882}]",1.074851650250198,5,6,刺痛,针,0.6934977,0.7083572,0.7009275,0.314972,0.23918825,0.27708012,,,,,
prick,skin,M+E-,刺痛,皮肤,0.0,0.009695562534034252,,0.05535609647631645,0.0604667067527771,0.0,1.0083385705947876,0.3895090222358703,0.5646045207977295,0.7018048763275146,0.4789263606071472,"[{'zh': '戳', 'rcs': 0.2868856191635132, 'w': 0.15544444387061235}, {'zh': '刺', 'rcs': 0.2932660281658172, 'w': 0.14275065848627358}]","[{'zh': '壳', 'rcs': 0.3820466101169586, 'w': 0.1817293657600022}, {'zh': '剥皮', 'rcs': 0.3006784617900848, 'w': 0.17885542186769768}, {'zh': '毛皮', 'rcs': 0.363589197397232, 'w': 0.16048884487323642}]",1.136615017146518,5,4,刺痛,皮肤,0.6934977,0.7957984,0.7446481,0.314972,0.27219588,0.29358393,,,,,
prick,pin,M-E+,,,0.0885416716337204,0.0,,0.23713205754756927,0.010809711180627346,17.0,0.0,,,,,,,1.3571274958740545,5,3,刺痛,旗杆,0.6934977,0.6037958,0.6486468,0.314972,0.0131251495,0.16404858,,,,,
prick,sting,M-E+,,,0.015625005587935448,0.0,,0.2553893029689789,0.01340447273105383,3.0,0.0,,,,,,,0.6010713136389357,5,5,刺痛,圈套,0.6934977,0.5000558,0.5967767,0.314972,0.0004367496,0.15770438,,,,,
pride,self,M+E+,尊严,自我,0.031446538865566254,0.008110076189041138,,0.13220219314098358,0.08299581706523895,5.0,0.8921083211898804,0.2253341674804687,0.3800668716430664,0.29736945033073425,1.0,"[{'zh': '骄傲', 'rcs': 0.3151247203350067, 'w': 0.2973694544944415}, {'zh': '自尊', 'rcs': 0.2370536029338836, 'w': 0.2973694544944415}, {'zh': '自豪', 'rcs': 0.2850638329982757, 'w': 0.07522034144440762}, {'zh': '傲慢', 'rcs': 0.2085755765438079, 'w': 0.03267129507226793}]",[],1.4775966091028196,5,4,骄傲,自我,0.7580548,0.7133737,0.73571426,0.55026346,0.16931188,0.35978767,,,,,
pride,modest,M+E-,骄傲,谦虚,0.0,0.015651023015379906,,0.06499240547418594,0.1278688609600067,0.0,1.7842166423797607,0.3151247203350067,0.2412444353103637,0.29736945033073425,1.0,"[{'zh': '自尊', 'rcs': 0.2370536029338836, 'w': 0.2973694544944415}, {'zh': '尊严', 'rcs': 0.2253341674804687, 'w': 0.2973694544944415}, {'zh': '自豪', 'rcs': 0.2850638329982757, 'w': 0.07522034144440762}, {'zh': '傲慢', 'rcs': 0.2085755765438079, 'w': 0.03267129507226793}]",[],1.095133011818632,5,6,骄傲,谦虚,0.7580548,0.6624426,0.7102487,0.55026346,0.020354576,0.28530902,,,,,
pride,sin,M-E+,,,0.031446538865566254,0.0,,0.12890157103538513,0.0038063290994614363,5.0,0.0,,,,,,,1.0305275181717275,5,3,骄傲,犯罪,0.7580548,0.68510514,0.72157997,0.55026346,0.100251794,0.32525763,,,,,
prince,queen,M+E+,国王,王后,0.05365854129195213,0.013245295733213425,,0.5096243619918823,0.12356587499380112,11.0,1.5894354581832886,0.4750861227512359,0.374015063047409,0.298019140958786,0.3333333432674408,"[{'zh': '王子', 'rcs': 0.2860147953033447, 'w': 0.6380337896361722}, {'zh': '贵族', 'rcs': 0.3622331321239471, 'w': 0.06394705671830593}]","[{'zh': '女王', 'rcs': 0.3969371914863586, 'w': 0.3333333333333333}, {'zh': '皇后', 'rcs': 0.3590055704116821, 'w': 0.3333333333333333}]",0.49638803169756024,6,5,王子,王后,0.7846712,0.7987373,0.79170424,0.70466113,0.523819,0.61424005,,,,,
prince,castle,M+E+,王子,城堡,0.02926829271018505,0.01160061452537775,,0.31833332777023315,0.17635254561901093,6.0,1.2760676145553589,0.2860147953033447,0.5318081378936768,0.6380338072776794,0.5,"[{'zh': '国王', 'rcs': 0.4750861227512359, 'w': 0.2980191536455219}, {'zh': '贵族', 'rcs': 0.3622331321239471, 'w': 0.06394705671830593}]","[{'zh': '堡垒', 'rcs': 0.4431787431240082, 'w': 0.5}]",0.6293404814828918,6,6,王子,堡垒,0.7846712,0.72691524,0.7557932,0.70466113,0.17743959,0.44105035,,,,,
prince,kingdom,M+E+,国王,王国,0.024390248581767082,0.012417464517056942,,0.46001777052879333,0.38243746757507324,5.0,1.4900957345962524,0.4750861227512359,0.4409701824188232,0.298019140958786,1.0,"[{'zh': '王子', 'rcs': 0.2860147953033447, 'w': 0.6380337896361722}, {'zh': '贵族', 'rcs': 0.3622331321239471, 'w': 0.06394705671830593}]",[],0.9880254273250928,6,7,王子,王国,0.7846712,0.7754183,0.78004473,0.70466113,0.27346176,0.48906144,,,,,
prince,state,M+E-,国王,国家,0.0,0.016408368945121765,,0.04594086483120918,0.04412757232785225,0.0,1.9690042734146118,0.4750861227512359,0.2936394810676574,0.298019140958786,0.734108030796051,"[{'zh': '王子', 'rcs': 0.2860147953033447, 'w': 0.6380337896361722}, {'zh': '贵族', 'rcs': 0.3622331321239471, 'w': 0.06394705671830593}]","[{'zh': '规定', 'rcs': 0.2473006099462509, 'w': 0.26589196465579745}]",1.0951893977832292,6,5,王子,国家,0.7846712,0.7015089,0.74309003,0.70466113,0.25638014,0.48052064,,,,,
prince,singer,M-E+,,,0.024390248581767082,0.0,,0.12647631764411926,0.0378992073237896,5.0,0.0,,,,,,,0.59486391242989,6,6,王子,歌手,0.7846712,0.78461635,0.78464377,0.70466113,0.40966824,0.55716467,,,,,
print,paper,M+E+,打印,纸,0.0892857164144516,0.016673091799020767,,0.43339213728904724,0.051564741879701614,20.0,1.433885931968689,0.3888677954673767,0.327637255191803,0.40698814392089844,0.2710126042366028,"[{'zh': '指纹', 'rcs': 0.2423380315303802, 'w': 0.40698813158278163}, {'zh': '印刷', 'rcs': 0.4753153622150421, 'w': 0.11607403962695022}, {'zh': '相片', 'rcs': 0.3974620401859283, 'w': 0.06994969720748648}]","[{'zh': '文件', 'rcs': 0.2631358802318573, 'w': 0.2710125906312715}, {'zh': '试卷', 'rcs': 0.2282652109861374, 'w': 0.2710125906312715}, {'zh': '纸张', 'rcs': 0.4235454499721527, 'w': 0.1323204461818563}, {'zh': '报纸', 'rcs': 0.2869635820388794, 'w': 0.05464178192432924}]",1.1385599131177984,5,5,指纹,文件,0.671839,0.71140915,0.69162405,0.22712955,0.3958666,0.31149808,,,,,
print,ink,M+E+,印刷,墨水,0.066964291036129,0.009464840404689312,,0.4506731927394867,0.16202197968959808,15.0,0.8139762878417969,0.4753153622150421,0.5135252475738525,0.11607404053211212,1.0,"[{'zh': '指纹', 'rcs': 0.2423380315303802, 'w': 0.40698813158278163}, {'zh': '打印', 'rcs': 0.3888677954673767, 'w': 0.40698813158278163}, {'zh': '相片', 'rcs': 0.3974620401859283, 'w': 0.06994969720748648}]",[],1.1640388589163724,5,3,指纹,墨水,0.671839,0.7613511,0.71659505,0.22712955,0.9488463,0.5879879,,,,,
print,sheet,M+E-,打印,纸张,0.0,0.009612037800252438,,0.060394030064344406,0.07022266089916229,0.0,0.8266351819038391,0.3888677954673767,0.4602515995502472,0.40698814392089844,0.33851730823516846,"[{'zh': '指纹', 'rcs': 0.2423380315303802, 'w': 0.40698813158278163}, {'zh': '印刷', 'rcs': 0.4753153622150421, 'w': 0.11607403962695022}, {'zh': '相片', 'rcs': 0.3974620401859283, 'w': 0.06994969720748648}]","[{'zh': '床单', 'rcs': 0.279130756855011, 'w': 0.661482690889327}]",0.7692954721664774,5,5,指纹,床单,0.671839,0.7659373,0.71888816,0.22712955,0.31622943,0.2716795,,,,,
print,write,M-E+,,,0.1160714253783226,0.0,,0.5655429363250732,0.03807617351412773,26.0,0.0,,,,,,,1.0006346619784274,5,5,指纹,写信,0.671839,0.6980162,0.6849276,0.22712955,0.26926136,0.24819545,,,,,
print,press,M-E+,,,0.0401785671710968,0.0,,0.3646608889102936,0.030605508014559746,9.0,0.0,,,,,,,0.6479877372671959,5,5,指纹,评论,0.671839,0.6138731,0.64285606,0.22712955,0.00453229,0.11583092,,,,,
print,media,M-E+,,,0.0312499962747097,0.0,,0.273153156042099,0.0164219718426466,7.0,0.0,,,,,,,0.564791771151449,5,5,指纹,媒体,0.671839,0.7705258,0.7211824,0.22712955,0.5171616,0.3721456,,,,,
print,news,M-E+,,,0.01785713993012905,0.0,,0.29658305644989014,0.02564074844121933,4.0,0.0,,,,,,,1.4293827716407213,5,4,指纹,新闻,0.671839,0.7357612,0.7038001,0.22712955,0.16517748,0.19615352,,,,,
print,block,M-E+,,,0.013392855413258076,0.0,,0.05013824626803398,0.007138818968087435,3.0,0.0,,,,,,,0.48035072237174226,5,5,指纹,大楼,0.671839,0.5981291,0.634984,0.22712955,0.13787603,0.18250279,,,,,
print,writing,M-E+,,,0.013392855413258076,0.0,,0.4882047176361084,0.03596017137169838,3.0,0.0,,,,,,,1.2021773082554297,5,7,指纹,作品,0.671839,0.7120226,0.6919308,0.22712955,0.22163405,0.2243818,,,,,
printing,newspaper,M+E+,印刷,报纸,0.013452919200062752,0.021877679973840714,,0.37133458256721497,0.14783842861652374,3.0,2.231523275375366,0.5570891499519348,0.4671596884727478,1.0,0.37192055583000183,[],"[{'zh': '报', 'rcs': 0.4570890069007873, 'w': 0.6280794380011228}]",1.2623940759103107,8,9,印刷,报,0.7370209,0.69595504,0.716488,0.45400912,0.33877924,0.3963942,,,,,
printing,volume,M+E-,印刷,书,0.0,0.029314694926142693,,0.031360428780317307,0.11212870478630066,0.0,2.990098714828491,0.5570891499519348,0.3105139434337616,1.0,0.3737623393535614,[],"[{'zh': '卷', 'rcs': 0.2456445693969726, 'w': 0.4710926004976253}, {'zh': '体积', 'rcs': 0.2032073885202407, 'w': 0.15514505981621135}]",1.4929124388168173,8,6,印刷,卷,0.7370209,0.5494763,0.6432486,0.45400912,0.056216206,0.25511265,,,,,
printing,machinery,M+E-,印刷,机器,0.0,0.019292844459414482,,0.052527643740177155,0.0987870842218399,0.0,1.9678701162338257,0.5570891499519348,0.3061544299125671,1.0,0.4919675290584564,[],"[{'zh': '系统', 'rcs': 0.3054523766040802, 'w': 0.5080324571722028}]",0.6940680972145847,8,9,印刷,系统,0.7370209,0.70043373,0.71872735,0.45400912,0.19579288,0.32490098,,,,,
printing,screen,M-E+,,,0.013452919200062752,0.0,,0.11551240086555481,0.032600000500679016,3.0,0.0,,,,,,,1.4481702597723114,8,6,印刷,屏幕,0.7370209,0.739583,0.738302,0.45400912,0.23290992,0.34345952,,,,,
privacy,secret,M+E+,隐私,秘密,0.0923076868057251,0.07911057025194168,,0.24416403472423553,0.32167938351631165,18.0,9.255936622619629,0.4476391673088074,0.4021604359149933,1.0,0.7119951248168945,[],"[{'zh': '神秘', 'rcs': 0.3403626978397369, 'w': 0.28800485119278413}]",1.3393235365813114,7,6,隐私,秘密,0.72041273,0.7331738,0.7267933,0.40492576,0.0886327,0.24677923,,,,,
privacy,personal,M+E+,隐私,个人,0.05128205195069313,0.05982905998826027,,0.3237319886684418,0.3346000015735626,10.0,7.0,0.4476391673088074,0.2060527205467224,1.0,1.0,[],[],1.2736096690977663,7,8,隐私,个人,0.72041273,0.7158936,0.7181532,0.40492576,0.25159067,0.32825822,,,,,
privacy,betray,M+E-,隐私,泄露,0.0,0.01830104924738407,,0.03321206197142601,0.3211120665073395,0.0,2.1412229537963867,0.4476391673088074,0.3618430495262146,1.0,0.7137409448623657,[],"[{'zh': '背叛', 'rcs': 0.3887025117874145, 'w': 0.28625905095551035}]",0.8389109120140474,7,6,隐私,泄露,0.72041273,0.46859753,0.59450513,0.40492576,0.08799147,0.24645862,,,,,
privacy,preserve,M+E-,隐私,保护,0.0,0.012063043192029,,0.03534020483493805,0.07236878573894501,0.0,1.4113759994506836,0.4476391673088074,0.3806968629360199,1.0,0.11761467158794403,[],"[{'zh': '保存', 'rcs': 0.3162892460823059, 'w': 0.38310636139953574}, {'zh': '保留', 'rcs': 0.3809995651245117, 'w': 0.2127110351391967}, {'zh': '维护', 'rcs': 0.3453117311000824, 'w': 0.1644065239671578}, {'zh': '保持', 'rcs': 0.3517477810382843, 'w': 0.12216140900984444}]",1.2349832219127583,7,8,隐私,保存,0.72041273,0.48516646,0.6027896,0.40492576,0.23851989,0.32172284,,,,,
privacy,regard,M+E-,隐私,尊重,0.0,0.009071803651750088,,0.029426347464323044,0.047683440148830414,0.0,1.0614010095596313,0.4476391673088074,0.448874682188034,1.0,0.26535025238990784,[],"[{'zh': '尊敬', 'rcs': 0.2404510974884033, 'w': 0.23736238196818407}, {'zh': '关心', 'rcs': 0.3038226962089538, 'w': 0.19217942654041825}, {'zh': '敬佩', 'rcs': 0.2356309294700622, 'w': 0.1879540752069039}, {'zh': '关注', 'rcs': 0.3487442135810852, 'w': 0.11715386984068817}]",0.679793446088664,7,6,隐私,尊重,0.72041273,0.58222884,0.6513208,0.40492576,0.06934394,0.23713484,,,,,
privacy,intimate,M-E+,,,0.01538461446762085,0.0,,0.10018637776374817,0.030756670981645584,3.0,0.0,,,,,,,0.8349276156704367,7,8,隐私,知己,0.72041273,0.68116313,0.7007879,0.40492576,0.048574276,0.22675002,,,,,
privacy,policy,M-E+,,,0.01538461446762085,0.0,,0.11954417824745178,0.017628822475671768,3.0,0.0,,,,,,,1.3128399304415042,7,6,隐私,方针,0.72041273,0.71152514,0.71596897,0.40492576,0.07754188,0.24123383,,,,,
protect,safety,M+E+,保护,安全,0.0223463736474514,0.029629629105329514,,0.19473516941070557,0.15700000524520874,4.0,4.0,0.4452174007892608,0.3963530957698822,1.0,1.0,[],[],0.7885380780454078,7,6,保护,安全,0.70797074,0.7763222,0.7421465,0.07937646,0.13282432,0.10610039,,,,,
protect,medium,M+E-,保护,环境,0.0,0.021915797144174576,,0.006403500679880381,0.052203428000211716,0.0,2.958632469177246,0.4452174007892608,0.2518289089202881,1.0,0.32873693108558655,[],"[{'zh': '形式', 'rcs': 0.2843745648860931, 'w': 0.4444834008597812}, {'zh': '材料', 'rcs': 0.3827989399433136, 'w': 0.2267796742623299}]",1.3365708891068422,7,6,保护,形式,0.70797074,0.64191306,0.6749419,0.07937646,0.0042002457,0.04178835,,,,,
protect,serve,M-E+,,,0.027932966127991676,0.0,,0.1416735053062439,0.03220000118017197,5.0,0.0,,,,,,,1.339458462149933,7,5,保护,提供,0.70797074,0.6374546,0.6727127,0.07937646,0.12911673,0.104246594,,,,,
protect,strong,M-E+,,,0.016759779304265976,0.0,,0.04902800917625427,0.037678834050893784,3.0,0.0,,,,,,,0.5632577751548292,7,6,保护,坚强,0.70797074,0.6850924,0.69653153,0.07937646,0.22031865,0.14984755,,,,,
publish,article,M+E+,发表,论文,0.025104597210884094,0.008714231662452221,,0.4562453031539917,0.04445548355579376,6.0,1.0108507871627808,0.373162180185318,0.4006358385086059,0.1802312135696411,0.23369306325912476,"[{'zh': '发布', 'rcs': 0.3303754031658172, 'w': 0.5362421916423108}, {'zh': '公布', 'rcs': 0.2676381468772888, 'w': 0.1427206291698682}, {'zh': '出版', 'rcs': 0.2236443310976028, 'w': 0.14080596703210044}]","[{'zh': '文章', 'rcs': 0.451598584651947, 'w': 0.324723318848656}, {'zh': '报道', 'rcs': 0.3216130435466766, 'w': 0.24120419500712031}, {'zh': '条款', 'rcs': 0.2823378145694732, 'w': 0.20037942588917934}]",1.2369930738240538,7,7,发布,文章,0.6500274,0.73985726,0.69494236,0.09352266,0.28683323,0.19017795,,,,,
publish,session,M+E-,发布,会议,0.0,0.013868332840502262,,0.04464816674590111,0.104191854596138,0.0,1.6087265014648438,0.3303754031658172,0.33023402094841,0.5362421870231628,1.0,"[{'zh': '发表', 'rcs': 0.373162180185318, 'w': 0.18023121215572047}, {'zh': '公布', 'rcs': 0.2676381468772888, 'w': 0.1427206291698682}, {'zh': '出版', 'rcs': 0.2236443310976028, 'w': 0.14080596703210044}]",[],0.8200936119011003,7,7,发布,会议,0.6500274,0.6646707,0.65734905,0.09352266,0.07167861,0.08260064,,,,,
publish,volume,M+E-,出版,书,0.0,0.008019499480724335,,0.0319037064909935,0.016677802428603172,0.0,0.8420474529266357,0.2236443310976028,0.3105139434337616,0.14080595970153809,0.3737623393535614,"[{'zh': '发布', 'rcs': 0.3303754031658172, 'w': 0.5362421916423108}, {'zh': '发表', 'rcs': 0.373162180185318, 'w': 0.18023121215572047}, {'zh': '公布', 'rcs': 0.2676381468772888, 'w': 0.1427206291698682}]","[{'zh': '卷', 'rcs': 0.2456445693969726, 'w': 0.4710926004976253}, {'zh': '体积', 'rcs': 0.2032073885202407, 'w': 0.15514505981621135}]",0.5428719919402696,7,6,发布,卷,0.6500274,0.5494763,0.59975183,0.09352266,0.056216206,0.07486943,,,,,
publish,perish,M-E+,,,0.01673639751970768,0.0,,0.16987699270248413,0.0029697425197809935,4.0,0.0,,,,,,,0.6080806334429651,7,6,发布,丧失,0.6500274,0.6875172,0.66877234,0.09352266,0.042202048,0.067862354,,,,,
publish,produce,M-E+,,,0.012552298605442047,0.0,,0.09500550478696823,0.015385456383228302,3.0,0.0,,,,,,,0.4203252482545018,7,7,发布,培养,0.6500274,0.6118191,0.6309233,0.09352266,0.042779624,0.068151146,,,,,
publish,success,M-E+,,,0.012552298605442047,0.0,,0.051194414496421814,0.013513303361833096,3.0,0.0,,,,,,,1.3360420011233214,7,7,发布,成功,0.6500274,0.7269733,0.68850034,0.09352266,0.11341564,0.10346915,,,,,
puff,wind,M+E+,抽,风,0.028735630214214325,0.020200349390506744,,0.170841783285141,0.03014565445482731,5.0,1.4948259592056274,0.2416257560253143,0.2276657223701477,0.6656439304351807,0.7485613226890564,"[{'zh': '吸', 'rcs': 0.3084664344787597, 'w': 0.3343560739180476}]","[{'zh': '转动', 'rcs': 0.2253027707338333, 'w': 0.2514386693472538}]",1.461054324495836,4,4,抽,风,0.66209114,0.80393255,0.73301184,0.07796053,0.18753655,0.13274854,,,,,
puff,slap,M+E-,抽,打,0.0,0.03717724606394768,,0.026050671935081482,0.04826533794403076,0.0,2.7511160373687744,0.2416257560253143,0.3616909980773926,0.6656439304351807,0.2431185096502304,"[{'zh': '吸', 'rcs': 0.3084664344787597, 'w': 0.3343560739180476}]","[{'zh': '拍', 'rcs': 0.2586597204208374, 'w': 0.7568814887120378}]",1.2868551284910588,4,4,抽,拍,0.66209114,0.5814565,0.62177384,0.07796053,0.016892083,0.047426306,,,,,
puff,straw,M+E-,吸,吸管,0.0,0.0168400127440691,,0.04061618447303772,0.051930107176303864,0.0,1.987121343612671,0.3084664344787597,0.3520115315914154,0.33435606956481934,0.39620864391326904,"[{'zh': '抽', 'rcs': 0.2416257560253143, 'w': 0.6656439260819523}]","[{'zh': '草', 'rcs': 0.3442866504192352, 'w': 0.6037913574663232}]",1.3139372579261144,4,5,抽,草,0.66209114,0.7525633,0.70732725,0.07796053,0.042951714,0.06045612,,,,,
puff,recruit,M+E-,吸,吸收,0.0,0.01416763011366129,,0.014997140504419804,0.11301235109567642,0.0,1.6717803478240967,0.3084664344787597,0.2840880453586578,0.33435606956481934,1.0,"[{'zh': '抽', 'rcs': 0.2416257560253143, 'w': 0.6656439260819523}]",[],1.4590793742205208,4,7,抽,吸收,0.66209114,0.36732107,0.51470613,0.07796053,0.00042771394,0.039194122,,,,,
puff,soft,M-E+,,,0.017241381108760834,0.0,,0.20839081704616547,0.017965251579880714,3.0,0.0,,,,,,,1.1290853126900169,4,4,抽,软,0.66209114,0.79574925,0.7289202,0.07796053,0.32706863,0.20251457,,,,,
puss,pet,M+E+,猫咪,宠物,0.015306120738387108,0.011615423485636711,,0.22134485840797424,0.21806448698043823,3.0,1.1499269008636475,0.4134274423122406,0.4678937494754791,0.4736831486225128,0.8092096447944641,"[{'zh': '脸', 'rcs': 0.2558847963809967, 'w': 0.5263168579943872}]","[{'zh': '宝贝', 'rcs': 0.3197821080684662, 'w': 0.19079037281073924}]",1.2411097040360755,4,3,脸,宠物,0.6880508,0.7857121,0.7368815,0.024337493,0.8925208,0.45842913,,,,,
puss,beak,M+E-,脸,鼻子,0.0,0.018467258661985397,,0.05208447203040123,0.22494782507419586,0.0,2.1052675247192383,0.2558847963809967,0.4522197842597961,0.5263168811798096,1.0,"[{'zh': '猫咪', 'rcs': 0.4134274423122406, 'w': 0.4736831420056128}]",[],0.7241643757269338,4,4,脸,鼻子,0.6880508,0.61292005,0.6504854,0.024337493,0.020154584,0.022246039,,,,,
puss,wound,M-E+,,,0.051020409911870956,0.0,,0.18067067861557007,0.014370733872056007,10.0,0.0,,,,,,,1.2854126681926619,4,5,脸,伤口,0.6880508,0.8014828,0.74476683,0.024337493,0.48475876,0.25454813,,,,,
puss,sour,M-E+,,,0.025510204955935478,0.0,,0.2114788293838501,0.03368428349494934,5.0,0.0,,,,,,,1.0681644604377756,4,4,脸,酸,0.6880508,0.8513634,0.7697071,0.024337493,0.7861658,0.40525162,,,,,
puss,vagina,M-E+,,,0.02040817029774189,0.0,,0.16695891320705414,0.029105324298143387,4.0,0.0,,,,,,,1.1640020544359297,4,6,脸,阴道,0.6880508,0.7574709,0.72276086,0.024337493,0.17778875,0.10106312,,,,,
puss,wimp,M-E+,,,0.015306120738387108,0.0,,0.20263735949993134,0.023210575804114342,3.0,0.0,,,,,,,1.2267082095719006,4,4,脸,懦夫,0.6880508,0.6721415,0.68009615,0.024337493,0.026558287,0.02544789,,,,,
question,answer,M+E+,问题,答案,0.220077246427536,0.008183667436242104,,0.4228546619415283,0.10630380362272263,57.0,1.2275500297546387,0.3868201076984405,0.3261385262012481,0.0883425697684288,0.6616828441619873,"[{'zh': '疑问', 'rcs': 0.4511030614376068, 'w': 0.3883411397742882}, {'zh': '课题', 'rcs': 0.2791947722434997, 'w': 0.3883411397742882}, {'zh': '事情', 'rcs': 0.2552612721920013, 'w': 0.06818245388986877}, {'zh': '怀疑', 'rcs': 0.2564376890659332, 'w': 0.06679269407932399}]","[{'zh': '回答', 'rcs': 0.3931546807289123, 'w': 0.338317128608845}]",1.0673598894995353,8,6,疑问,答案,0.73503,0.7556434,0.7453367,0.14170176,0.22048719,0.18109447,,,,,
question,program,M+E-,课题,项目,0.0,0.00820930302143097,,0.04848507046699524,0.07223135977983475,0.0,1.050790786743164,0.2791947722434997,0.3068525791168213,0.38834112882614136,0.5411689281463623,"[{'zh': '疑问', 'rcs': 0.4511030614376068, 'w': 0.3883411397742882}, {'zh': '问题', 'rcs': 0.3868201076984405, 'w': 0.08834257248223083}, {'zh': '事情', 'rcs': 0.2552612721920013, 'w': 0.06818245388986877}, {'zh': '怀疑', 'rcs': 0.2564376890659332, 'w': 0.06679269407932399}]","[{'zh': '程序', 'rcs': 0.2419216632843017, 'w': 0.4588310538827318}]",0.9648499723457161,8,7,疑问,项目,0.73503,0.7450831,0.7400565,0.14170176,0.105058335,0.12338005,,,,,
question,period,M-E+,,,0.011583014391362667,0.0,,0.17059630155563354,0.017980195581912994,3.0,0.0,,,,,,,1.4398954592965763,8,6,疑问,时期,0.73503,0.708634,0.72183204,0.14170176,0.5606314,0.35116658,,,,,
race,win,M+E+,比赛,赢,0.04494381695985794,0.008885718882083893,,0.20322097837924957,0.17799736559391022,8.0,0.9685433506965637,0.3233467042446136,0.2813731431961059,0.5091233849525452,0.3170624077320099,"[{'zh': '赛跑', 'rcs': 0.2542572319507599, 'w': 0.4908766391380848}]","[{'zh': '获胜', 'rcs': 0.3655063807964325, 'w': 0.5754038797588553}, {'zh': '胜利', 'rcs': 0.2026979923248291, 'w': 0.1075337189353646}]",1.0740449157847491,4,3,比赛,获胜,0.66972494,0.7002077,0.6849663,0.09689766,0.21514161,0.15601963,,,,,
race,beat,M+E-,比赛,赢,0.0,0.011676195077598095,,0.05345741659402847,0.12177667766809464,0.0,1.2727051973342896,0.3233467042446136,0.2432011663913726,0.5091233849525452,0.41663286089897156,"[{'zh': '赛跑', 'rcs': 0.2542572319507599, 'w': 0.4908766391380848}]","[{'zh': '打败', 'rcs': 0.2121729850769043, 'w': 0.40167425325847905}, {'zh': '打', 'rcs': 0.2532602548599243, 'w': 0.1816928818953066}]",0.5414228323427315,4,4,比赛,赢,0.66972494,0.6047617,0.63724333,0.09689766,0.024253312,0.060575485,,,,,
race,black,M-E+,,,0.09550561755895615,0.0,,0.08087213337421417,0.009915707632899284,17.0,0.0,,,,,,,0.742971487912767,4,5,比赛,黑色,0.66972494,0.8084788,0.7391019,0.09689766,0.51916206,0.30802986,,,,,
race,white,M-E+,,,0.04494381695985794,0.0,,0.05150096118450165,0.0035833995789289474,8.0,0.0,,,,,,,0.78596419998666,4,5,比赛,白,0.66972494,0.7987871,0.734256,0.09689766,0.652965,0.37493134,,,,,
race,rat,M-E+,,,0.028089890256524086,0.0,,0.05189132317900658,0.011480722576379776,5.0,0.0,,,,,,,1.321551334302285,4,3,比赛,老鼠,0.66972494,0.78748375,0.7286043,0.09689766,0.5262946,0.31159613,,,,,
racket,tennis,M+E+,球拍,网球,0.3008849322795868,0.17592592537403107,,0.3988964855670929,0.751800000667572,68.0,19.0,0.2656524181365967,0.5727742910385132,1.0,1.0,[],[],0.36394894169947545,6,6,球拍,网球,0.5815467,0.7393462,0.66044647,0.73034674,0.5518939,0.6411203,,,,,
racket,movement,M+E-,球拍,运动,0.0,0.026238737627863884,,0.02548220381140709,0.19630025327205658,0.0,2.8337838649749756,0.2656524181365967,0.345899760723114,1.0,0.40482625365257263,[],"[{'zh': '进步', 'rcs': 0.2919689416885376, 'w': 0.5951737585287443}]",1.1953414595104535,6,8,球拍,进步,0.5815467,0.62111986,0.60133326,0.73034674,0.13152725,0.430937,,,,,
racket,noise,M-E+,,,0.23893804848194122,0.0,,0.2409847378730774,0.0041797831654548645,54.0,0.0,,,,,,,1.188591828846928,6,5,球拍,干扰,0.5815467,0.7475443,0.66454554,0.73034674,0.06307412,0.39671043,,,,,
racket,loud,M-E+,,,0.04867256432771683,0.0,,0.20410454273223877,0.020800000056624413,11.0,0.0,,,,,,,1.4177569353795052,6,4,球拍,大声,0.5815467,0.7684116,0.67497915,0.73034674,0.093171984,0.41175938,,,,,
rage,wrath,M+E+,愤怒,怒火,0.02463054656982422,0.00856501143425703,,0.41916513442993164,0.44575998187065125,5.0,0.8479360938072205,0.4251304864883423,0.3224557936191559,0.15206389129161835,1.0,"[{'zh': '暴怒', 'rcs': 0.3884142339229584, 'w': 0.8479361024826688}]",[],1.0032690251871246,4,5,暴怒,怒火,0.7546057,0.70892024,0.731763,0.19717461,0.18295126,0.19006294,,,,,
rage,bloke,M+E-,暴怒,男人,0.0,0.018440578132867813,,0.01869438774883747,0.03791198506951332,0.0,1.8256171941757202,0.3884142339229584,0.3848049640655517,0.8479360938072205,0.7176709175109863,"[{'zh': '愤怒', 'rcs': 0.4251304864883423, 'w': 0.1520638975173312}]","[{'zh': '家伙', 'rcs': 0.4022364318370819, 'w': 0.28232908843550797}]",0.9846924331151615,4,5,暴怒,男人,0.7546057,0.68595093,0.7202783,0.19717461,0.14578894,0.17148177,,,,,
rage,blind,M-E+,,,0.014778321608901024,0.0,,0.0488477423787117,0.007942335680127144,3.0,0.0,,,,,,,1.2314216868280523,4,5,暴怒,瞎子,0.7546057,0.7152853,0.73494554,0.19717461,0.19650476,0.19683969,,,,,
raise,salary,M+E+,加薪,工资,0.0445544496178627,0.016243793070316315,,0.2617584764957428,0.10242873430252075,9.0,1.8842799663543701,0.2742539644241333,0.510344386100769,0.3875633478164673,0.540207028388977,"[{'zh': '培育', 'rcs': 0.2210533767938614, 'w': 0.3875633427447906}, {'zh': '提升', 'rcs': 0.3553159832954407, 'w': 0.08484322423555248}, {'zh': '解除', 'rcs': 0.3244760632514953, 'w': 0.08256889069142216}, {'zh': '培养', 'rcs': 0.2917104065418243, 'w': 0.05746119958344427}]","[{'zh': '薪水', 'rcs': 0.4879786968231201, 'w': 0.45979296053215674}]",1.013896136457798,5,6,培育,工资,0.64813256,0.7607097,0.70442116,0.1448494,0.3477147,0.24628204,,,,,
raise,seed,M+E-,培育,种子,0.0,0.00954110361635685,,0.04650672525167465,0.08116140216588974,0.0,1.0113569498062134,0.2210533767938614,0.4328450262546539,0.3875633478164673,0.43492114543914795,"[{'zh': '加薪', 'rcs': 0.2742539644241333, 'w': 0.3875633427447906}, {'zh': '提升', 'rcs': 0.3553159832954407, 'w': 0.08484322423555248}, {'zh': '解除', 'rcs': 0.3244760632514953, 'w': 0.08256889069142216}, {'zh': '培养', 'rcs': 0.2917104065418243, 'w': 0.05746119958344427}]","[{'zh': '籽', 'rcs': 0.4173360764980316, 'w': 0.434921139194548}, {'zh': '繁殖', 'rcs': 0.2529305219650268, 'w': 0.06821957904804797}, {'zh': '精液', 'rcs': 0.2777043282985687, 'w': 0.06193814256285602}]",1.4536832016006223,5,4,培育,籽,0.64813256,0.81559324,0.7318629,0.1448494,0.15176314,0.14830628,,,,,
raise,teacher,M+E-,培育,老师,0.0,0.007516677491366863,,0.05433417111635208,0.03852371871471405,0.0,0.7967677712440491,0.2210533767938614,0.3468257486820221,0.3875633478164673,0.5139597058296204,"[{'zh': '加薪', 'rcs': 0.2742539644241333, 'w': 0.3875633427447906}, {'zh': '提升', 'rcs': 0.3553159832954407, 'w': 0.08484322423555248}, {'zh': '解除', 'rcs': 0.3244760632514953, 'w': 0.08256889069142216}, {'zh': '培养', 'rcs': 0.2917104065418243, 'w': 0.05746119958344427}]","[{'zh': '教师', 'rcs': 0.5814129710197449, 'w': 0.27992430342702346}, {'zh': '先生', 'rcs': 0.3092143535614013, 'w': 0.20611599535842348}]",1.1814570169574026,5,7,培育,老师,0.64813256,0.7545064,0.70131946,0.1448494,0.3640417,0.25444555,,,,,
raise,lift,M-E+,,,0.13861386477947235,0.0,,0.29701051115989685,0.017283005639910698,28.0,0.0,,,,,,,0.5567568217417126,5,4,培育,电梯,0.64813256,0.6691163,0.6586244,0.1448494,0.053380553,0.09911498,,,,,
raise,lower,M-E+,,,0.039603956043720245,0.0,,0.21589437127113342,0.015037458389997482,8.0,0.0,,,,,,,1.0418051271723672,5,5,培育,缩小,0.64813256,0.5925112,0.62032187,0.1448494,0.004910442,0.07487992,,,,,
raise,roof,M-E+,,,0.039603956043720245,0.0,,0.15048405528068542,0.015580045990645885,8.0,0.0,,,,,,,1.0723843750765516,5,4,培育,屋顶,0.64813256,0.69814074,0.67313665,0.1448494,0.21574406,0.18029673,,,,,
raise,bread,M-E+,,,0.014851488173007965,0.0,,0.06814464181661606,0.019688216969370842,3.0,0.0,,,,,,,1.10861313906346,5,5,培育,面包,0.64813256,0.8496332,0.7488829,0.1448494,0.3416906,0.24327001,,,,,
rank,score,M+E+,排名,成绩,0.024752477183938026,0.027635231614112854,,0.13749949634075165,0.10012982785701752,5.0,2.5424413681030273,0.3173742890357971,0.3146375119686126,0.6356103420257568,0.3333333432674408,"[{'zh': '级别', 'rcs': 0.2133385092020034, 'w': 0.3643896345290993}]","[{'zh': '分数', 'rcs': 0.2448720633983612, 'w': 0.3333333333333333}, {'zh': '得分', 'rcs': 0.3324843347072601, 'w': 0.3333333333333333}]",0.9735460629992825,4,5,排名,分数,0.6467805,0.76063496,0.7037077,0.14821479,0.09729247,0.12275363,,,,,
rank,race,M+E-,排名,比赛,0.0,0.01406974345445633,,0.033739782869815826,0.13827604055404663,0.0,1.2944163084030151,0.3173742890357971,0.3233467042446136,0.6356103420257568,0.5091233849525452,"[{'zh': '级别', 'rcs': 0.2133385092020034, 'w': 0.3643896345290993}]","[{'zh': '赛跑', 'rcs': 0.2542572319507599, 'w': 0.4908766391380848}]",1.2724580785533595,4,4,排名,比赛,0.6467805,0.66972494,0.6582527,0.14821479,0.09689766,0.122556224,,,,,
rank,stink,M-E+,,,0.014851480722427368,0.0,,0.19169144332408905,0.01614450290799141,3.0,0.0,,,,,,,0.9695870768957321,4,5,排名,吵闹,0.6467805,0.36970693,0.5082437,0.14821479,0.0025999595,0.07540737,,,,,
reaction,chemistry,M+E+,反应,化学,0.05499999225139618,0.036764707416296005,,0.1544005125761032,0.15620000660419464,11.0,5.0,0.4516617655754089,0.6351094841957092,1.0,1.0,[],[],1.2948818367078965,8,9,反应,化学,0.73025995,0.78626966,0.7582648,0.23878942,0.32241964,0.28060454,,,,,
reaction,sensitive,M+E-,反应,灵敏,0.0,0.022058824077248573,,0.05377853289246559,0.19370000064373016,0.0,3.0,0.4516617655754089,0.3427827656269073,1.0,0.5,[],"[{'zh': '敏感', 'rcs': 0.3977312445640564, 'w': 0.5}]",0.5489317905233949,8,9,反应,灵敏,0.73025995,0.596216,0.663238,0.23878942,0.1643995,0.20159447,,,,,
reaction,attitude,M-E+,,,0.01500000525265932,0.0,,0.06863431632518768,0.037565890699625015,3.0,0.0,,,,,,,0.4842908901380184,8,8,反应,态度,0.73025995,0.6821615,0.70621073,0.23878942,0.08656124,0.16267534,,,,,
rear,butt,M+E+,臀部,屁股,0.12440191209316254,0.25471699237823486,,0.38679614663124084,0.5623000264167786,26.0,27.0,0.2361449003219604,0.4348784983158111,1.0,1.0,[],[],1.2463019216456344,4,4,臀部,屁股,0.54897034,0.7246236,0.63679695,0.27734083,0.17101058,0.2241757,,,,,
rear,bum,M+E+,臀部,屁股,0.01435406506061554,0.25471699237823486,,0.30109673738479614,0.5623000264167786,3.0,27.0,0.2361449003219604,0.3127879202365875,1.0,1.0,[],[],0.7653978684794154,4,3,臀部,屁股,0.54897034,0.646672,0.5978212,0.27734083,0.07852899,0.17793491,,,,,
rear,thigh,M+E-,臀部,大腿,0.0,0.04716981202363968,,0.0668857991695404,0.3801000118255615,0.0,5.0,0.2361449003219604,0.6069512367248535,1.0,1.0,[],[],1.468853643439958,4,5,臀部,大腿,0.54897034,0.7943345,0.67165244,0.27734083,0.14663172,0.21198627,,,,,
rear,meat,M+E-,臀部,肉,0.0,0.028301887214183807,,0.028112906962633133,0.2281000018119812,0.0,3.0,0.2361449003219604,0.5685207843780518,1.0,1.0,[],[],1.4014934585953398,4,4,臀部,肉,0.54897034,0.8459676,0.697469,0.27734083,0.49032253,0.38383168,,,,,
rear,circle,M+E-,臀部,圆,0.0,0.016328878700733185,,0.04073170945048332,0.04716596379876137,0.0,1.7308611869812012,0.2361449003219604,0.3139594197273254,1.0,0.2884768545627594,[],"[{'zh': '圆周', 'rcs': 0.2899746596813202, 'w': 0.2884768449289036}, {'zh': '圆圈', 'rcs': 0.4085624814033508, 'w': 0.15500026620728077}, {'zh': '环', 'rcs': 0.3163108229637146, 'w': 0.1345146566525419}, {'zh': '圆形', 'rcs': 0.3672444522380829, 'w': 0.13353138728237027}]",1.2893283033053564,4,6,臀部,圆周,0.54897034,0.7311723,0.64007133,0.27734083,0.10434064,0.19084074,,,,,
rear,raise,M-E+,,,0.05263158679008484,0.0,,0.1860038936138153,0.009882865473628044,11.0,0.0,,,,,,,0.9607351634974226,4,5,臀部,培育,0.54897034,0.64813256,0.59855145,0.27734083,0.1448494,0.21109512,,,,,
rear,trunk,M-E+,,,0.023923441767692566,0.0,,0.2971809208393097,0.028687231242656708,5.0,0.0,,,,,,,1.1822609969940092,4,5,臀部,树干,0.54897034,0.48890853,0.51893944,0.27734083,0.081536956,0.17943889,,,,,
refuse,accept,M+E+,拒绝,接受,0.01807229220867157,0.010267323814332485,,0.24700810015201569,0.08475279808044434,3.0,1.427157998085022,0.4248632788658142,0.4971230626106262,1.0,0.203879714012146,[],"[{'zh': '承担', 'rcs': 0.4085543751716614, 'w': 0.22766219333030144}, {'zh': '接纳', 'rcs': 0.5141474604606628, 'w': 0.20944007392458086}, {'zh': '容忍', 'rcs': 0.2994429469108581, 'w': 0.20366005382905866}, {'zh': '承认', 'rcs': 0.4066148102283478, 'w': 0.15535797016633868}]",0.4987977486359885,6,6,拒绝,承担,0.63905764,0.71197647,0.6755171,0.032336194,0.1899744,0.111155294,,,,,
refuse,receive,M+E-,拒绝,接受,0.0,0.009964303113520145,,0.05285625159740448,0.08225148171186447,0.0,1.385038137435913,0.4248632788658142,0.3657774925231933,1.0,0.19786259531974792,[],"[{'zh': '收到', 'rcs': 0.3505143821239471, 'w': 0.41638625298290555}, {'zh': '接纳', 'rcs': 0.3694345355033874, 'w': 0.198493460668851}, {'zh': '购买', 'rcs': 0.3117097616195678, 'w': 0.18725769353412414}]",0.5868606382341445,6,7,拒绝,收到,0.63905764,0.6889725,0.66401505,0.032336194,0.1523105,0.09232335,,,,,
refuse,object,M-E+,,,0.02409639023244381,0.0,,0.18103410303592682,0.012228072620928288,4.0,0.0,,,,,,,0.5908659239212676,6,6,拒绝,物体,0.63905764,0.64347756,0.6412676,0.032336194,0.13567296,0.08400457,,,,,
refuse,rubbish,M-E+,,,0.02409639023244381,0.0,,0.2455182522535324,0.016499999910593033,4.0,0.0,,,,,,,1.029955124666158,6,7,拒绝,垃圾,0.63905764,0.71836424,0.67871094,0.032336194,0.049663037,0.040999614,,,,,
relieve,stress,M+E+,缓解,压力,0.0760233923792839,0.034949902445077896,,0.19198845326900482,0.07779847085475922,13.0,3.669739246368408,0.3950777351856231,0.3353151082992553,0.4904869794845581,0.4676142632961273,"[{'zh': '解除', 'rcs': 0.3878172636032104, 'w': 0.36012036590008983}, {'zh': '减轻', 'rcs': 0.369906336069107, 'w': 0.14939266449372585}]","[{'zh': '重要性', 'rcs': 0.2443044334650039, 'w': 0.532385726270532}]",0.7513186808279788,7,6,缓解,重要性,0.654016,0.60531676,0.6296664,0.35794342,0.20321737,0.2805804,,,,,
relieve,burden,M+E-,减轻,负担,0.0,0.030985144898295403,,0.07018876075744629,0.07862506061792374,0.0,4.182994842529297,0.369906336069107,0.4218177795410156,0.14939266443252563,1.0,"[{'zh': '缓解', 'rcs': 0.3950777351856231, 'w': 0.4904869696061843}, {'zh': '解除', 'rcs': 0.3878172636032104, 'w': 0.36012036590008983}]",[],0.592944604906365,7,6,缓解,负担,0.654016,0.6992898,0.6766529,0.35794342,0.1728724,0.26540792,,,,,
relieve,alert,M+E-,解除,警报,0.0,0.019786832854151726,,0.027384953573346138,0.10868433117866516,0.0,1.8006017208099365,0.3878172636032104,0.315911591053009,0.36012035608291626,1.0,"[{'zh': '缓解', 'rcs': 0.3950777351856231, 'w': 0.4904869696061843}, {'zh': '减轻', 'rcs': 0.369906336069107, 'w': 0.14939266449372585}]",[],1.2054659500389926,7,5,缓解,警报,0.654016,0.6171317,0.63557386,0.35794342,0.10636646,0.23215494,,,,,
relieve,liberty,M+E-,解除,自由,0.0,0.01582946628332138,,0.025397220626473427,0.05740318447351456,0.0,1.440481424331665,0.3878172636032104,0.2659508883953094,0.36012035608291626,1.0,"[{'zh': '缓解', 'rcs': 0.3950777351856231, 'w': 0.4904869696061843}, {'zh': '减轻', 'rcs': 0.369906336069107, 'w': 0.14939266449372585}]",[],0.828318845733075,7,7,缓解,自由,0.654016,0.645798,0.649907,0.35794342,0.08571444,0.22182892,,,,,
relieve,bondage,M+E-,解除,束缚,0.0,0.01187210064381361,,0.024385852739214897,0.11102510243654251,0.0,1.0803611278533936,0.3878172636032104,0.2840248644351959,0.36012035608291626,1.0,"[{'zh': '缓解', 'rcs': 0.3950777351856231, 'w': 0.4904869696061843}, {'zh': '减轻', 'rcs': 0.369906336069107, 'w': 0.14939266449372585}]",[],1.2743474948326508,7,7,缓解,束缚,0.654016,0.7525276,0.7032718,0.35794342,0.116440035,0.23719172,,,,,
relieve,prohibit,M+E-,解除,禁止,0.0,0.007839678786695004,,0.030341986566781998,0.053363122045993805,0.0,0.7134107947349548,0.3878172636032104,0.3959991633892059,0.36012035608291626,0.6603447198867798,"[{'zh': '缓解', 'rcs': 0.3950777351856231, 'w': 0.4904869696061843}, {'zh': '减轻', 'rcs': 0.369906336069107, 'w': 0.14939266449372585}]","[{'zh': '阻止', 'rcs': 0.3369250893592834, 'w': 0.33965528175118087}]",1.4911109129868054,7,8,缓解,禁止,0.654016,0.65015453,0.6520853,0.35794342,0.09308935,0.22551638,,,,,
relieve,turmoil,M+E-,缓解,焦虑,0.0,0.00769660621881485,,0.0744629055261612,0.050508979707956314,0.0,0.808143675327301,0.3950777351856231,0.2552864253520965,0.4904869794845581,0.3295270502567291,"[{'zh': '解除', 'rcs': 0.3878172636032104, 'w': 0.36012036590008983}, {'zh': '减轻', 'rcs': 0.369906336069107, 'w': 0.14939266449372585}]","[{'zh': '混乱', 'rcs': 0.4486533105373382, 'w': 0.6704729512938989}]",0.8753007410418782,7,7,缓解,混乱,0.654016,0.6641482,0.6590821,0.35794342,0.16212778,0.2600356,,,,,
relieve,relation,M+E-,解除,关系,0.0,0.007588413078337908,,0.004608298186212778,0.03447767347097397,0.0,0.6905456185340881,0.3878172636032104,0.343482106924057,0.36012035608291626,0.23969264328479767,"[{'zh': '缓解', 'rcs': 0.3950777351856231, 'w': 0.4904869696061843}, {'zh': '减轻', 'rcs': 0.369906336069107, 'w': 0.14939266449372585}]","[{'zh': '关联', 'rcs': 0.3718827664852142, 'w': 0.6047966239481256}, {'zh': '联系', 'rcs': 0.3157306611537933, 'w': 0.1555107367398584}]",0.6126927080827679,7,8,缓解,关联,0.654016,0.57731247,0.61566424,0.35794342,0.22992922,0.2939363,,,,,
relieve,replace,M-E+,,,0.02923976257443428,0.0,,0.15956754982471466,0.021225320175290108,5.0,0.0,,,,,,,0.6847110529879539,7,7,缓解,代替,0.654016,0.6908638,0.67243993,0.35794342,0.4688323,0.41338786,,,,,
remedy,sickness,M+E+,治疗,疾病,0.024590153247117996,0.00803547352552414,,0.3905610144138336,0.05534432455897331,3.0,1.0044341087341309,0.3282172381877899,0.4873869121074676,0.15943704545497894,0.5727162957191467,"[{'zh': '改正', 'rcs': 0.2958469688892364, 'w': 0.45794420440734684}, {'zh': '补偿', 'rcs': 0.3857751488685608, 'w': 0.3826187540600319}]","[{'zh': '恶心', 'rcs': 0.4008625745773315, 'w': 0.17974843156570344}, {'zh': '呕吐', 'rcs': 0.4489710330963135, 'w': 0.1162461307620861}, {'zh': '厌恶', 'rcs': 0.2158258259296417, 'w': 0.07098864434248908}, {'zh': '悲伤', 'rcs': 0.2323462665081024, 'w': 0.06030047312504205}]",1.2619658417283302,6,8,改正,疾病,0.5919582,0.7799919,0.6859751,0.03598339,0.22926068,0.13262203,,,,,
remedy,veer,M+E-,改正,改变,0.0,0.02488827146589756,,0.011702064424753189,0.09419912099838257,0.0,2.2897210121154785,0.2958469688892364,0.2100286483764648,0.45794421434402466,1.0,"[{'zh': '补偿', 'rcs': 0.3857751488685608, 'w': 0.3826187540600319}, {'zh': '治疗', 'rcs': 0.3282172381877899, 'w': 0.15943704153262128}]",[],1.0743212414986192,6,4,改正,改变,0.5919582,0.5024711,0.5472146,0.03598339,0.0013994902,0.018691441,,,,,
remedy,apology,M+E-,补偿,道歉,0.0,0.011833569966256618,,0.03107411228120327,0.11645521223545074,0.0,1.1478562355041504,0.3857751488685608,0.4514511823654175,0.3826187551021576,1.0,"[{'zh': '改正', 'rcs': 0.2958469688892364, 'w': 0.45794420440734684}, {'zh': '治疗', 'rcs': 0.3282172381877899, 'w': 0.15943704153262128}]",[],1.145981958770619,6,7,改正,道歉,0.5919582,0.7222852,0.6571217,0.03598339,0.049997184,0.04299029,,,,,
remedy,task,M+E-,改正,作业,0.0,0.009354210458695889,,0.02934345044195652,0.044205501675605774,0.0,0.8605873584747314,0.2958469688892364,0.2130038887262344,0.45794421434402466,0.6264135241508484,"[{'zh': '补偿', 'rcs': 0.3857751488685608, 'w': 0.3826187540600319}, {'zh': '治疗', 'rcs': 0.3282172381877899, 'w': 0.15943704153262128}]","[{'zh': '任务', 'rcs': 0.3366776406764984, 'w': 0.2397872229429172}, {'zh': '工作', 'rcs': 0.2279596924781799, 'w': 0.13379926534367637}]",1.3407112400076733,6,4,改正,作业,0.5919582,0.6444482,0.6182032,0.03598339,0.25538996,0.14568667,,,,,
remedy,repair,M-E+,,,0.04098360612988472,0.0,,0.21445105969905853,0.020370308309793472,5.0,0.0,,,,,,,0.7955115022185593,6,6,改正,修理,0.5919582,0.7305017,0.66122997,0.03598339,0.2851589,0.16057114,,,,,
rent,borrow,M+E+,租,借,0.04901961237192154,0.0191616490483284,,0.3333718776702881,0.17404909431934357,10.0,2.452691078186035,0.468083381652832,0.2533337771892547,0.3065863847732544,1.0,"[{'zh': '房租', 'rcs': 0.4983116686344147, 'w': 0.30658637422124635}, {'zh': '租金', 'rcs': 0.5111463665962219, 'w': 0.1474625072956272}, {'zh': '租借', 'rcs': 0.3544079959392547, 'w': 0.12101864038351337}, {'zh': '租赁', 'rcs': 0.4068790078163147, 'w': 0.11834610387836665}]",[],1.0373118708650098,4,6,房租,借,0.7716989,0.7364737,0.75408626,0.19827715,0.064894825,0.13158599,,,,,
rent,burden,M+E-,房租,负担,0.0,0.009290496818721294,,0.021118389442563057,0.05294746905565262,0.0,0.9197591543197632,0.4983116686344147,0.4218177795410156,0.3065863847732544,1.0,"[{'zh': '租', 'rcs': 0.468083381652832, 'w': 0.30658637422124635}, {'zh': '租金', 'rcs': 0.5111463665962219, 'w': 0.1474625072956272}, {'zh': '租借', 'rcs': 0.3544079959392547, 'w': 0.12101864038351337}, {'zh': '租赁', 'rcs': 0.4068790078163147, 'w': 0.11834610387836665}]",[],1.4269716036414926,4,6,房租,负担,0.7716989,0.6992898,0.7354944,0.19827715,0.1728724,0.18557477,,,,,
rent,tear,M-E+,,,0.01960783824324608,0.0,,0.06703688204288483,0.006079628132283688,4.0,0.0,,,,,,,1.019667769765244,4,4,房租,泪水,0.7716989,0.74021363,0.7559563,0.19827715,0.08891254,0.14359485,,,,,
report,news,M+E+,报道,新闻,0.05882352590560913,0.03778991848230362,,0.2661042809486389,0.07925503700971603,12.0,4.459210395812988,0.36252161860466,0.4185450077056885,0.20880025625228882,0.7118781805038452,"[{'zh': '报告', 'rcs': 0.4908587336540222, 'w': 0.25283082962609055}, {'zh': '记录', 'rcs': 0.258394330739975, 'w': 0.2203649842642999}, {'zh': '公布', 'rcs': 0.3022684454917907, 'w': 0.18211323246830327}, {'zh': '发表', 'rcs': 0.2490275502204895, 'w': 0.13589069857554456}]","[{'zh': '消息', 'rcs': 0.2309300005435943, 'w': 0.2881218429053617}]",1.105240929186382,6,4,报告,新闻,0.7722972,0.7357612,0.7540292,0.20763113,0.16517748,0.1864043,,,,,
report,score,M+E-,公布,成绩,0.0,0.00758805125951767,,0.053236182779073715,0.011564190499484539,0.0,0.8498618006706238,0.3022684454917907,0.3146375119686126,0.18211323022842407,0.3333333432674408,"[{'zh': '报告', 'rcs': 0.4908587336540222, 'w': 0.25283082962609055}, {'zh': '记录', 'rcs': 0.258394330739975, 'w': 0.2203649842642999}, {'zh': '报道', 'rcs': 0.36252161860466, 'w': 0.2088002550657618}, {'zh': '发表', 'rcs': 0.2490275502204895, 'w': 0.13589069857554456}]","[{'zh': '分数', 'rcs': 0.2448720633983612, 'w': 0.3333333333333333}, {'zh': '得分', 'rcs': 0.3324843347072601, 'w': 0.3333333333333333}]",0.979742848672924,6,5,报告,分数,0.7722972,0.76063496,0.7664661,0.20763113,0.09729247,0.1524618,,,,,
report,card,M-E+,,,0.1617647260427475,0.0,,0.08013693243265152,0.009446312673389912,33.0,0.0,,,,,,,1.3413238238457459,6,4,报告,贺卡,0.7722972,0.72982985,0.7510635,0.20763113,0.4045381,0.3060846,,,,,
research,science,M+E+,探索,科学,0.0555555522441864,0.009862069971859455,,0.3628882169723511,0.040328964591026306,12.0,1.2722070217132568,0.2058749347925186,0.5752609968185425,0.6361035108566284,0.25,"[{'zh': '研究', 'rcs': 0.501250684261322, 'w': 0.36389650481587493}]","[{'zh': '理科', 'rcs': 0.4084779322147369, 'w': 0.25}, {'zh': '学', 'rcs': 0.3564983904361725, 'w': 0.25}, {'zh': '学科', 'rcs': 0.4057303965091705, 'w': 0.25}]",0.5384787418312964,8,7,探索,科学,0.6132488,0.773183,0.6932159,0.06620239,0.48105952,0.27363095,,,,,
research,universe,M+E-,探索,宇宙,0.0,0.09368966519832611,,0.01953529566526413,0.3074924349784851,0.0,12.085967063903809,0.2058749347925186,0.3660365641117096,0.6361035108566284,1.0,"[{'zh': '研究', 'rcs': 0.501250684261322, 'w': 0.36389650481587493}]",[],0.7812696510754134,8,8,探索,宇宙,0.6132488,0.76700383,0.6901263,0.06620239,0.18489984,0.1255511,,,,,
research,penetrate,M+E-,探索,发现,0.0,0.015638530254364014,,0.038632456213235855,0.06633786857128143,0.0,2.0173704624176025,0.2058749347925186,0.2976462841033935,0.6361035108566284,0.2642875015735626,"[{'zh': '研究', 'rcs': 0.501250684261322, 'w': 0.36389650481587493}]","[{'zh': '进入', 'rcs': 0.3479194641113281, 'w': 0.5725726571590555}, {'zh': '渗透', 'rcs': 0.2915030121803283, 'w': 0.16313983271789814}]",1.473993169626228,8,9,探索,进入,0.6132488,0.53065515,0.571952,0.06620239,0.036695685,0.051449038,,,,,
research,channel,M+E-,探索,频道,0.0,0.012327587231993675,,0.01959514617919922,0.06831751763820648,0.0,1.5902588367462158,0.2058749347925186,0.2539830207824707,0.6361035108566284,0.5,"[{'zh': '研究', 'rcs': 0.501250684261322, 'w': 0.36389650481587493}]","[{'zh': '海峡', 'rcs': 0.2179861217737198, 'w': 0.5}]",1.1921435151726874,8,7,探索,频道,0.6132488,0.72972625,0.67148757,0.06620239,0.8173268,0.4417646,,,,,
research,assistant,M-E+,,,0.013888891786336899,0.0,,0.13078834116458893,0.030895836651325226,3.0,0.0,,,,,,,1.087786858458977,8,9,探索,助理,0.6132488,0.78625715,0.699753,0.06620239,0.8143292,0.4402658,,,,,
resistance,revolution,M+E+,反抗,革命,0.038709670305252075,0.0076355584897100925,,0.23738421499729156,0.07445760071277618,6.0,0.9773514866828918,0.2958154082298279,0.4763480126857757,0.17554578185081482,0.6959377527236938,"[{'zh': '抵抗', 'rcs': 0.3450933396816253, 'w': 0.5715218198469875}, {'zh': '抵制', 'rcs': 0.2319820821285247, 'w': 0.2529324044490156}]","[{'zh': '改革', 'rcs': 0.3048601746559143, 'w': 0.30406227126650986}]",0.2706881235056261,10,10,抵抗,革命,0.7533706,0.71530014,0.73433536,0.18824294,0.120393686,0.15431832,,,,,
resistance,procession,M+E-,抵制,游行,0.0,0.009984172880649567,,0.04101794213056564,0.114647276699543,0.0,0.7587971687316895,0.2319820821285247,0.2721914947032928,0.2529323995113373,1.0,"[{'zh': '抵抗', 'rcs': 0.3450933396816253, 'w': 0.5715218198469875}, {'zh': '反抗', 'rcs': 0.2958154082298279, 'w': 0.1755457757039969}]",[],1.1307930622203204,10,10,抵抗,游行,0.7533706,0.5891691,0.67126983,0.18824294,0.016749917,0.10249643,,,,,
resistance,movement,M-E+,,,0.025806458666920662,0.0,,0.10769939422607422,0.015238935127854347,4.0,0.0,,,,,,,1.350862810297679,10,8,抵抗,进步,0.7533706,0.62111986,0.68724525,0.18824294,0.13152725,0.1598851,,,,,
reveal,secret,M+E+,透露,秘密,0.06666667014360428,0.1715899556875229,,0.14732934534549713,0.2123597264289856,11.0,17.845355987548828,0.3171012699604034,0.4021604359149933,0.8354624509811401,0.7119951248168945,"[{'zh': '展示', 'rcs': 0.2257990688085556, 'w': 0.16453755087266939}]","[{'zh': '神秘', 'rcs': 0.3403626978397369, 'w': 0.28800485119278413}]",1.4444502020262653,6,6,透露,秘密,0.6753433,0.7331738,0.70425856,0.23805548,0.0886327,0.16334409,,,,,
reveal,privacy,M+E-,透露,隐私,0.0,0.02409987896680832,,0.05868010222911835,0.2983436584472656,0.0,2.506387233734131,0.3171012699604034,0.4476391673088074,0.8354624509811401,1.0,"[{'zh': '展示', 'rcs': 0.2257990688085556, 'w': 0.16453755087266939}]",[],1.3275334718419636,6,7,透露,隐私,0.6753433,0.72041273,0.697878,0.23805548,0.40492576,0.32149062,,,,,
reveal,magic,M-E+,,,0.03030303679406643,0.0,,0.14416289329528809,0.012111992575228214,5.0,0.0,,,,,,,1.0585604433486504,6,5,透露,魔术,0.6753433,0.7596526,0.71749794,0.23805548,0.20669322,0.22237435,,,,,
rhythm,melody,M+E+,节奏,歌曲,0.0175438541918993,0.011779272928833961,,0.5370626449584961,0.31734010577201843,4.0,1.0719138383865356,0.3759461939334869,0.4005718231201172,1.0,0.23666925728321075,[],"[{'zh': '旋律', 'rcs': 0.4820728600025177, 'w': 0.5359569397355128}, {'zh': '乐曲', 'rcs': 0.41485396027565, 'w': 0.2273738012951657}]",0.6571694953239833,6,6,节奏,旋律,0.7664781,0.79180276,0.7791405,0.4433085,0.4676782,0.45549333,,,,,
rhythm,slow,M+E-,节奏,慢,0.0,0.032967034727334976,,0.07223674654960632,0.2653999924659729,0.0,3.0,0.3759461939334869,0.3522450625896454,1.0,1.0,[],[],1.4428452159303788,6,4,节奏,慢,0.7664781,0.7629393,0.7647087,0.4433085,0.34552816,0.39441833,,,,,
rhythm,master,M+E-,节奏,大师,0.0,0.010989011265337467,,0.022940943017601967,0.02305999957025051,0.0,1.0,0.3759461939334869,0.2732621431350708,1.0,0.20000000298023224,[],"[{'zh': '师傅', 'rcs': 0.3025596737861633, 'w': 0.2}, {'zh': '师父', 'rcs': 0.2690237462520599, 'w': 0.2}, {'zh': '主人', 'rcs': 0.2063238471746444, 'w': 0.2}, {'zh': '硕士', 'rcs': 0.3383707404136657, 'w': 0.2}]",1.1971616118401833,6,6,节奏,师傅,0.7664781,0.73064005,0.7485591,0.4433085,0.32940963,0.38635907,,,,,
rhythm,method,M-E+,,,0.021929828450083733,0.0,,0.09428911656141281,0.01007270161062479,5.0,0.0,,,,,,,0.6421043898824565,6,6,节奏,方式,0.7664781,0.7319353,0.7492067,0.4433085,0.16003485,0.30167168,,,,,
ribbon,string,M+E+,带子,绳子,0.019704431295394897,0.012294954620301723,,0.21579457819461823,0.07981768250465393,4.0,1.2663803100585938,0.3680538833141327,0.3045003116130829,0.251400887966156,0.41977453231811523,"[{'zh': '丝带', 'rcs': 0.4431648254394531, 'w': 0.7485991245652385}]","[{'zh': '弦', 'rcs': 0.4187423884868622, 'w': 0.5802254644933297}]",0.5099026091552241,6,6,丝带,弦,0.7566797,0.6284958,0.69258773,0.4454856,0.254066,0.3497758,,,,,
ribbon,silk,M+E+,丝带,丝绸,0.014778322540223598,0.04678744450211525,,0.2216259092092514,0.21627026796340942,3.0,5.240193843841553,0.4431648254394531,0.4945723116397857,0.748599112033844,1.0,"[{'zh': '带子', 'rcs': 0.3680538833141327, 'w': 0.25140087543476153}]",[],1.0487178081192803,6,4,丝带,丝绸,0.7566797,0.78553885,0.7711093,0.4454856,0.43829447,0.44189003,,,,,
ribbon,kelp,M+E-,带子,海带,0.0,0.012203926220536232,,0.03392767161130905,0.047514766454696655,0.0,1.2570044994354248,0.3680538833141327,0.5743660926818848,0.251400887966156,1.0,"[{'zh': '丝带', 'rcs': 0.4431648254394531, 'w': 0.7485991245652385}]",[],1.2301942655512892,6,4,丝带,海带,0.7566797,0.827511,0.79209536,0.4454856,0.30698523,0.37623543,,,,,
ribbon,seafood,M+E-,带子,海鲜,0.0,0.0097631411626935,,0.012204661034047604,0.04150628671050072,0.0,1.005603551864624,0.3680538833141327,0.626848578453064,0.251400887966156,1.0,"[{'zh': '丝带', 'rcs': 0.4431648254394531, 'w': 0.7485991245652385}]",[],0.6943356468759345,6,7,丝带,海鲜,0.7566797,0.8653312,0.8110055,0.4454856,0.7195504,0.582518,,,,,
ribbon,prize,M-E+,,,0.019704431295394897,0.0,,0.2184247374534607,0.0080224284902215,4.0,0.0,,,,,,,1.02458167593632,6,5,丝带,奖,0.7566797,0.7494821,0.7530809,0.4454856,0.38952157,0.4175036,,,,,
ribbon,award,M-E+,,,0.014778322540223598,0.0,,0.21540814638137817,0.015354295261204243,3.0,0.0,,,,,,,0.9912386152531759,6,5,丝带,奖状,0.7566797,0.719095,0.7378874,0.4454856,0.5372194,0.4913525,,,,,
riding,saddle,M+E+,骑马,马鞍,0.04724408686161041,0.04938271641731262,,0.4769769012928009,0.4952000081539154,6.0,4.0,0.3449922800064087,0.2919842898845672,1.0,1.0,[],[],1.0102230238543977,6,6,骑马,马鞍,0.6668382,0.6921119,0.67947507,0.23870078,0.32381082,0.28125578,,,,,
riding,quick,M+E-,骑马,快,0.0,0.03703703731298447,,0.05209892615675926,0.11829999834299088,0.0,3.0,0.3449922800064087,0.2568528056144714,1.0,1.0,[],[],1.4287530675134006,6,5,骑马,快,0.6668382,0.7524308,0.70963454,0.23870078,0.47288588,0.35579333,,,,,
riding,train,M-E+,,,0.0236220546066761,0.0,,0.2785591185092926,0.039799999445676804,3.0,0.0,,,,,,,0.9757524642325816,6,5,骑马,火车,0.6668382,0.78923094,0.7280346,0.23870078,0.15093203,0.19481641,,,,,
rifle,weapon,M+E+,步枪,武器,0.05511810630559921,0.012464631348848343,,0.3345073461532593,0.14786294102668762,7.0,1.2713923454284668,0.5110562443733215,0.4844430685043335,1.0,0.2542784810066223,[],"[{'zh': '凶器', 'rcs': 0.2454517632722854, 'w': 0.5076603114202342}, {'zh': '兵器', 'rcs': 0.4094533324241638, 'w': 0.16383712565252684}, {'zh': '工具', 'rcs': 0.2591533958911896, 'w': 0.07422409669575192}]",0.7987764752580792,5,6,步枪,凶器,0.7530453,0.7073319,0.7301886,0.27141634,0.6664765,0.4689464,,,,,
rifle,bullet,M+E+,步枪,子弹,0.047244101762771606,0.0882352963089943,,0.407650887966156,0.5234000086784363,6.0,9.0,0.5110562443733215,0.4223982095718384,1.0,1.0,[],[],0.7124842894256027,5,6,步枪,子弹,0.7530453,0.8177105,0.7853779,0.27141634,0.13625708,0.20383671,,,,,
rifle,soldier,M+E+,步枪,军人,0.03149605542421341,0.012916060164570808,,0.2027522772550583,0.1430881768465042,4.0,1.317438006401062,0.5110562443733215,0.4203858375549316,1.0,0.18820543587207794,[],"[{'zh': '战士', 'rcs': 0.3228359520435333, 'w': 0.3164267561764707}, {'zh': '兵', 'rcs': 0.3273873627185821, 'w': 0.3164267561764707}, {'zh': '士兵', 'rcs': 0.4214936792850494, 'w': 0.17894105627238624}]",1.112842221000458,5,7,步枪,战士,0.7530453,0.75581336,0.75442934,0.27141634,0.31563348,0.29352492,,,,,
rifle,pistol,M+E+,步枪,手枪,0.023622050881385803,0.0882352963089943,,0.3897145390510559,0.6455000042915344,3.0,9.0,0.5110562443733215,0.5073447823524475,1.0,1.0,[],[],0.5261293862335663,5,6,步枪,手枪,0.7530453,0.7766199,0.7648326,0.27141634,0.52903837,0.40022737,,,,,
rifle,slug,M+E-,步枪,子弹,0.0,0.0882352963089943,,0.04192475602030754,0.5234000086784363,0.0,9.0,0.5110562443733215,0.2440744638442993,1.0,1.0,[],[],0.7822499615650182,5,4,步枪,子弹,0.7530453,0.44296688,0.5980061,0.27141634,0.001967554,0.13669194,,,,,
rifle,rod,M+E-,步枪,手枪,0.0,0.021641718223690987,,0.03279108554124832,0.15832360088825226,0.0,2.2074551582336426,0.5110562443733215,0.2123578041791916,1.0,0.24527280032634735,[],"[{'zh': '棒', 'rcs': 0.2373691350221634, 'w': 0.43813676441932653}, {'zh': '杆', 'rcs': 0.3202460408210754, 'w': 0.3165904308433663}]",1.059959316290329,5,3,步枪,棒,0.7530453,0.6464872,0.6997663,0.27141634,0.01063307,0.14102471,,,,,
rifle,barrel,M-E+,,,0.023622050881385803,0.0,,0.2543862462043762,0.015599999576807022,3.0,0.0,,,,,,,0.5142990891696906,5,6,步枪,桶,0.7530453,0.72587246,0.7394589,0.27141634,0.19569644,0.23355639,,,,,
rise,lift,M+E+,上升,电梯,0.06185566633939743,0.03877155855298042,,0.342477947473526,0.1588955521583557,12.0,3.7608413696289062,0.3109742105007171,0.2849179804325104,0.82929527759552,0.7558307647705078,"[{'zh': '增长', 'rcs': 0.2891542613506317, 'w': 0.17070472211336812}]","[{'zh': '移动', 'rcs': 0.3695006072521209, 'w': 0.24416924500773757}]",0.18354257630619775,4,4,上升,电梯,0.65922374,0.6691163,0.66417,0.22844301,0.053380553,0.14091179,,,,,
rise,space,M+E-,上升,空间,0.0,0.010865730233490467,,0.025112910196185112,0.0383647195994854,0.0,1.0539759397506714,0.3109742105007171,0.4441013634204864,0.82929527759552,0.42364317178726196,"[{'zh': '增长', 'rcs': 0.2891542613506317, 'w': 0.17070472211336812}]","[{'zh': '空隙', 'rcs': 0.2548846900463104, 'w': 0.42364316696716553}, {'zh': '空格', 'rcs': 0.2406511604785919, 'w': 0.15271366606566908}]",0.8247300381231836,4,5,上升,空间,0.65922374,0.6740433,0.6666335,0.22844301,0.266436,0.2474395,,,,,
rise,add,M+E-,增长,增加,0.0,0.010242283344268799,,0.053217992186546326,0.19853328168392181,0.0,1.0242283344268799,0.2891542613506317,0.3410897850990295,0.17070472240447998,1.0,"[{'zh': '上升', 'rcs': 0.3109742105007171, 'w': 0.8292952778866318}]",[],1.0923550929459396,4,3,上升,增加,0.65922374,0.6496642,0.654444,0.22844301,0.026257789,0.1273504,,,,,
rise,bread,M-E+,,,0.07731958478689194,0.0,,0.1573774367570877,0.016337117180228233,15.0,0.0,,,,,,,0.956145062734177,4,5,上升,面包,0.65922374,0.8496332,0.7544285,0.22844301,0.3416906,0.2850668,,,,,
rise,bed,M-E+,,,0.025773195549845695,0.0,,0.08903981000185013,0.018783537670969963,5.0,0.0,,,,,,,1.4562433837875068,4,3,上升,底层,0.65922374,0.7466802,0.70295197,0.22844301,0.49461982,0.3615314,,,,,
rise,cake,M-E+,,,0.015463920310139656,0.0,,0.0782826617360115,0.011071091517806053,3.0,0.0,,,,,,,0.7690574075653872,4,4,上升,蛋糕,0.65922374,0.82305276,0.7411382,0.22844301,0.55040956,0.3894263,,,,,
roll,ball,M+E+,滚动,球,0.059405937790870667,0.08702438324689865,,0.13993218541145325,0.1454716920852661,12.0,7.223023414611816,0.2023383677005767,0.3773891627788543,0.4815348982810974,1.0,"[{'zh': '摇晃', 'rcs': 0.2350303828716278, 'w': 0.279072021113907}, {'zh': '摇摆', 'rcs': 0.2378317415714264, 'w': 0.239393093270744}]",[],0.8325374673832686,4,4,滚动,球,0.63889223,0.7559591,0.69742566,0.25586662,0.19173166,0.22379914,,,,,
roll,person,M+E-,摇晃,人,0.0,0.00930240098387003,,0.003087816294282675,0.009630697779357433,0.0,0.8372160196304321,0.2350303828716278,0.2342890352010727,0.27907201647758484,1.0,"[{'zh': '滚动', 'rcs': 0.2023383677005767, 'w': 0.4815348856153491}, {'zh': '摇摆', 'rcs': 0.2378317415714264, 'w': 0.239393093270744}]",[],1.2832873357730314,4,6,滚动,人,0.63889223,0.69399196,0.6664421,0.25586662,0.08301145,0.16943903,,,,,
roll,ship,M+E-,摇晃,船,0.0,0.00930240098387003,,0.030190695077180862,0.04476315155625343,0.0,0.8372160196304321,0.2350303828716278,0.5217533111572266,0.27907201647758484,1.0,"[{'zh': '滚动', 'rcs': 0.2023383677005767, 'w': 0.4815348856153491}, {'zh': '摇摆', 'rcs': 0.2378317415714264, 'w': 0.239393093270744}]",[],0.7070745632739112,4,4,滚动,船,0.63889223,0.8279798,0.733436,0.25586662,0.54570097,0.40078378,,,,,
roll,jazz,M+E-,摇摆,爵士,0.0,0.009090877138078213,,0.03310106694698334,0.09120877087116241,0.0,0.7181792855262756,0.2378317415714264,0.2111568748950958,0.23939310014247894,1.0,"[{'zh': '滚动', 'rcs': 0.2023383677005767, 'w': 0.4815348856153491}, {'zh': '摇晃', 'rcs': 0.2350303828716278, 'w': 0.279072021113907}]",[],0.9343050119482771,4,4,滚动,爵士,0.63889223,0.71124583,0.67506903,0.25586662,0.9212167,0.5885417,,,,,
roll,bread,M-E+,,,0.12871287763118744,0.0,,0.33862531185150146,0.022824754938483238,26.0,0.0,,,,,,,0.9644347063383371,4,5,滚动,面包,0.63889223,0.8496332,0.7442627,0.25586662,0.3416906,0.2987786,,,,,
roll,butter,M-E+,,,0.02970297634601593,0.0,,0.23738406598567963,0.00789717212319374,6.0,0.0,,,,,,,1.3396924674067467,4,6,滚动,黄油,0.63889223,0.85192263,0.74540746,0.25586662,0.56899136,0.41242898,,,,,
roll,round,M-E+,,,0.019801979884505272,0.0,,0.15103358030319214,0.04097862169146538,4.0,0.0,,,,,,,0.5434764217848718,4,5,滚动,回合,0.63889223,0.46832725,0.5536097,0.25586662,0.014070731,0.13496867,,,,,
roll,call,M-E+,,,0.014851480722427368,0.0,,0.05834462493658066,0.012736598029732704,3.0,0.0,,,,,,,1.4199948086858836,4,4,滚动,打电话,0.63889223,0.72452956,0.6817109,0.25586662,0.24829078,0.2520787,,,,,
roll,jelly,M-E+,,,0.014851480722427368,0.0,,0.22328244149684906,0.018033482134342194,3.0,0.0,,,,,,,1.4656947597955279,4,5,滚动,果酱,0.63889223,0.83557564,0.73723394,0.25586662,0.33153155,0.2936991,,,,,
roommate,university,M+E+,室友,大学,0.0468750074505806,0.03883495181798935,,0.18237248063087463,0.13930000364780426,6.0,4.0,0.4529215693473816,0.5489556193351746,1.0,1.0,[],[],1.0540394524110654,8,10,室友,大学,0.6993799,0.7498309,0.72460544,0.1257731,0.38085815,0.25331563,,,,,
roommate,chamber,M+E-,室友,寝室,0.0,0.020039252936840057,,0.05271868035197258,0.2028438299894333,0.0,2.0640430450439453,0.4529215693473816,0.2598879635334015,1.0,0.5160107612609863,[],"[{'zh': '室', 'rcs': 0.2981533110141754, 'w': 0.2514824045660064}, {'zh': '卧室', 'rcs': 0.2701255679130554, 'w': 0.1407704185705192}, {'zh': '房间', 'rcs': 0.2080946862697601, 'w': 0.09173642842556547}]",0.49332268388443623,8,7,室友,寝室,0.6993799,0.5510357,0.6252078,0.1257731,0.08165742,0.103715256,,,,,
roommate,kitchen,M-E+,,,0.0234375037252903,0.0,,0.11094265431165695,0.03200000151991844,3.0,0.0,,,,,,,1.091565741080258,8,7,室友,厨房,0.6993799,0.7795714,0.73947567,0.1257731,0.08267882,0.10422596,,,,,
rough,smooth,M+E+,粗糙,光滑,0.0784313753247261,0.06397514790296555,,0.14358624815940857,0.2510998845100403,16.0,6.52546501159668,0.2128840833902359,0.4371867179870605,0.6525465250015259,1.0,"[{'zh': '粗', 'rcs': 0.2246107459068298, 'w': 0.347453464119419}]",[],0.6208641585754758,5,6,粗糙,光滑,0.7057622,0.7832629,0.74451256,0.39005485,0.5231723,0.4566136,,,,,
rough,skin,M+E+,粗糙,皮肤,0.02450980618596077,0.015319691970944405,,0.15493452548980713,0.09188138693571091,5.0,1.5626085996627808,0.2128840833902359,0.5646045207977295,0.6525465250015259,0.4789263606071472,"[{'zh': '粗', 'rcs': 0.2246107459068298, 'w': 0.347453464119419}]","[{'zh': '壳', 'rcs': 0.3820466101169586, 'w': 0.1817293657600022}, {'zh': '剥皮', 'rcs': 0.3006784617900848, 'w': 0.17885542186769768}, {'zh': '毛皮', 'rcs': 0.363589197397232, 'w': 0.16048884487323642}]",1.0250384027195865,5,4,粗糙,皮肤,0.7057622,0.7957984,0.75078034,0.39005485,0.27219588,0.33112538,,,,,
rough,surface,M+E+,粗糙,表面,0.01960783638060093,0.00903849583119154,,0.18959073722362518,0.059648651629686356,4.0,0.9219265580177307,0.2128840833902359,0.4597764015197754,0.6525465250015259,0.4709378480911255,"[{'zh': '粗', 'rcs': 0.2246107459068298, 'w': 0.347453464119419}]","[{'zh': '地面', 'rcs': 0.3728223741054535, 'w': 0.27485648871479795}, {'zh': '水面', 'rcs': 0.3617261946201324, 'w': 0.254205665778606}]",1.1199245251361194,5,7,粗糙,表面,0.7057622,0.78162175,0.743692,0.39005485,0.28335783,0.33670634,,,,,
rough,thin,M+E-,粗,细,0.0,0.03445819392800331,,0.027040671557188034,0.08912181854248047,0.0,4.1694416999816895,0.2246107459068298,0.2999193370342254,0.3474534749984741,0.5,"[{'zh': '粗糙', 'rcs': 0.2128840833902359, 'w': 0.6525465358805811}]","[{'zh': '薄', 'rcs': 0.4066925942897796, 'w': 0.5}]",0.5887142168030832,5,4,粗糙,薄,0.7057622,0.75006765,0.7279149,0.39005485,0.49417633,0.4421156,,,,,
rough,tough,M-E+,,,0.11274509131908417,0.0,,0.21270182728767395,0.018467066809535027,23.0,0.0,,,,,,,1.3335281858723933,5,5,粗糙,难,0.7057622,0.5257976,0.6157799,0.39005485,0.013533704,0.20179428,,,,,
rubber,tire,M+E+,橡胶,轮胎,0.13297872245311737,0.07352941483259201,,0.19311699271202087,0.16975000500679016,25.0,7.5,0.5649929642677307,0.5057921409606934,0.5,1.0,"[{'zh': '橡皮', 'rcs': 0.4567258358001709, 'w': 0.5}]",[],0.981445231190305,6,4,橡皮,轮胎,0.74730843,0.6856807,0.71649456,0.47639507,0.17496835,0.32568172,,,,,
rubber,tree,M+E+,橡胶,树,0.05851064249873161,0.01145461667329073,,0.04590563476085663,0.03497323393821716,11.0,1.1683708429336548,0.5649929642677307,0.3510806560516357,0.5,0.38945695757865906,"[{'zh': '橡皮', 'rcs': 0.4567258358001709, 'w': 0.5}]","[{'zh': '大树', 'rcs': 0.3920817971229553, 'w': 0.3894569459129817}, {'zh': '树木', 'rcs': 0.4441355466842651, 'w': 0.22108610817403662}]",1.2834969997490213,6,4,橡皮,大树,0.74730843,0.80540377,0.7763561,0.47639507,0.4329255,0.4546603,,,,,
rubber,pencil,M+E+,橡皮,铅笔,0.04787234589457512,0.12871287763118744,,0.20135751366615295,0.2628999948501587,9.0,13.0,0.4567258358001709,0.5477154850959778,0.5,1.0,"[{'zh': '橡胶', 'rcs': 0.5649929642677307, 'w': 0.5}]",[],0.19006744147788068,6,6,橡皮,铅笔,0.74730843,0.77129745,0.759303,0.47639507,0.45400298,0.46519902,,,,,
rubber,rake,M+E-,橡皮,擦,0.0,0.0229007750749588,,0.02880414016544819,0.0740153044462204,0.0,2.3129782676696777,0.4567258358001709,0.2295340150594711,0.5,0.4625956416130066,"[{'zh': '橡胶', 'rcs': 0.5649929642677307, 'w': 0.5}]","[{'zh': '刮', 'rcs': 0.2640303373336792, 'w': 0.5374043610835426}]",1.27960633112745,6,4,橡皮,刮,0.74730843,0.62080055,0.6840545,0.47639507,0.0,0.23819754,,,,,
rubber,band,M-E+,,,0.10638297349214554,0.0,,0.1737217903137207,0.004699999932199717,20.0,0.0,,,,,,,1.2221517682038159,6,4,橡皮,乐队,0.74730843,0.7856084,0.7664584,0.47639507,0.5359053,0.5061502,,,,,
rubber,bounce,M-E+,,,0.03191489726305008,0.0,,0.2279936522245407,0.02606607973575592,6.0,0.0,,,,,,,0.9551713081198383,6,6,橡皮,跳动,0.74730843,0.7331622,0.7402353,0.47639507,0.14869386,0.31254447,,,,,
rubber,road,M-E+,,,0.01595744863152504,0.0,,0.05446456000208855,0.014107776805758476,3.0,0.0,,,,,,,1.4882931598472957,6,4,橡皮,马路,0.74730843,0.80025244,0.77378047,0.47639507,0.26816672,0.3722809,,,,,
rug,soft,M+E+,垫子,软,0.044198885560035706,0.022113420069217682,,0.23481974005699158,0.13140998780727386,8.0,2.49881649017334,0.4932973682880401,0.4027330577373504,0.6454018354415894,0.4301913380622864,"[{'zh': '地毯', 'rcs': 0.496677041053772, 'w': 0.3545981871342478}]","[{'zh': '柔软', 'rcs': 0.3980827033519745, 'w': 0.43019133098298074}, {'zh': '小的', 'rcs': 0.2205965369939804, 'w': 0.13961733803403859}]",1.1529599860803088,3,4,垫子,软,0.7779174,0.79574925,0.7868333,0.084963925,0.32706863,0.20601627,,,,,
rug,booty,M+E-,垫子,屁股,0.0,0.02855760231614113,,0.0397915318608284,0.13585709035396576,0.0,3.2270092964172363,0.4932973682880401,0.211815521121025,0.6454018354415894,1.0,"[{'zh': '地毯', 'rcs': 0.496677041053772, 'w': 0.3545981871342478}]",[],1.0885465721683103,3,5,垫子,屁股,0.7779174,0.62284213,0.7003797,0.084963925,0.035338357,0.06015114,,,,,
rug,bum,M+E-,垫子,屁股,0.0,0.02855760231614113,,0.03373735398054123,0.13585709035396576,0.0,3.2270092964172363,0.4932973682880401,0.3127879202365875,0.6454018354415894,1.0,"[{'zh': '地毯', 'rcs': 0.496677041053772, 'w': 0.3545981871342478}]",[],0.5830020865593367,3,3,垫子,屁股,0.7779174,0.646672,0.7122947,0.084963925,0.07852899,0.08174646,,,,,
rug,bun,M+E-,垫子,屁股,0.0,0.02855760231614113,,0.045636069029569626,0.13585709035396576,0.0,3.2270092964172363,0.4932973682880401,0.3701540231704712,0.6454018354415894,1.0,"[{'zh': '地毯', 'rcs': 0.496677041053772, 'w': 0.3545981871342478}]",[],0.6971062318526609,3,3,垫子,屁股,0.7779174,0.47695416,0.6274358,0.084963925,0.010105428,0.047534678,,,,,
rug,butt,M+E-,垫子,屁股,0.0,0.02855760231614113,,0.035882432013750076,0.13585709035396576,0.0,3.2270092964172363,0.4932973682880401,0.4348784983158111,0.6454018354415894,1.0,"[{'zh': '地毯', 'rcs': 0.496677041053772, 'w': 0.3545981871342478}]",[],0.8587124519599082,3,4,垫子,屁股,0.7779174,0.7246236,0.75127053,0.084963925,0.17101058,0.12798725,,,,,
rug,bug,M-E+,,,0.0220994520932436,0.0,,0.10545919090509415,0.025235211476683617,4.0,0.0,,,,,,,0.42555269752006464,3,3,垫子,虫子,0.7779174,0.7200527,0.74898505,0.084963925,0.3248601,0.204912,,,,,
rug,burn,M-E+,,,0.01657458394765854,0.0,,0.04164601117372513,0.021295888349413872,3.0,0.0,,,,,,,1.205507757195227,3,4,垫子,烧伤,0.7779174,0.7245533,0.75123537,0.084963925,0.4179795,0.25147173,,,,,
sack,pack,M+E+,袋子,装,0.015625005587935448,0.028037382289767265,,0.2608262300491333,0.3939000070095062,3.0,3.0,0.2280734628438949,0.3028482794761657,1.0,1.0,[],[],1.1529667055217014,4,4,袋子,装,0.7359671,0.6118962,0.67393166,0.12801418,0.038814045,0.08341411,,,,,
sack,plastic,M+E-,袋子,塑料袋,0.0,0.05100453644990921,,0.06335754692554474,0.22775906324386597,0.0,5.457485198974609,0.2280734628438949,0.5784884095191956,1.0,0.39361271262168884,[],"[{'zh': '塑料', 'rcs': 0.5795463919639587, 'w': 0.6063872741703015}]",1.4701775964521016,4,7,袋子,塑料,0.7359671,0.79986227,0.76791465,0.12801418,0.16726188,0.14763802,,,,,
sack,potato,M-E+,,,0.078125,0.0,,0.19374147057533264,0.03985000029206276,15.0,0.0,,,,,,,0.9731286163505873,4,6,袋子,马铃薯,0.7359671,0.8585923,0.7972797,0.12801418,0.2965405,0.21227734,,,,,
sack,race,M-E+,,,0.0572916641831398,0.0,,0.0377192497253418,0.006109480746090412,11.0,0.0,,,,,,,1.4442679882704414,4,4,袋子,比赛,0.7359671,0.66972494,0.70284605,0.12801418,0.09689766,0.11245592,,,,,
sack,ball,M-E+,,,0.0468750037252903,0.0,,0.11196934431791306,0.023900000378489494,9.0,0.0,,,,,,,1.1420832884345127,4,4,袋子,球,0.7359671,0.7559591,0.7459631,0.12801418,0.19173166,0.15987292,,,,,
sack,lunch,M-E+,,,0.0208333358168602,0.0,,0.15451417863368988,0.033633336424827576,4.0,0.0,,,,,,,1.324230008120839,4,5,袋子,午餐,0.7359671,0.82397294,0.77997005,0.12801418,0.19182841,0.15992129,,,,,
sacred,religion,M+E+,神圣,信仰,0.054216861724853516,0.013053758069872856,,0.380146861076355,0.38332995772361755,9.0,1.5403435230255127,0.368800401687622,0.48028564453125,1.0,0.3080686926841736,[],"[{'zh': '宗教', 'rcs': 0.5187509059906006, 'w': 0.6919313011026766}]",0.972007660823543,6,8,神圣,宗教,0.76895916,0.79386705,0.7814131,0.22153392,0.22887622,0.22520506,,,,,
sacred,opinion,M+E-,神圣,信仰,0.0,0.008073795586824417,,0.06768438965082169,0.10594111680984497,0.0,0.9527078866958618,0.368800401687622,0.2899017035961151,1.0,0.1905415803194046,[],"[{'zh': '观念', 'rcs': 0.3667425811290741, 'w': 0.2362856735324433}, {'zh': '意见', 'rcs': 0.4700506031513214, 'w': 0.2177828904383012}, {'zh': '想法', 'rcs': 0.3472108840942383, 'w': 0.19114166205209354}, {'zh': '看法', 'rcs': 0.4761859774589538, 'w': 0.16424819916768768}]",0.7806458083739329,6,7,神圣,观念,0.76895916,0.6799169,0.7244381,0.22153392,0.077051155,0.14929254,,,,,
sacred,precious,M-E+,,,0.01807229220867157,0.0,,0.17856913805007935,0.012749999761581421,3.0,0.0,,,,,,,1.0314832724376237,6,8,神圣,贵重,0.76895916,0.702391,0.7356751,0.22153392,0.15431054,0.18792224,,,,,
sailor,boat,M+E+,水手,船,0.1411290168762207,0.04862828925251961,,0.3749810457229614,0.31880006194114685,35.0,6.370306015014648,0.3911719918251037,0.562246561050415,1.0,0.335279256105423,[],"[{'zh': '小船', 'rcs': 0.533439040184021, 'w': 0.6647207355631239}]",1.4723032834441354,6,4,水手,小船,0.7703857,0.82973105,0.80005836,0.73896444,0.2317743,0.48536938,,,,,
sailor,ship,M+E+,水手,船,0.1290322244167328,0.1450381726026535,,0.462136834859848,0.5708000063896179,32.0,19.0,0.3911719918251037,0.5217533111572266,1.0,1.0,[],[],1.483853271501058,6,4,水手,船,0.7703857,0.8279798,0.7991828,0.73896444,0.54570097,0.6423327,,,,,
sailor,ocean,M+E+,水手,大海,0.04435484856367111,0.027510659769177437,,0.2412508875131607,0.13802923262119293,11.0,3.603896379470825,0.3911719918251037,0.346094936132431,1.0,0.32762694358825684,[],"[{'zh': '海洋', 'rcs': 0.4433759748935699, 'w': 0.3588481275136553}, {'zh': '海', 'rcs': 0.212484985589981, 'w': 0.3135249423529021}]",0.6845867051146928,6,5,水手,海洋,0.7703857,0.855346,0.81286585,0.73896444,0.43111223,0.5850383,,,,,
sailor,attire,M+E-,水手,衣服,0.0,0.010964427143335342,,0.056918513029813766,0.02116207405924797,0.0,1.4363398551940918,0.3911719918251037,0.4196466505527496,1.0,0.47877997159957886,[],"[{'zh': '服装', 'rcs': 0.483843058347702, 'w': 0.5212200249628415}]",1.1964687900767699,6,6,水手,服装,0.7703857,0.76984525,0.7701155,0.73896444,0.16428323,0.45162383,,,,,
sailor,suit,M-E+,,,0.024193547666072845,0.0,,0.09629516303539276,0.01346666645258665,6.0,0.0,,,,,,,1.344489809241787,6,4,水手,西装,0.7703857,0.7532095,0.76179755,0.73896444,0.11344075,0.4262026,,,,,
sailor,soldier,M-E+,,,0.016129031777381897,0.0,,0.2141798585653305,0.01908053271472454,4.0,0.0,,,,,,,0.7968856531750615,6,7,水手,战士,0.7703857,0.75581336,0.76309955,0.73896444,0.31563348,0.5272989,,,,,
sailor,cap,M-E+,,,0.012096773833036423,0.0,,0.11756407469511032,0.019556591287255287,3.0,0.0,,,,,,,1.4941444841381089,6,3,水手,帽,0.7703857,0.65565217,0.7130189,0.73896444,0.10761683,0.42329064,,,,,
salute,military,M+E+,敬礼,军人,0.17112304270267487,0.028869301080703735,,0.2898229956626892,0.05890181288123131,32.0,3.1756231784820557,0.3540296554565429,0.3106077313423157,0.5446546077728271,0.23322105407714844,"[{'zh': '致敬', 'rcs': 0.3040205538272857, 'w': 0.26999046499469515}, {'zh': '致意', 'rcs': 0.272709310054779, 'w': 0.1853549058641541}]","[{'zh': '军事', 'rcs': 0.4116553962230682, 'w': 0.5755468789631837}, {'zh': '军队', 'rcs': 0.4304167330265045, 'w': 0.19123206161084616}]",1.422837554581563,6,8,敬礼,军事,0.7048079,0.76135147,0.7330797,0.5883543,0.24250275,0.41542852,,,,,
salute,soldier,M+E+,敬礼,军人,0.11764705181121826,0.023297036066651344,,0.28203174471855164,0.056614771485328674,22.0,2.562674045562744,0.3540296554565429,0.4203858375549316,0.5446546077728271,0.18820543587207794,"[{'zh': '致敬', 'rcs': 0.3040205538272857, 'w': 0.26999046499469515}, {'zh': '致意', 'rcs': 0.272709310054779, 'w': 0.1853549058641541}]","[{'zh': '战士', 'rcs': 0.3228359520435333, 'w': 0.3164267561764707}, {'zh': '兵', 'rcs': 0.3273873627185821, 'w': 0.3164267561764707}, {'zh': '士兵', 'rcs': 0.4214936792850494, 'w': 0.17894105627238624}]",1.0532005419145145,6,7,敬礼,战士,0.7048079,0.75581336,0.7303106,0.5883543,0.31563348,0.45199388,,,,,
salute,martyr,M+E-,致敬,烈士,0.0,0.018946699798107147,,0.055254802107810974,0.22102084755897522,0.0,2.159923791885376,0.3040205538272857,0.2590580582618713,0.269990473985672,1.0,"[{'zh': '敬礼', 'rcs': 0.3540296554565429, 'w': 0.5446546291411507}, {'zh': '致意', 'rcs': 0.272709310054779, 'w': 0.1853549058641541}]",[],1.4317006762039326,6,6,敬礼,烈士,0.7048079,0.57752943,0.64116865,0.5883543,0.19068871,0.3895215,,,,,
salute,parade,M-E+,,,0.03208555653691292,0.0,,0.19656424224376678,0.016805650666356087,6.0,0.0,,,,,,,0.3149638436955777,6,6,敬礼,展览,0.7048079,0.52237904,0.61359346,0.5883543,0.0044025993,0.29637843,,,,,
salute,toast,M-E+,,,0.01604277826845646,0.0,,0.1633216291666031,0.0027244852390140295,3.0,0.0,,,,,,,1.046338059673121,6,5,敬礼,吐司,0.7048079,0.8179923,0.7614001,0.5883543,0.8709242,0.72963923,,,,,
salute,wave,M-E+,,,0.01604277826845646,0.0,,0.14758290350437164,0.0029291848186403513,3.0,0.0,,,,,,,1.13260155222793,6,4,敬礼,海浪,0.7048079,0.7762306,0.7405192,0.5883543,0.59953934,0.5939468,,,,,
sanctuary,protection,M+E+,庇护所,保护,0.01395348459482193,0.015405497513711452,,0.10716257244348526,0.03629496693611145,3.0,1.7100101709365845,0.2932688891887665,0.3445330858230591,0.6585124731063843,0.32459715008735657,"[{'zh': '避难所', 'rcs': 0.2605054676532745, 'w': 0.341487512181269}]","[{'zh': '保险', 'rcs': 0.2453444302082061, 'w': 0.675402843015567}]",1.4865458528113684,9,10,庇护所,保险,0.6466152,0.5822828,0.614449,0.14397646,0.12617084,0.13507366,,,,,
sanctuary,warfare,M+E-,避难所,战争,0.0,0.02713772840797901,,0.014092154800891876,0.11154071241617203,0.0,3.0122876167297363,0.2605054676532745,0.2952758073806762,0.3414875268936157,0.6534831523895264,"[{'zh': '庇护所', 'rcs': 0.2932688891887665, 'w': 0.658512487818731}]","[{'zh': '斗争', 'rcs': 0.2138779163360595, 'w': 0.34651687342254717}]",1.1445823295538888,9,7,庇护所,战争,0.6466152,0.75921524,0.7029152,0.14397646,0.2201114,0.18204394,,,,,
sanctuary,catastrophe,M+E-,避难所,灾难,0.0,0.014464149251580238,,0.018725048750638962,0.07064290344715118,0.0,1.605520486831665,0.2605054676532745,0.4978046119213104,0.3414875268936157,0.3483002781867981,"[{'zh': '庇护所', 'rcs': 0.2932688891887665, 'w': 0.658512487818731}]","[{'zh': '灾祸', 'rcs': 0.4149845838546753, 'w': 0.4073515188373054}, {'zh': '困难', 'rcs': 0.2723447680473327, 'w': 0.2443482099591105}]",1.1985506621905222,9,11,庇护所,灾祸,0.6466152,0.71416664,0.68039095,0.14397646,0.4034795,0.27372798,,,,,
sanctuary,warmth,M+E-,庇护所,温暖,0.0,0.01354154758155346,,0.047743357717990875,0.03048310987651348,0.0,1.5031118392944336,0.2932688891887665,0.4195122420787811,0.6585124731063843,0.4565173387527466,"[{'zh': '避难所', 'rcs': 0.2605054676532745, 'w': 0.341487512181269}]","[{'zh': '暖和', 'rcs': 0.3192578554153442, 'w': 0.3599167864822843}, {'zh': '热情', 'rcs': 0.3916732370853424, 'w': 0.1835658837117745}]",1.4743345911554138,9,6,庇护所,温暖,0.6466152,0.7853689,0.7159921,0.14397646,0.3819236,0.26295003,,,,,
sanctuary,wildlife,M-E+,,,0.01860465109348297,0.0,,0.17330534756183624,0.03904978930950165,4.0,0.0,,,,,,,0.8722668881194362,9,8,庇护所,野生动物,0.6466152,0.7994959,0.72305554,0.14397646,0.17177813,0.1578773,,,,,
sash,waist,M+E+,腰带,腰,0.032258059829473495,0.02222222276031971,,0.14159846305847168,0.2285500019788742,5.0,2.0,0.4860442280769348,0.5037955045700073,1.0,0.5,[],"[{'zh': '腰部', 'rcs': 0.5781868696212769, 'w': 0.5}]",0.9439679547003469,4,5,腰带,腰,0.7366061,0.7317434,0.7341747,0.17168033,0.2082112,0.18994576,,,,,
sash,leash,M+E-,腰带,皮带,0.0,0.045390207320451736,,0.07359921932220459,0.14843398332595825,0.0,4.085118293762207,0.4860442280769348,0.3270991146564483,1.0,0.24030108749866486,[],"[{'zh': '绳索', 'rcs': 0.3544420301914215, 'w': 0.4416197141486552}, {'zh': '链条', 'rcs': 0.2070060521364212, 'w': 0.3180792042206278}]",0.8857216627428247,4,5,腰带,绳索,0.7366061,0.6478634,0.69223475,0.17168033,0.032396313,0.102038324,,,,,
sash,banner,M-E+,,,0.019354838877916336,0.0,,0.11209408938884735,0.024399999529123306,3.0,0.0,,,,,,,1.3189258089371094,4,6,腰带,横幅,0.7366061,0.7230732,0.7298397,0.17168033,0.079283684,0.12548201,,,,,
satisfy,pleased,M+E+,满足,满意,0.023076921701431274,0.03234709054231644,,0.29316410422325134,0.10926362872123718,3.0,3.39644455909729,0.4229162037372589,0.4288966059684753,1.0,0.3396444618701935,[],"[{'zh': '高兴', 'rcs': 0.4655969738960266, 'w': 0.4310909638430159}, {'zh': '愉快', 'rcs': 0.3757968842983246, 'w': 0.2292645858262288}]",0.9310756960052627,7,7,满足,高兴,0.72627026,0.6756024,0.7009363,0.23596859,0.13975993,0.18786426,,,,,
satisfy,psychology,M+E-,满足,心理,0.0,0.014285714365541935,,0.013140191324055195,0.05380000174045563,0.0,1.5,0.4229162037372589,0.3878999650478363,1.0,0.5,[],"[{'zh': '心理学', 'rcs': 0.5428000688552856, 'w': 0.5}]",1.47738571909386,7,10,满足,心理,0.72627026,0.76766455,0.74696743,0.23596859,0.07229169,0.15413013,,,,,
satisfy,quench,M-E+,,,0.03846152871847153,0.0,,0.3233131766319275,0.01205000001937151,5.0,0.0,,,,,,,1.318055704416488,7,6,满足,扑灭,0.72627026,0.5341016,0.63018596,0.23596859,0.022767322,0.12936796,,,,,
scoop,litter,M+E+,捡起,垃圾,0.020833326503634453,0.038529206067323685,,0.15646083652973175,0.09175730496644974,3.0,4.238212585449219,0.3155144453048706,0.3325892984867096,0.42382127046585083,1.0,"[{'zh': '铲子', 'rcs': 0.3201693594455719, 'w': 0.42382127259040975}, {'zh': '勺', 'rcs': 0.2109838426113128, 'w': 0.15235745481918056}]",[],0.6036817745222158,5,6,铲子,垃圾,0.7555373,0.74247587,0.74900657,0.08311735,0.0441999,0.063658625,,,,,
scoop,stoop,M+E-,捡起,弯腰,0.0,0.057793810963630676,,0.050095491111278534,0.16262023150920868,0.0,6.357318878173828,0.3155144453048706,0.3258056342601776,0.42382127046585083,1.0,"[{'zh': '铲子', 'rcs': 0.3201693594455719, 'w': 0.42382127259040975}, {'zh': '勺', 'rcs': 0.2109838426113128, 'w': 0.15235745481918056}]",[],0.6365115094750089,5,5,铲子,弯腰,0.7555373,0.62338376,0.6894605,0.08311735,0.13508925,0.1091033,,,,,
scoop,iron,M+E-,铲子,铁,0.0,0.02937375195324421,,0.03382710739970207,0.129985973238945,0.0,2.9667489528656006,0.3201693594455719,0.37674680352211,0.42382127046585083,1.0,"[{'zh': '捡起', 'rcs': 0.3155144453048706, 'w': 0.42382127259040975}, {'zh': '勺', 'rcs': 0.2109838426113128, 'w': 0.15235745481918056}]",[],0.8899406285058609,5,4,铲子,铁,0.7555373,0.795556,0.77554667,0.08311735,0.75996953,0.42154345,,,,,
scoop,sugar,M-E+,,,0.020833326503634453,0.0,,0.1882948875427246,0.03513478487730026,3.0,0.0,,,,,,,1.2261371626414168,5,5,铲子,糖,0.7555373,0.8346725,0.79510486,0.08311735,0.2812132,0.18216527,,,,,
scope,broad,M+E+,视野,宽广,0.015463918447494507,0.02245480753481388,,0.16964493691921234,0.275438129901886,3.0,3.1436729431152344,0.2264589816331863,0.2925901412963867,0.5239455103874207,1.0,"[{'zh': '范围', 'rcs': 0.2538587152957916, 'w': 0.270830782185754}, {'zh': '能力', 'rcs': 0.2180708199739456, 'w': 0.20522367819207205}]",[],1.3150904635467286,5,5,视野,宽广,0.66496634,0.72209525,0.6935308,0.30688307,0.07773387,0.19230847,,,,,
scope,tiny,M+E-,范围,小,0.0,0.010620815679430962,,0.06317959725856781,0.03769964352250099,0.0,1.0833231210708618,0.2538587152957916,0.2397595345973968,0.27083078026771545,1.0,"[{'zh': '视野', 'rcs': 0.2264589816331863, 'w': 0.523945539622174}, {'zh': '能力', 'rcs': 0.2180708199739456, 'w': 0.20522367819207205}]",[],1.2142230737346495,5,4,视野,小,0.66496634,0.7488599,0.7069131,0.30688307,0.03771031,0.17229669,,,,,
scope,rifle,M-E+,,,0.020618552342057228,0.0,,0.15014827251434326,0.006218277849256992,4.0,0.0,,,,,,,1.1597256702895269,5,5,视野,步枪,0.66496634,0.7530453,0.70900583,0.30688307,0.27141634,0.2891497,,,,,
scream,yell,M+E+,尖叫,呐喊,0.16062171757221222,0.01116118673235178,,0.391147255897522,0.17288082838058472,31.0,1.317020058631897,0.4471179246902466,0.2807372212409973,1.0,0.4390066862106323,[],"[{'zh': '喊叫', 'rcs': 0.4403048455715179, 'w': 0.22782320362578054}, {'zh': '欢呼', 'rcs': 0.3175866305828094, 'w': 0.18876978998664773}, {'zh': '叫嚷', 'rcs': 0.393348753452301, 'w': 0.14440030688877328}]",1.0793620048741162,6,4,尖叫,呐喊,0.7379725,0.75857437,0.74827343,0.41177428,0.42855528,0.42016476,,,,,
scream,loud,M+E+,尖叫,大声,0.14507772028446198,0.04237288236618042,,0.2886229455471039,0.36469998955726624,28.0,5.0,0.4471179246902466,0.3974224627017975,1.0,1.0,[],[],1.1383640900125205,6,4,尖叫,大声,0.7379725,0.7684116,0.75319207,0.41177428,0.093171984,0.25247312,,,,,
scream,lady,M+E-,尖叫,女生,0.0,0.009583807550370693,,0.008791905827820301,0.02121548354625702,0.0,1.1308892965316772,0.4471179246902466,0.2570992112159729,1.0,0.2261778563261032,[],"[{'zh': '女', 'rcs': 0.3753880858421325, 'w': 0.22617785022206596}, {'zh': '淑女', 'rcs': 0.3811275660991668, 'w': 0.22617785022206596}, {'zh': '女子', 'rcs': 0.2242671996355056, 'w': 0.22617785022206596}, {'zh': '女人', 'rcs': 0.3171866238117218, 'w': 0.09528859911173618}]",1.496294889808081,6,4,尖叫,女,0.7379725,0.70106053,0.7195165,0.41177428,0.101873435,0.25682387,,,,,
scream,pain,M-E+,,,0.03108809143304825,0.0,,0.19812658429145813,0.023546157404780388,6.0,0.0,,,,,,,1.4257530964193645,6,4,尖叫,伤痛,0.7379725,0.7658408,0.75190663,0.41177428,0.30135605,0.35656518,,,,,
scream,mouth,M-E+,,,0.015544038265943527,0.0,,0.09774651378393173,0.025714047253131866,3.0,0.0,,,,,,,0.9706734143150462,6,5,尖叫,口,0.7379725,0.7812085,0.7595905,0.41177428,0.26381087,0.33779258,,,,,
screw,nail,M+E+,螺丝,钉,0.1170731708407402,0.02791869454085827,,0.34020906686782837,0.16830186545848846,24.0,2.1776580810546875,0.5131198763847351,0.494232714176178,0.756095826625824,0.4114478826522827,"[{'zh': '螺旋桨', 'rcs': 0.5076266527175903, 'w': 0.24390419018381151}]","[{'zh': '指甲', 'rcs': 0.4805534183979034, 'w': 0.41144787488859724}, {'zh': '钉子', 'rcs': 0.4445976316928863, 'w': 0.17710425022280543}]",0.6248888168730217,5,4,螺丝,钉,0.7446698,0.7656059,0.75513786,0.43415058,0.11914565,0.2766481,,,,,
screw,twist,M+E+,螺丝,拧,0.0439024418592453,0.038774143904447556,,0.21635085344314575,0.23764091730117798,9.0,3.024383306503296,0.5131198763847351,0.2425645291805267,0.756095826625824,1.0,"[{'zh': '螺旋桨', 'rcs': 0.5076266527175903, 'w': 0.24390419018381151}]",[],1.0355213593950436,5,5,螺丝,拧,0.7446698,0.68939376,0.7170318,0.43415058,0.10314945,0.26865003,,,,,
screw,ship,M+E-,螺旋桨,船,0.0,0.023742886260151863,,0.024078167974948883,0.09058601409196854,0.0,2.682945966720581,0.5076266527175903,0.5217533111572266,0.24390418827533722,1.0,"[{'zh': '螺丝', 'rcs': 0.5131198763847351, 'w': 0.7560958098161884}]",[],0.7166113848304259,5,4,螺丝,船,0.7446698,0.8279798,0.7863248,0.43415058,0.54570097,0.48992577,,,,,
screw,touch,M+E-,螺丝,吃,0.0,0.008897967636585236,,0.03334694355726242,0.025078030303120613,0.0,0.69404137134552,0.5131198763847351,0.2017240822315216,0.756095826625824,0.30597594380378723,"[{'zh': '螺旋桨', 'rcs': 0.5076266527175903, 'w': 0.24390419018381151}]","[{'zh': '触摸', 'rcs': 0.3498248159885406, 'w': 0.6222482817801144}, {'zh': '打', 'rcs': 0.2069639414548874, 'w': 0.07177576707765093}]",1.15780336011667,5,5,螺丝,触摸,0.7446698,0.5634652,0.6540675,0.43415058,0.24174066,0.3379456,,,,,
screw,boat,M+E-,螺旋桨,船,0.0,0.00796049740165472,,0.0301198847591877,0.05064884200692177,0.0,0.8995361328125,0.5076266527175903,0.562246561050415,0.24390418827533722,0.335279256105423,"[{'zh': '螺丝', 'rcs': 0.5131198763847351, 'w': 0.7560958098161884}]","[{'zh': '小船', 'rcs': 0.533439040184021, 'w': 0.6647207355631239}]",0.7108011196614502,5,4,螺丝,小船,0.7446698,0.82973105,0.78720045,0.43415058,0.2317743,0.33296245,,,,,
screw,sex,M-E+,,,0.09268292784690857,0.0,,0.07751278579235077,0.002659562276676297,19.0,0.0,,,,,,,1.398968978149822,5,3,螺丝,性,0.7446698,0.72243667,0.73355323,0.43415058,0.29370517,0.36392787,,,,,
screw,wood,M-E+,,,0.03414633497595787,0.0,,0.10577375441789627,0.031373027712106705,7.0,0.0,,,,,,,0.517960671925214,5,4,螺丝,林地,0.7446698,0.72057724,0.7326235,0.43415058,0.37188697,0.40301877,,,,,
screw,build,M-E+,,,0.014634151943027973,0.0,,0.14005571603775024,0.036306679248809814,3.0,0.0,,,,,,,1.0383881502539214,5,5,螺丝,创建,0.7446698,0.70196366,0.7233167,0.43415058,0.19492295,0.31453675,,,,,
seal,animal,M+E+,海豹,动物,0.0569620281457901,0.01621852070093155,,0.14345234632492065,0.08176404982805252,9.0,1.4758853912353516,0.2252060621976852,0.5035275816917419,0.5,0.5903541445732117,"[{'zh': '密封', 'rcs': 0.2454538196325302, 'w': 0.5}]","[{'zh': '兽', 'rcs': 0.3038774132728576, 'w': 0.2910345454408785}, {'zh': '牲畜', 'rcs': 0.2842504382133484, 'w': 0.11861132141469986}]",1.1457086580354718,4,6,海豹,动物,0.7661048,0.84472525,0.80541503,0.29184505,0.6573555,0.47460026,,,,,
seal,letter,M+E+,密封,信件,0.05063290894031525,0.010075336322188377,,0.09270459413528442,0.06557092070579529,8.0,0.9974583387374878,0.2454538196325302,0.4592893123626709,0.5,0.39898332953453064,"[{'zh': '海豹', 'rcs': 0.2252060621976852, 'w': 0.5}]","[{'zh': '书信', 'rcs': 0.4381456077098846, 'w': 0.601016682430027}]",1.3466430079752263,4,6,海豹,书信,0.7661048,0.72047174,0.7432883,0.29184505,0.36632788,0.32908648,,,,,
seal,jar,M+E-,密封,罐子,0.0,0.015790361911058426,,0.05042066425085068,0.06929442286491394,0.0,1.5632457733154297,0.2454538196325302,0.5186755061149597,0.5,0.28422650694847107,"[{'zh': '海豹', 'rcs': 0.2252060621976852, 'w': 0.5}]","[{'zh': '缸', 'rcs': 0.3032687902450561, 'w': 0.28422651929244713}, {'zh': '坛子', 'rcs': 0.3367401957511902, 'w': 0.28422651929244713}, {'zh': '罐头', 'rcs': 0.4481330215930938, 'w': 0.0989784531646106}, {'zh': '罐', 'rcs': 0.4865182042121887, 'w': 0.04834198895804806}]",0.6716052692843313,4,3,海豹,缸,0.7661048,0.8230291,0.794567,0.29184505,0.22502257,0.25843382,,,,,
seal,plastic,M+E-,密封,塑料,0.0,0.012250247411429882,,0.06428353488445282,0.08716816455125809,0.0,1.2127745151519775,0.2454538196325302,0.5795463919639587,0.5,0.6063872575759888,"[{'zh': '海豹', 'rcs': 0.2252060621976852, 'w': 0.5}]","[{'zh': '塑料袋', 'rcs': 0.5784884095191956, 'w': 0.3936127258296985}]",1.4690157718560755,4,7,海豹,塑料,0.7661048,0.79986227,0.78298354,0.29184505,0.16726188,0.22955346,,,,,
seal,tin,M+E-,密封,罐头,0.0,0.010365767404437065,,0.035644859075546265,0.11370416730642319,0.0,1.026210904121399,0.2454538196325302,0.4464443325996399,0.5,0.6841406226158142,"[{'zh': '海豹', 'rcs': 0.2252060621976852, 'w': 0.5}]","[{'zh': '罐', 'rcs': 0.4581671953201294, 'w': 0.31585936959730054}]",0.607370085908224,4,3,海豹,罐头,0.7661048,0.723282,0.7446934,0.29184505,0.109165736,0.20050539,,,,,
seal,clap,M+E-,海豹,拍手,0.0,0.010356892831623554,,0.05624273791909218,0.07624640315771103,0.0,0.9424772262573242,0.2252060621976852,0.4243677258491516,0.5,0.6283181309700012,"[{'zh': '密封', 'rcs': 0.2454538196325302, 'w': 0.5}]","[{'zh': '掌声', 'rcs': 0.2383488267660141, 'w': 0.21367471416122688}, {'zh': '鼓掌', 'rcs': 0.2217157930135727, 'w': 0.1580071839977349}]",0.7553004599422338,4,4,海豹,拍手,0.7661048,0.6737505,0.71992767,0.29184505,0.63373077,0.46278793,,,,,
seal,singer,M-E+,,,0.03797468915581703,0.0,,0.07163266837596893,0.014499999582767487,6.0,0.0,,,,,,,0.9709853067608522,4,6,海豹,歌手,0.7661048,0.78461635,0.7753606,0.29184505,0.40966824,0.35075665,,,,,
seal,kiss,M-E+,,,0.025316454470157623,0.0,,0.07664059102535248,0.0040073697455227375,4.0,0.0,,,,,,,1.1471464059791463,4,4,海豹,接吻,0.7661048,0.7324997,0.74930227,0.29184505,0.42093036,0.3563877,,,,,
seal,rose,M-E+,,,0.01898733526468277,0.0,,0.04337619990110397,0.006326637696474791,3.0,0.0,,,,,,,0.736379312444279,4,4,海豹,玫瑰花,0.7661048,0.7911556,0.7786302,0.29184505,0.4733801,0.3826126,,,,,
seat,bus,M+E+,座位,公交车,0.02816900983452797,0.01505376398563385,,0.1406460851430893,0.07116000354290009,6.0,1.399999976158142,0.2295438349246978,0.3805991113185882,1.0,0.20000000298023224,[],"[{'zh': '公交', 'rcs': 0.415364146232605, 'w': 0.2}, {'zh': '巴士', 'rcs': 0.4735505282878876, 'w': 0.2}, {'zh': '大巴', 'rcs': 0.3957208693027496, 'w': 0.2}, {'zh': '公共汽车', 'rcs': 0.4373778700828552, 'w': 0.2}]",0.4990798970122019,4,3,座位,公交,0.62247914,0.82756907,0.7250241,0.023534125,0.2125342,0.11803416,,,,,
seat,movie,M+E-,座位,电影,0.0,0.032258063554763794,,0.04410000145435333,0.1784999966621399,0.0,3.0,0.2295438349246978,0.40373095870018,1.0,1.0,[],[],0.5700672612834421,4,5,座位,电影,0.62247914,0.75840205,0.6904406,0.023534125,0.6955069,0.3595205,,,,,
seat,subway,M+E-,座位,地铁,0.0,0.032258063554763794,,0.04194134846329689,0.3147999942302704,0.0,3.0,0.2295438349246978,0.4217494428157806,1.0,1.0,[],[],1.4528361856261094,4,6,座位,地铁,0.62247914,0.7617278,0.6921035,0.023534125,0.38268942,0.20311177,,,,,
seat,chair,M-E+,,,0.31924882531166077,0.0,,0.5195517539978027,0.022199999541044235,68.0,0.0,,,,,,,0.5788407060774904,4,5,座位,主持,0.62247914,0.45806354,0.54027134,0.023534125,0.02938048,0.026457302,,,,,
seat,pants,M-E+,,,0.03755868971347809,0.0,,0.1416216343641281,0.0048903231509029865,8.0,0.0,,,,,,,0.5159412384137663,4,5,座位,裤子,0.62247914,0.81233823,0.71740866,0.023534125,0.58007216,0.30180314,,,,,
seat,belt,M-E+,,,0.018779344856739044,0.0,,0.16214846074581146,0.009201553650200367,4.0,0.0,,,,,,,0.6445682781353218,4,4,座位,带,0.62247914,0.76060283,0.69154096,0.023534125,0.30838487,0.16595949,,,,,
seat,butt,M-E+,,,0.018779344856739044,0.0,,0.2541588246822357,0.03420000150799751,4.0,0.0,,,,,,,0.3872041819613354,4,4,座位,屁股,0.62247914,0.7246236,0.6735514,0.023534125,0.17101058,0.09727235,,,,,
section,separate,M+E+,区,区别,0.014492757618427277,0.012204961851239204,,0.1674649715423584,0.03686337545514107,3.0,1.1960861682891846,0.2429988384246826,0.2768154740333557,0.5288141369819641,0.2261827290058136,"[{'zh': '部分', 'rcs': 0.3100466728210449, 'w': 0.47118585496458226}]","[{'zh': '分别', 'rcs': 0.2088067531585693, 'w': 0.2261827240987605}, {'zh': '区分', 'rcs': 0.3231431543827057, 'w': 0.2261827240987605}, {'zh': '分散', 'rcs': 0.2384095788002014, 'w': 0.2261827240987605}, {'zh': '划分', 'rcs': 0.2730216085910797, 'w': 0.09526910360495794}]",0.5010090225276388,7,8,区,分别,0.7159278,0.70167327,0.70880055,0.60311866,0.3030503,0.45308447,,,,,
section,parish,M+E-,区,县,0.0,0.021584250032901764,,0.0525469109416008,0.25383079051971436,0.0,2.1152565479278564,0.2429988384246826,0.3617050051689148,0.5288141369819641,1.0,"[{'zh': '部分', 'rcs': 0.3100466728210449, 'w': 0.47118585496458226}]",[],1.3900930838422167,7,6,区,县,0.7159278,0.51917243,0.61755013,0.60311866,0.015119789,0.30911922,,,,,
section,several,M+E-,部分,一些,0.0,0.014724558219313622,,0.0586831271648407,0.1654333621263504,0.0,1.413557529449463,0.3100466728210449,0.2207914888858795,0.4711858630180359,1.0,"[{'zh': '区', 'rcs': 0.2429988384246826, 'w': 0.5288141450354178}]",[],0.2936676429228182,7,7,区,一些,0.7159278,0.5368346,0.62638116,0.60311866,0.05888039,0.33099952,,,,,
section,orange,M-E+,,,0.05314008891582489,0.0,,0.10480280220508575,0.0030565455090254545,11.0,0.0,,,,,,,1.4192021680558091,7,6,区,橙汁,0.7159278,0.818682,0.7673049,0.60311866,0.47633475,0.53972673,,,,,
semen,male,M+E+,精液,男性,0.05797101557254791,0.05050504952669144,,0.18174999952316284,0.2076999992132187,12.0,5.0,0.5923713445663452,0.3941675722599029,1.0,1.0,[],[],1.2989868672796303,5,4,精液,男性,0.7857134,0.7709186,0.778316,0.4718693,0.046534922,0.2592021,,,,,
semen,bloke,M+E-,精液,男人,0.0,0.06524281203746796,,0.054759372025728226,0.10162220150232315,0.0,6.459038257598877,0.5923713445663452,0.3848049640655517,1.0,0.7176709175109863,[],"[{'zh': '家伙', 'rcs': 0.4022364318370819, 'w': 0.28232908843550797}]",0.8473329030301494,5,5,精液,男人,0.7857134,0.68595093,0.73583215,0.4718693,0.14578894,0.30882913,,,,,
semen,jazz,M-E+,,,0.033816419541835785,0.0,,0.08434470742940903,0.0203000009059906,7.0,0.0,,,,,,,1.1338736460191328,5,4,精液,爵士,0.7857134,0.71124583,0.7484796,0.4718693,0.9212167,0.696543,,,,,
sense,reason,M+E+,理智,理性,0.016483519226312637,0.008754385635256767,,0.28563088178634644,0.046307194977998734,3.0,1.0155086517333984,0.429031491279602,0.388211190700531,0.18906347453594208,0.44760480523109436,"[{'zh': '意识', 'rcs': 0.4329077899456024, 'w': 0.22471026928967694}, {'zh': '意义', 'rcs': 0.4899434447288513, 'w': 0.21509219759672812}, {'zh': '含义', 'rcs': 0.3817503750324249, 'w': 0.188315351728636}, {'zh': '见识', 'rcs': 0.2988646924495697, 'w': 0.18281871141137265}]","[{'zh': '道理', 'rcs': 0.3630458116531372, 'w': 0.2331064171201749}, {'zh': '解释', 'rcs': 0.3559293448925018, 'w': 0.14900575156196805}, {'zh': '理由', 'rcs': 0.4292708337306976, 'w': 0.08922484281595579}, {'zh': '原因', 'rcs': 0.4028798937797546, 'w': 0.08105817248377807}]",0.8266925406297804,5,6,意识,理性,0.6707453,0.73526216,0.70300376,0.0694525,0.34642443,0.20793846,,,,,
sense,calm,M+E-,理智,冷静,0.0,0.010380757972598076,,0.02253481186926365,0.04974551871418953,0.0,1.2041679620742798,0.429031491279602,0.3833999037742615,0.18906347453594208,0.7076800465583801,"[{'zh': '意识', 'rcs': 0.4329077899456024, 'w': 0.22471026928967694}, {'zh': '意义', 'rcs': 0.4899434447288513, 'w': 0.21509219759672812}, {'zh': '含义', 'rcs': 0.3817503750324249, 'w': 0.188315351728636}, {'zh': '见识', 'rcs': 0.2988646924495697, 'w': 0.18281871141137265}]","[{'zh': '安静', 'rcs': 0.429021954536438, 'w': 0.2923199442047935}]",0.5681537160122306,5,4,意识,冷静,0.6707453,0.6380951,0.6544202,0.0694525,0.19123657,0.13034454,,,,,
sense,smell,M-E+,,,0.18131870031356812,0.0,,0.19061222672462463,0.0014419530052691698,33.0,0.0,,,,,,,1.050273817075995,5,5,意识,臭味,0.6707453,0.74013674,0.705441,0.0694525,0.16487122,0.117161855,,,,,
sense,touch,M-E+,,,0.07692307233810425,0.0,,0.25209859013557434,0.008487412706017494,14.0,0.0,,,,,,,1.1716732933770242,5,5,意识,触摸,0.6707453,0.5634652,0.61710525,0.0694525,0.24174066,0.15559658,,,,,
sense,taste,M-E+,,,0.04395603388547897,0.0,,0.2186807245016098,0.004835765343159437,8.0,0.0,,,,,,,1.458713804799906,5,5,意识,体验,0.6707453,0.77914596,0.72494566,0.0694525,0.16045326,0.11495288,,,,,
sense,sight,M-E+,,,0.032967038452625275,0.0,,0.26307806372642517,0.014796128496527672,6.0,0.0,,,,,,,0.8054376348881105,5,5,意识,视力,0.6707453,0.65314585,0.6619456,0.0694525,0.121129714,0.09529111,,,,,
sermon,pastor,M+E+,布道,牧师,0.05286343768239021,0.04938271641731262,,0.5452544689178467,0.499099999666214,12.0,4.0,0.3945610523223877,0.5997785329818726,1.0,1.0,[],[],0.9946305820719036,6,6,布道,牧师,0.7414801,0.6986042,0.72004217,0.2840452,0.20272966,0.24338743,,,,,
sermon,transmit,M+E-,布道,传播,0.0,0.03703703731298447,,0.03802603483200073,0.13650000095367432,0.0,3.0,0.3945610523223877,0.2298490852117538,1.0,1.0,[],[],0.9711295854255084,6,8,布道,传播,0.7414801,0.60739934,0.6744397,0.2840452,0.038283594,0.16116439,,,,,
sermon,lecture,M-E+,,,0.07929515093564987,0.0,,0.24201083183288574,0.02400270663201809,18.0,0.0,,,,,,,0.9688075208980775,6,7,布道,课,0.7414801,0.7390358,0.740258,0.2840452,0.53810674,0.41107595,,,,,
sermon,speech,M-E+,,,0.035242289304733276,0.0,,0.17538855969905853,0.011945574544370174,8.0,0.0,,,,,,,1.4223774489038834,6,6,布道,口语,0.7414801,0.7363121,0.73889613,0.2840452,0.26226616,0.2731557,,,,,
sermon,mount,M-E+,,,0.02643171325325966,0.0,,0.1692602038383484,0.014061927795410156,6.0,0.0,,,,,,,1.1107501469080938,6,5,布道,攀登,0.7414801,0.6774608,0.70947045,0.2840452,0.28814307,0.28609413,,,,,
sermon,lesson,M-E+,,,0.017621150240302086,0.0,,0.15110483765602112,0.014150000177323818,4.0,0.0,,,,,,,1.428595062364746,6,6,布道,经验,0.7414801,0.59752655,0.66950333,0.2840452,0.21315648,0.24860084,,,,,
servant,slave,M+E+,仆人,奴隶,0.25,0.008659515529870987,,0.27707821130752563,0.11952787637710571,52.0,0.796675443649292,0.4366785883903503,0.4481502175331116,0.26555848121643066,1.0,"[{'zh': '职员', 'rcs': 0.3447184264659881, 'w': 0.4045713919899976}, {'zh': '雇员', 'rcs': 0.2241605818271637, 'w': 0.32987012148110456}]",[],1.0255533412862265,7,5,职员,奴隶,0.671807,0.6736942,0.6727506,0.3453948,0.0921031,0.21874894,,,,,
servant,salary,M+E-,雇员,工资,0.0,0.013499860651791096,,0.0731993094086647,0.07206334173679352,0.0,1.7819815874099731,0.2241605818271637,0.510344386100769,0.3298701345920563,0.540207028388977,"[{'zh': '职员', 'rcs': 0.3447184264659881, 'w': 0.4045713919899976}, {'zh': '仆人', 'rcs': 0.4366785883903503, 'w': 0.26555848652889785}]","[{'zh': '薪水', 'rcs': 0.4879786968231201, 'w': 0.45979296053215674}]",1.015121672727395,7,6,职员,工资,0.671807,0.7607097,0.71625835,0.3453948,0.3477147,0.34655476,,,,,
servant,tray,M-E+,,,0.014423072338104248,0.0,,0.23147490620613098,0.006765174679458141,3.0,0.0,,,,,,,1.4754065399446252,7,4,职员,盘,0.671807,0.783063,0.727435,0.3453948,0.06737667,0.20638573,,,,,
setting,scenery,M+E+,背景,风景,0.01376146636903286,0.008295812644064426,,0.33475714921951294,0.0787808820605278,3.0,0.7549189329147339,0.2117061465978622,0.3746067881584167,1.0,0.25163963437080383,[],"[{'zh': '风光', 'rcs': 0.3513353765010834, 'w': 0.5627206014262633}, {'zh': '景色', 'rcs': 0.406257688999176, 'w': 0.18563975712917474}]",1.0175248137847515,7,7,背景,风光,0.6748361,0.6981086,0.68647236,0.023754498,0.42618188,0.2249682,,,,,
setting,powerful,M+E-,背景,强大,0.0,0.02955595590174198,,0.014713797718286514,0.05533835291862488,0.0,2.689591884613037,0.2117061465978622,0.3729542195796966,1.0,0.6723979711532593,[],"[{'zh': '强壮', 'rcs': 0.2564144730567932, 'w': 0.3276020110511408}]",0.9229792203246101,7,8,背景,强大,0.6748361,0.7021957,0.6885159,0.023754498,0.21158463,0.11766956,,,,,
setting,location,M-E+,,,0.059633031487464905,0.0,,0.273299902677536,0.029148239642381668,13.0,0.0,,,,,,,0.49239566328607287,7,8,背景,位置,0.6748361,0.73803484,0.70643544,0.023754498,0.41710758,0.22043104,,,,,
setting,situation,M-E+,,,0.01834861747920513,0.0,,0.18367250263690948,0.029929790645837784,4.0,0.0,,,,,,,1.4919767968158073,7,9,背景,形势,0.6748361,0.6980846,0.6864604,0.023754498,0.08624934,0.05500192,,,,,
sewer,rat,M+E+,下水道,老鼠,0.06145251914858818,0.054646797478199005,,0.2468605488538742,0.17302678525447845,11.0,6.065793991088867,0.4418801963329315,0.525272011756897,1.0,0.5054828524589539,[],"[{'zh': '鼠', 'rcs': 0.4795914888381958, 'w': 0.49451712452432905}]",1.4720717228106135,5,3,下水道,老鼠,0.76699734,0.78748375,0.7772405,0.21407603,0.5262946,0.37018532,,,,,
sewer,sewage,M+E+,下水道,污水,0.04469272866845131,0.054054055362939835,,0.642035186290741,0.4993000030517578,8.0,6.0,0.4418801963329315,0.5605029463768005,1.0,1.0,[],[],0.8892470078123305,5,6,下水道,污水,0.76699734,0.74407697,0.75553715,0.21407603,0.050349493,0.13221276,,,,,
sewer,mermaid,M+E-,下水道,美人鱼,0.0,0.10810811072587967,,0.018688470125198364,0.2599000036716461,0.0,12.0,0.4418801963329315,0.4055846035480499,1.0,1.0,[],[],0.9945662632938863,5,7,下水道,美人鱼,0.76699734,0.8009887,0.783993,0.21407603,0.16013908,0.18710756,,,,,
sewer,stink,M-E+,,,0.033519547432661057,0.0,,0.5297276377677917,0.02500000037252903,6.0,0.0,,,,,,,0.8883665770232683,5,5,下水道,吵闹,0.76699734,0.36970693,0.5683521,0.21407603,0.0025999595,0.10833799,,,,,
sewer,turtle,M-E+,,,0.016759773716330528,0.0,,0.07293858379125595,0.03978487476706505,3.0,0.0,,,,,,,0.9863828083280543,5,6,下水道,乌龟,0.76699734,0.81603044,0.7915139,0.21407603,0.38958013,0.3018281,,,,,
sharp,knife,M+E+,锋利,刀,0.2739725708961487,0.05563585087656975,,0.37435194849967957,0.24186764657497406,60.0,4.895954608917236,0.3983169496059418,0.4517486691474914,0.6382308602333069,0.31963059306144714,"[{'zh': '尖', 'rcs': 0.2377199679613113, 'w': 0.36176915618324945}]","[{'zh': '刀子', 'rcs': 0.5002323985099792, 'w': 0.6803694095529377}]",1.0399795197805732,5,5,锋利,刀子,0.7699418,0.8075766,0.78875923,0.57118124,0.6887677,0.6299745,,,,,
sharp,needle,M+E+,尖,针,0.02283104881644249,0.02723969891667366,,0.35614854097366333,0.09719154238700867,5.0,2.3698537349700928,0.2377199679613113,0.5263547301292419,0.3617691695690155,0.43671563267707825,"[{'zh': '锋利', 'rcs': 0.3983169496059418, 'w': 0.6382308438167505}]","[{'zh': '针头', 'rcs': 0.5342175364494324, 'w': 0.43671563189910584}, {'zh': '指针', 'rcs': 0.2426190823316574, 'w': 0.1265687362017882}]",1.173774235431938,5,6,锋利,针,0.7699418,0.7083572,0.7391495,0.57118124,0.23918825,0.40518475,,,,,
sharp,sword,M+E+,锋利,刀,0.013698634691536427,0.06031195446848869,,0.18307380378246307,0.1842690408229828,3.0,5.3074517250061035,0.3983169496059418,0.3880504071712494,0.6382308602333069,0.34649503231048584,"[{'zh': '尖', 'rcs': 0.2377199679613113, 'w': 0.36176915618324945}]","[{'zh': '剑', 'rcs': 0.3996585011482239, 'w': 0.6535049775078716}]",1.002900296827398,5,5,锋利,剑,0.7699418,0.7492657,0.75960374,0.57118124,0.34472117,0.4579512,,,,,
sharp,scream,M+E-,尖,尖叫,0.0,0.016633065417408943,,0.04909868910908699,0.06663788110017776,0.0,1.447076678276062,0.2377199679613113,0.4471179246902466,0.3617691695690155,1.0,"[{'zh': '锋利', 'rcs': 0.3983169496059418, 'w': 0.6382308438167505}]",[],0.6511576368264702,5,6,锋利,尖叫,0.7699418,0.7379725,0.75395715,0.57118124,0.41177428,0.49147776,,,,,
sharp,screech,M+E-,尖,尖叫,0.0,0.016633065417408943,,0.04411569610238075,0.06663788110017776,0.0,1.447076678276062,0.2377199679613113,0.3586097955703735,0.3617691695690155,1.0,"[{'zh': '锋利', 'rcs': 0.3983169496059418, 'w': 0.6382308438167505}]",[],1.2129405098033017,5,7,锋利,尖叫,0.7699418,0.6751573,0.72254956,0.57118124,0.16160055,0.36639088,,,,,
sharp,shout,M+E-,尖,叫,0.0,0.008380058221518993,,0.022844918072223663,0.04909524321556091,0.0,0.7290651202201843,0.2377199679613113,0.2851747870445251,0.3617691695690155,0.4030553996562958,"[{'zh': '锋利', 'rcs': 0.3983169496059418, 'w': 0.6382308438167505}]","[{'zh': '呼叫', 'rcs': 0.2056460082530975, 'w': 0.40305540859161915}, {'zh': '喊叫', 'rcs': 0.3769891560077667, 'w': 0.19388918281676182}]",0.3519586744770901,5,5,锋利,叫,0.7699418,0.7077442,0.73884296,0.57118124,0.15875797,0.3649696,,,,,
sharp,point,M-E+,,,0.07305936515331268,0.0,,0.21795731782913208,0.018180454149842262,16.0,0.0,,,,,,,1.3176027955431653,5,5,锋利,指向,0.7699418,0.72487867,0.74741024,0.57118124,0.10333664,0.33725893,,,,,
sharp,music,M-E+,,,0.01826484128832817,0.0,,0.01622604764997959,0.006888378877192736,4.0,0.0,,,,,,,1.0865566091152936,5,5,锋利,音乐,0.7699418,0.8164149,0.7931783,0.57118124,0.3563554,0.4637683,,,,,
sheet,pillow,M+E+,床单,枕头,0.04484305530786514,0.049611203372478485,,0.43434712290763855,0.34813836216926575,10.0,3.9688961505889893,0.279130756855011,0.4794847369194031,0.6614826917648315,1.0,"[{'zh': '纸张', 'rcs': 0.4602515995502472, 'w': 0.33851730911067296}]",[],0.48969146042850153,5,6,床单,枕头,0.7659373,0.79217243,0.7790549,0.31622943,0.74965966,0.53294456,,,,,
sheet,blanket,M+E+,床单,被子,0.01793721877038479,0.04447846859693527,,0.42590561509132385,0.16086649894714355,4.0,3.5582776069641113,0.279130756855011,0.3985347747802734,0.6614826917648315,0.48902228474617004,"[{'zh': '纸张', 'rcs': 0.4602515995502472, 'w': 0.33851730911067296}]","[{'zh': '毛毯', 'rcs': 0.5028329491615295, 'w': 0.25743734700152365}, {'zh': '毯子', 'rcs': 0.5196130275726318, 'w': 0.2535403568202963}]",0.9744450128342442,5,7,床单,被子,0.7659373,0.784179,0.77505815,0.31622943,0.586377,0.45130324,,,,,
sheet,pen,M+E-,纸张,笔,0.0,0.011573242023587227,,0.05939730256795883,0.09464943408966064,0.0,1.3540692329406738,0.4602515995502472,0.2590196132659912,0.33851730823516846,0.5,"[{'zh': '床单', 'rcs': 0.279130756855011, 'w': 0.661482690889327}]","[{'zh': '钢笔', 'rcs': 0.2198588103055954, 'w': 0.5}]",1.0528821067479224,5,3,床单,钢笔,0.7659373,0.75962746,0.7627824,0.31622943,0.7793726,0.547801,,,,,
sheet,timber,M+E-,纸张,树木,0.0,0.009065239690244198,,0.028659138828516006,0.04206470400094986,0.0,1.0606329441070557,0.4602515995502472,0.3935052156448364,0.33851730823516846,0.626634418964386,"[{'zh': '床单', 'rcs': 0.279130756855011, 'w': 0.661482690889327}]","[{'zh': '木材', 'rcs': 0.4957786202430725, 'w': 0.37336558992450924}]",0.9611535664017942,5,6,床单,树木,0.7659373,0.7190048,0.7424711,0.31622943,0.29556286,0.30589616,,,,,
sheet,rain,M-E+,,,0.03139013051986694,0.0,,0.14197951555252075,0.023659031838178635,7.0,0.0,,,,,,,0.9169235779715984,5,4,床单,下雨,0.7659373,0.7865754,0.7762563,0.31622943,0.34192422,0.32907683,,,,,
sheet,metal,M-E+,,,0.01345291081815958,0.0,,0.045168280601501465,0.019430892542004585,3.0,0.0,,,,,,,0.28443439921738456,5,5,床单,金属,0.7659373,0.79557395,0.78075564,0.31622943,0.69042593,0.50332767,,,,,
sheet,sail,M-E+,,,0.01345291081815958,0.0,,0.1911921203136444,0.010716020129621029,3.0,0.0,,,,,,,0.5873809539086972,5,4,床单,航行,0.7659373,0.79913574,0.7825365,0.31622943,0.33799717,0.3271133,,,,,
shell,sea,M+E+,贝壳,大海,0.20418845117092133,0.01132288109511137,,0.3662668466567993,0.06884420663118362,39.0,0.99641352891922,0.3945035934448242,0.3686357140541076,0.42110535502433777,0.3380265533924103,"[{'zh': '壳', 'rcs': 0.5318855047225952, 'w': 0.26131626209796166}, {'zh': '骨架', 'rcs': 0.4344162046909332, 'w': 0.18907589993328658}, {'zh': '炮弹', 'rcs': 0.3182783424854278, 'w': 0.1285024854830877}]","[{'zh': '海', 'rcs': 0.2446184605360031, 'w': 0.34962473494946494}, {'zh': '海洋', 'rcs': 0.3984117209911346, 'w': 0.3123487031553847}]",1.2680553225697633,5,3,贝壳,海,0.8229971,0.86250806,0.8427526,0.36660066,0.3810418,0.37382123,,,,,
shell,beach,M+E+,贝壳,沙滩,0.06806282699108124,0.012718087993562222,,0.3112849295139313,0.126155287027359,13.0,1.1191916465759277,0.3945035934448242,0.4049167037010193,0.42110535502433777,0.2778977155685425,"[{'zh': '壳', 'rcs': 0.5318855047225952, 'w': 0.26131626209796166}, {'zh': '骨架', 'rcs': 0.4344162046909332, 'w': 0.18907589993328658}, {'zh': '炮弹', 'rcs': 0.3182783424854278, 'w': 0.1285024854830877}]","[{'zh': '海滩', 'rcs': 0.4553943872451782, 'w': 0.531549496564404}, {'zh': '海边', 'rcs': 0.3813045620918274, 'w': 0.19055278918626617}]",0.7864453142482981,5,5,贝壳,海滩,0.8229971,0.84993356,0.83646536,0.36660066,0.657721,0.51216084,,,,,
shell,ocean,M+E+,贝壳,大海,0.0628272294998169,0.010974525474011898,,0.2168557047843933,0.06547840684652328,12.0,0.965758204460144,0.3945035934448242,0.346094936132431,0.42110535502433777,0.32762694358825684,"[{'zh': '壳', 'rcs': 0.5318855047225952, 'w': 0.26131626209796166}, {'zh': '骨架', 'rcs': 0.4344162046909332, 'w': 0.18907589993328658}, {'zh': '炮弹', 'rcs': 0.3182783424854278, 'w': 0.1285024854830877}]","[{'zh': '海洋', 'rcs': 0.4433759748935699, 'w': 0.3588481275136553}, {'zh': '海', 'rcs': 0.212484985589981, 'w': 0.3135249423529021}]",0.4517255045745379,5,5,贝壳,海洋,0.8229971,0.855346,0.8391715,0.36660066,0.43111223,0.39885646,,,,,
shell,turtle,M+E+,壳,乌龟,0.05759163200855255,0.01732652448117733,,0.293546199798584,0.06374914199113846,11.0,1.957897424697876,0.5318855047225952,0.5357335805892944,0.2613162696361542,0.7492443323135376,"[{'zh': '贝壳', 'rcs': 0.3945035934448242, 'w': 0.4211053524856641}, {'zh': '骨架', 'rcs': 0.4344162046909332, 'w': 0.18907589993328658}, {'zh': '炮弹', 'rcs': 0.3182783424854278, 'w': 0.1285024854830877}]","[{'zh': '龟', 'rcs': 0.5089389085769653, 'w': 0.2507556634975731}]",0.5378560898345072,5,6,贝壳,乌龟,0.8229971,0.81603044,0.8195138,0.36660066,0.38958013,0.37809038,,,,,
shell,sand,M+E+,贝壳,沙滩,0.03664921224117279,0.012366733513772488,,0.19521433115005493,0.13104726374149323,7.0,1.0882725715637207,0.3945035934448242,0.3139732480049133,0.42110535502433777,0.3230404555797577,"[{'zh': '壳', 'rcs': 0.5318855047225952, 'w': 0.26131626209796166}, {'zh': '骨架', 'rcs': 0.4344162046909332, 'w': 0.18907589993328658}, {'zh': '炮弹', 'rcs': 0.3182783424854278, 'w': 0.1285024854830877}]","[{'zh': '沙子', 'rcs': 0.4626651406288147, 'w': 0.6769595400085848}]",0.5693318230686408,5,4,贝壳,沙子,0.8229971,0.8389157,0.8309564,0.36660066,0.4874138,0.42700723,,,,,
shell,snail,M+E+,壳,蜗牛,0.03141361474990845,0.03931306675076485,,0.28948116302490234,0.10533659160137177,6.0,4.442376613616943,0.5318855047225952,0.4879822731018066,0.2613162696361542,1.0,"[{'zh': '贝壳', 'rcs': 0.3945035934448242, 'w': 0.4211053524856641}, {'zh': '骨架', 'rcs': 0.4344162046909332, 'w': 0.18907589993328658}, {'zh': '炮弹', 'rcs': 0.3182783424854278, 'w': 0.1285024854830877}]",[],1.090620071174786,5,5,贝壳,蜗牛,0.8229971,0.71407527,0.7685362,0.36660066,0.66448426,0.51554245,,,,,
shell,slim,M+E-,骨架,瘦,0.0,0.007813053205609322,,0.026105888187885284,0.04227737337350845,0.0,0.9453794956207275,0.4344162046909332,0.2281483858823776,0.18907590210437775,1.0,"[{'zh': '贝壳', 'rcs': 0.3945035934448242, 'w': 0.4211053524856641}, {'zh': '壳', 'rcs': 0.5318855047225952, 'w': 0.26131626209796166}, {'zh': '炮弹', 'rcs': 0.3182783424854278, 'w': 0.1285024854830877}]",[],0.9497242824137853,5,4,贝壳,瘦,0.8229971,0.67208874,0.7475429,0.36660066,0.29442403,0.33051234,,,,,
shell,blast,M+E-,炮弹,爆炸,0.0,0.007636016700416803,,0.05185241252183914,0.04700731858611107,0.0,0.6872414946556091,0.3182783424854278,0.4362828135490417,0.1285024881362915,0.7640113234519958,"[{'zh': '贝壳', 'rcs': 0.3945035934448242, 'w': 0.4211053524856641}, {'zh': '壳', 'rcs': 0.5318855047225952, 'w': 0.26131626209796166}, {'zh': '骨架', 'rcs': 0.4344162046909332, 'w': 0.18907589993328658}]","[{'zh': '响声', 'rcs': 0.3306280076503753, 'w': 0.23598869700517877}]",0.8494821477183013,5,5,贝壳,爆炸,0.8229971,0.78289163,0.80294436,0.36660066,0.20434366,0.28547215,,,,,
shell,oil,M-E+,,,0.04188482463359833,0.0,,0.12833328545093536,0.029024234041571617,8.0,0.0,,,,,,,1.1541165329810923,5,3,贝壳,油,0.8229971,0.73983413,0.7814156,0.36660066,0.23999403,0.30329734,,,,,
ship,ocean,M+E+,船,海,0.06995885074138641,0.03001834638416767,,0.32378140091896057,0.1683715283870697,17.0,2.8217244148254395,0.5217533111572266,0.212484985589981,1.0,0.31352493166923523,[],"[{'zh': '海洋', 'rcs': 0.4433759748935699, 'w': 0.3588481275136553}, {'zh': '大海', 'rcs': 0.346094936132431, 'w': 0.3276269301334425}]",0.80284488006217,4,5,船,海洋,0.8279798,0.855346,0.8416629,0.54570097,0.43111223,0.4884066,,,,,
ship,sea,M+E+,船,海,0.05761317163705826,0.03347470983862877,,0.3786625862121582,0.1706020087003708,14.0,3.1466224193573,0.5217533111572266,0.2446184605360031,1.0,0.34962472319602966,[],"[{'zh': '大海', 'rcs': 0.3686357140541076, 'w': 0.3380265618951504}, {'zh': '海洋', 'rcs': 0.3984117209911346, 'w': 0.3123487031553847}]",0.5610265934746964,4,3,船,海,0.8279798,0.86250806,0.84524393,0.54570097,0.3810418,0.4633714,,,,,
ship,water,M+E+,船,水,0.05349794775247574,0.01763712428510189,,0.10747877508401871,0.09902366250753403,13.0,1.657889723777771,0.5217533111572266,0.3645677268505096,1.0,0.23684139549732208,[],"[{'zh': '灌溉', 'rcs': 0.3861119747161865, 'w': 0.5226347721664009}, {'zh': '水面', 'rcs': 0.3638622760772705, 'w': 0.2405238280466016}]",0.6693451240851157,4,5,船,灌溉,0.8279798,0.5788847,0.70343226,0.54570097,0.2631127,0.40440685,,,,,
ship,wet,M+E-,船,水,0.0,0.010585008189082146,,0.06889727711677551,0.033232688903808594,0.0,0.9949907660484314,0.5217533111572266,0.3768291473388672,1.0,0.14214153587818146,[],"[{'zh': '湿', 'rcs': 0.4603066146373749, 'w': 0.25993643248032516}, {'zh': '湿的', 'rcs': 0.4789307117462158, 'w': 0.25993643248032516}, {'zh': '潮湿', 'rcs': 0.4323588013648987, 'w': 0.25993643248032516}, {'zh': '液体', 'rcs': 0.3145627677440643, 'w': 0.07804916587005213}]",0.795451033961968,4,3,船,湿,0.8279798,0.810579,0.81927943,0.54570097,0.37285385,0.4592774,,,,,
ship,mail,M-E+,,,0.020576128736138344,0.0,,0.1297244429588318,0.02286669984459877,5.0,0.0,,,,,,,0.5597523036695223,4,4,船,邮寄,0.8279798,0.7383844,0.78318214,0.54570097,0.3624631,0.454082,,,,,
shooting,bullet,M+E+,射击,子弹,0.05673758685588837,0.07446808367967606,,0.4211220443248749,0.5295000076293945,8.0,7.0,0.327766090631485,0.4223982095718384,1.0,1.0,[],[],1.3515982747182151,8,6,射击,子弹,0.64824694,0.8177105,0.7329787,0.13112657,0.13625708,0.13369182,,,,,
shooting,campaign,M+E-,射击,运动,0.0,0.05319149047136307,,0.024969223886728287,0.296099990606308,0.0,5.0,0.327766090631485,0.2373098880052566,1.0,1.0,[],[],1.0299771786167007,8,8,射击,运动,0.64824694,0.31127155,0.47975925,0.13112657,0.02444213,0.07778435,,,,,
shooting,champion,M+E-,射击,冠军,0.0,0.05319149047136307,,0.016402127221226692,0.42309999465942383,0.0,5.0,0.327766090631485,0.4341153800487518,1.0,1.0,[],[],0.5357695525150821,8,8,射击,冠军,0.64824694,0.71638495,0.68231595,0.13112657,0.11604854,0.12358755,,,,,
shooting,match,M+E-,射击,比赛,0.0,0.026949575170874596,,0.019468575716018677,0.2165730744600296,0.0,2.5332601070404053,0.327766090631485,0.3792346715927124,1.0,0.36189430952072144,[],"[{'zh': '竞赛', 'rcs': 0.2786668241024017, 'w': 0.6381056929433434}]",1.4823102878802044,8,5,射击,竞赛,0.64824694,0.46755102,0.557899,0.13112657,0.010955539,0.071041055,,,,,
shooting,movement,M+E-,射击,运动,0.0,0.021533312276005745,,0.011823444627225399,0.11986905336380005,0.0,2.0241312980651855,0.327766090631485,0.345899760723114,1.0,0.40482625365257263,[],"[{'zh': '进步', 'rcs': 0.2919689416885376, 'w': 0.5951737585287443}]",0.7493252676305807,8,8,射击,进步,0.64824694,0.62111986,0.6346834,0.13112657,0.13152725,0.13132691,,,,,
shooting,sports,M+E-,射击,运动,0.0,0.011514652520418167,,0.033354584127664566,0.30416423082351685,0.0,1.082377314567566,0.327766090631485,0.2600416839122772,1.0,0.2164754569530487,[],"[{'zh': '体育', 'rcs': 0.4324929714202881, 'w': 0.7835245430329306}]",1.0456621044526493,8,6,射击,体育,0.64824694,0.7607556,0.7045013,0.13112657,0.24604157,0.18858406,,,,,
shooting,camera,M-E+,,,0.04964538291096687,0.0,,0.18956929445266724,0.007233333773910999,7.0,0.0,,,,,,,1.4492713257369112,8,6,射击,相机,0.64824694,0.7588961,0.70357156,0.13112657,0.55002904,0.3405778,,,,,
shooting,target,M-E+,,,0.04964538291096687,0.0,,0.33885329961776733,0.030381470918655396,7.0,0.0,,,,,,,1.0228480313736545,8,6,射击,指标,0.64824694,0.61898065,0.6336138,0.13112657,0.1058211,0.118473835,,,,,
shot,bullet,M+E+,射击,子弹,0.08219178020954132,0.07446808367967606,,0.3981916606426239,0.5295000076293945,12.0,7.0,0.2781755328178406,0.4223982095718384,1.0,1.0,[],[],1.4158071699822192,4,6,射击,子弹,0.62986666,0.8177105,0.7237886,0.19406523,0.13625708,0.16516116,,,,,
shot,race,M+E-,射击,比赛,0.0,0.03791344165802002,,0.016640525311231613,0.1989654153585434,0.0,3.563863754272461,0.2781755328178406,0.3233467042446136,1.0,0.5091233849525452,[],"[{'zh': '赛跑', 'rcs': 0.2542572319507599, 'w': 0.4908766391380848}]",1.062179100149555,4,4,射击,比赛,0.62986666,0.66972494,0.6497958,0.19406523,0.09689766,0.14548144,,,,,
shot,match,M+E-,射击,比赛,0.0,0.026949575170874596,,0.0137648805975914,0.2165730744600296,0.0,2.5332601070404053,0.2781755328178406,0.3792346715927124,1.0,0.36189430952072144,[],"[{'zh': '竞赛', 'rcs': 0.2786668241024017, 'w': 0.6381056929433434}]",0.9977121677308958,4,5,射击,竞赛,0.62986666,0.46755102,0.54870886,0.19406523,0.010955539,0.102510385,,,,,
shot,pain,M-E+,,,0.02739725261926651,0.0,,0.08055786043405533,0.03323975205421448,4.0,0.0,,,,,,,0.9908379422352396,4,4,射击,伤痛,0.62986666,0.7658408,0.69785374,0.19406523,0.30135605,0.24771065,,,,,
shotgun,bullet,M+E+,猎枪,子弹,0.040229879319667816,0.036363635212183,,0.36963921785354614,0.39430001378059387,7.0,4.0,0.45823734998703,0.4223982095718384,1.0,1.0,[],[],0.8787551284347368,7,6,猎枪,子弹,0.69856143,0.8177105,0.758136,0.07159354,0.13625708,0.10392531,,,,,
shotgun,animal,M+E-,猎枪,动物,0.0,0.0322011336684227,,0.04681864753365517,0.22026114165782928,0.0,3.5421247482299805,0.45823734998703,0.5035275816917419,1.0,0.5903541445732117,[],"[{'zh': '兽', 'rcs': 0.3038774132728576, 'w': 0.2910345454408785}, {'zh': '牲畜', 'rcs': 0.2842504382133484, 'w': 0.11861132141469986}]",1.0046271034073087,7,6,猎枪,动物,0.69856143,0.84472525,0.77164334,0.07159354,0.6573555,0.3644745,,,,,
shotgun,bunny,M+E-,猎枪,兔子,0.0,0.027272727340459824,,0.015854153782129288,0.24240000545978546,0.0,3.0,0.45823734998703,0.3943850100040436,1.0,1.0,[],[],1.0254894046151881,7,5,猎枪,兔子,0.69856143,0.78345,0.7410057,0.07159354,0.071637444,0.07161549,,,,,
shotgun,rabbit,M+E-,猎枪,兔子,0.0,0.008327336050570011,,0.06702614575624466,0.146852046251297,0.0,0.9160069227218628,0.45823734998703,0.5243239998817444,1.0,0.3053356409072876,[],"[{'zh': '兔', 'rcs': 0.492344468832016, 'w': 0.6946643577789762}]",0.6275998630900664,7,6,猎枪,兔,0.69856143,0.84114987,0.7698556,0.07159354,0.6134266,0.34251007,,,,,
shotgun,barrel,M-E+,,,0.040229879319667816,0.0,,0.2810724079608917,0.028300000354647636,7.0,0.0,,,,,,,0.49508436384566945,7,6,猎枪,桶,0.69856143,0.72587246,0.712217,0.07159354,0.19569644,0.133645,,,,,
shotgun,shell,M-E+,,,0.040229879319667816,0.0,,0.08803509920835495,0.029504170641303062,7.0,0.0,,,,,,,0.993010563969268,7,5,猎枪,贝壳,0.69856143,0.8229971,0.76077926,0.07159354,0.36660066,0.21909711,,,,,
shrink,tiny,M+E+,缩小,小,0.05970149487257004,0.01747514121234417,,0.19514402747154236,0.17488889396190643,12.0,1.6426632404327393,0.3823031187057495,0.2397595345973968,0.5475544333457947,1.0,"[{'zh': '减少', 'rcs': 0.3211025297641754, 'w': 0.45244553836218715}]",[],1.1961936702253002,6,4,缩小,小,0.64420635,0.7488599,0.6965331,0.028872995,0.03771031,0.033291653,,,,,
shrink,raising,M+E-,减少,增加,0.0,0.04537004977464676,,0.03088490292429924,0.11315970867872238,0.0,3.765714168548584,0.3211025297641754,0.3068263828754425,0.45244553685188293,0.46239009499549866,"[{'zh': '缩小', 'rcs': 0.3823031187057495, 'w': 0.5475544616378129}]","[{'zh': '提高', 'rcs': 0.3316953778266907, 'w': 0.5376098939339545}]",0.7074257194861249,6,7,缩小,提高,0.64420635,0.5993265,0.62176645,0.028872995,0.015125253,0.021999124,,,,,
shrink,range,M+E-,缩小,范围,0.0,0.02396477572619915,,0.01960872858762741,0.07521932572126389,0.0,2.2526888847351074,0.3823031187057495,0.3516389727592468,0.5475544333457947,0.37400826811790466,"[{'zh': '减少', 'rcs': 0.3211025297641754, 'w': 0.45244553836218715}]","[{'zh': '排列', 'rcs': 0.2096250355243683, 'w': 0.38224676934934326}, {'zh': '变化', 'rcs': 0.2384378463029861, 'w': 0.24374495384132797}]",0.6880933057218109,6,5,缩小,排列,0.64420635,0.62684983,0.6355281,0.028872995,0.020316094,0.024594545,,,,,
shrink,bulk,M+E-,缩小,体积,0.0,0.023300187662243843,,0.05744900926947594,0.1449924260377884,0.0,2.1902177333831787,0.3823031187057495,0.3751737773418426,0.5475544333457947,1.0,"[{'zh': '减少', 'rcs': 0.3211025297641754, 'w': 0.45244553836218715}]",[],1.3953711162964322,6,4,缩小,体积,0.64420635,0.5886951,0.6164507,0.028872995,0.21074384,0.11980842,,,,,
shrink,scope,M+E-,缩小,范围,0.0,0.01735362410545349,,0.04598536714911461,0.05611542984843254,0.0,1.6312406063079834,0.3823031187057495,0.2538587152957916,0.5475544333457947,0.27083078026771545,"[{'zh': '减少', 'rcs': 0.3211025297641754, 'w': 0.45244553836218715}]","[{'zh': '视野', 'rcs': 0.2264589816331863, 'w': 0.523945539622174}, {'zh': '能力', 'rcs': 0.2180708199739456, 'w': 0.20522367819207205}]",0.6406327669586505,6,5,缩小,视野,0.64420635,0.66496634,0.6545863,0.028872995,0.30688307,0.16787803,,,,,
shrink,wrap,M-E+,,,0.06467662006616592,0.0,,0.11903148144483566,0.014813058078289032,13.0,0.0,,,,,,,1.1297540872412526,6,4,缩小,围巾,0.64420635,0.6864933,0.66534984,0.028872995,0.039155845,0.03401442,,,,,
shrink,size,M-E+,,,0.024875618517398834,0.0,,0.16088417172431946,0.030114425346255302,5.0,0.0,,,,,,,1.2934658963553531,6,4,缩小,尺码,0.64420635,0.7231789,0.68369263,0.028872995,0.100220434,0.06454671,,,,,
shrink,penis,M-E+,,,0.019900502637028694,0.0,,0.05890365689992905,0.033400822430849075,4.0,0.0,,,,,,,1.4442947099186403,6,5,缩小,阴茎,0.64420635,0.76652014,0.7053633,0.028872995,0.5351905,0.28203174,,,,,
shrink,therapy,M-E+,,,0.01492537371814251,0.0,,0.2341269701719284,0.01910964958369732,3.0,0.0,,,,,,,0.8575691226841748,6,7,缩小,治疗,0.64420635,0.7004521,0.6723292,0.028872995,0.09944165,0.06415732,,,,,
sing,voice,M+E+,唱,声音,0.06603773683309555,0.01245124638080597,,0.4799627661705017,0.1642311066389084,14.0,1.3198320865631104,0.3053343594074249,0.4346926212310791,0.4399440288543701,1.0,"[{'zh': '演唱', 'rcs': 0.2410868853330612, 'w': 0.43994404182054353}, {'zh': '唱歌', 'rcs': 0.2656095921993255, 'w': 0.12011191635891288}]",[],0.5278065641377873,4,5,演唱,声音,0.75200313,0.7235539,0.73777854,0.59750783,0.20194404,0.39972594,,,,,
sing,jump,M+E-,唱,跳,0.0,0.020923281088471413,,0.040545687079429626,0.07792109251022339,0.0,2.217867612838745,0.3053343594074249,0.3257505297660827,0.4399440288543701,0.8402082920074463,"[{'zh': '演唱', 'rcs': 0.2410868853330612, 'w': 0.43994404182054353}, {'zh': '唱歌', 'rcs': 0.2656095921993255, 'w': 0.12011191635891288}]","[{'zh': '跳跃', 'rcs': 0.293888509273529, 'w': 0.15979172217800353}]",0.2473050941408561,4,4,演唱,跳,0.75200313,0.7725748,0.7622889,0.59750783,0.2193668,0.4084373,,,,,
sing,bird,M-E+,,,0.028301894664764404,0.0,,0.15052922070026398,0.014078209176659584,6.0,0.0,,,,,,,0.7432103084281032,4,4,演唱,鸟,0.75200313,0.75772154,0.7548623,0.59750783,0.18096685,0.38923734,,,,,
sink,ship,M+E+,下沉,船,0.04347825422883034,0.024978142231702805,,0.16224057972431183,0.13426531851291656,8.0,2.5727486610412598,0.335970789194107,0.5217533111572266,0.32159358263015747,1.0,"[{'zh': '挖', 'rcs': 0.245032325387001, 'w': 0.3215935772131797}, {'zh': '下陷', 'rcs': 0.2833151519298553, 'w': 0.3215935772131797}, {'zh': '降低', 'rcs': 0.2159217745065689, 'w': 0.035219268360460895}]",[],0.9620161578458462,4,4,挖,船,0.578077,0.8279798,0.70302844,0.12548529,0.54570097,0.33559313,,,,,
sink,boat,M+E+,下沉,船,0.016304347664117813,0.008374652825295925,,0.17840996384620667,0.07828254252672195,3.0,0.8625892400741577,0.335970789194107,0.562246561050415,0.32159358263015747,0.335279256105423,"[{'zh': '挖', 'rcs': 0.245032325387001, 'w': 0.3215935772131797}, {'zh': '下陷', 'rcs': 0.2833151519298553, 'w': 0.3215935772131797}, {'zh': '降低', 'rcs': 0.2159217745065689, 'w': 0.035219268360460895}]","[{'zh': '小船', 'rcs': 0.533439040184021, 'w': 0.6647207355631239}]",0.953803479190986,4,4,挖,小船,0.578077,0.82973105,0.70390403,0.12548529,0.2317743,0.17862979,,,,,
sink,rise,M+E-,下沉,上升,0.0,0.010357127524912357,,0.04610166698694229,0.057446327060461044,0.0,1.066784143447876,0.335970789194107,0.3109742105007171,0.32159358263015747,0.82929527759552,"[{'zh': '挖', 'rcs': 0.245032325387001, 'w': 0.3215935772131797}, {'zh': '下陷', 'rcs': 0.2833151519298553, 'w': 0.3215935772131797}, {'zh': '降低', 'rcs': 0.2159217745065689, 'w': 0.035219268360460895}]","[{'zh': '增长', 'rcs': 0.2891542613506317, 'w': 0.17070472211336812}]",0.705315723818144,4,4,挖,上升,0.578077,0.65922374,0.6186504,0.12548529,0.22844301,0.17696415,,,,,
sink,tub,M-E+,,,0.03804348409175873,0.0,,0.5263946056365967,0.0137901920825243,7.0,0.0,,,,,,,0.5180482073347136,4,3,挖,盆,0.578077,0.6492201,0.61364853,0.12548529,0.09863524,0.112060264,,,,,
sink,wash,M-E+,,,0.03804348409175873,0.0,,0.4020896255970001,0.017735421657562256,7.0,0.0,,,,,,,0.5988012825674505,4,4,挖,水流,0.578077,0.7132956,0.64568627,0.12548529,0.09219173,0.10883851,,,,,
sink,soap,M-E+,,,0.032608695328235626,0.0,,0.3599269986152649,0.011786404065787792,6.0,0.0,,,,,,,0.18709700861274126,4,4,挖,香皂,0.578077,0.7759434,0.6770102,0.12548529,0.42318115,0.2743332,,,,,
sink,tap,M-E+,,,0.032608695328235626,0.0,,0.2420785129070282,0.02994036115705967,6.0,0.0,,,,,,,0.6468056736372854,4,3,挖,水龙头,0.578077,0.69501346,0.63654524,0.12548529,0.5978189,0.3616521,,,,,
sink,toilet,M-E+,,,0.027173908427357674,0.0,,0.38131850957870483,0.009709659032523632,5.0,0.0,,,,,,,1.0351992297227413,4,6,挖,马桶,0.578077,0.75233895,0.665208,0.12548529,0.38378063,0.25463295,,,,,
site,area,M+E+,场所,场地,0.0416666716337204,0.008617171086370945,,0.23449395596981049,0.08238376677036285,9.0,1.1977866888046265,0.2181979268789291,0.2410415709018707,0.7300111651420593,0.3281557261943817,"[{'zh': '地点', 'rcs': 0.3332363367080688, 'w': 0.26998882409914665}]","[{'zh': '面积', 'rcs': 0.4091840088367462, 'w': 0.3281557120225794}, {'zh': '地域', 'rcs': 0.3876585662364959, 'w': 0.14713191289801802}, {'zh': '区', 'rcs': 0.4339649677276611, 'w': 0.11992787865294534}, {'zh': '地方', 'rcs': 0.3078873455524444, 'w': 0.07662878440387767}]",1.0766892300586879,4,4,场所,场地,0.6207391,0.67047954,0.6456093,0.34485286,0.15819186,0.25152236,,,,,
site,slot,M+E-,地点,时间,0.0,0.019205449149012566,,0.060314878821372986,0.060609664767980576,0.0,2.131804943084717,0.3332363367080688,0.2251467704772949,0.2699888348579407,0.5263933539390564,"[{'zh': '场所', 'rcs': 0.2181979268789291, 'w': 0.7300111759008534}]","[{'zh': '位置', 'rcs': 0.2157442718744278, 'w': 0.4736066227248223}]",0.6839909910759452,4,4,场所,时间,0.6207391,0.60475415,0.6127466,0.34485286,0.041855346,0.1933541,,,,,
site,library,M+E-,场所,图书馆,0.0,0.015755636617541313,,0.050014711916446686,0.06562800705432892,0.0,2.190033435821533,0.2181979268789291,0.4777210354804992,0.7300111651420593,1.0,"[{'zh': '地点', 'rcs': 0.3332363367080688, 'w': 0.26998882409914665}]",[],1.4758908514198499,4,7,场所,图书馆,0.6207391,0.7623995,0.6915693,0.34485286,0.37063518,0.35774404,,,,,
site,pub,M+E-,场所,酒吧,0.0,0.015755636617541313,,0.011285890825092793,0.16169746220111847,0.0,2.190033435821533,0.2181979268789291,0.3721375465393066,0.7300111651420593,1.0,"[{'zh': '地点', 'rcs': 0.3332363367080688, 'w': 0.26998882409914665}]",[],1.0190020955820212,4,3,场所,酒吧,0.6207391,0.688773,0.65475607,0.34485286,0.07063897,0.20774591,,,,,
site,saloon,M+E-,场所,酒吧,0.0,0.015755636617541313,,0.021314265206456184,0.16169746220111847,0.0,2.190033435821533,0.2181979268789291,0.3463359177112579,0.7300111651420593,1.0,"[{'zh': '地点', 'rcs': 0.3332363367080688, 'w': 0.26998882409914665}]",[],1.208789375088113,4,6,场所,酒吧,0.6207391,0.61845464,0.61959684,0.34485286,0.064656176,0.20475452,,,,,
site,square,M+E-,场所,广场,0.0,0.007877818308770657,,0.03901376575231552,0.05409383028745651,0.0,1.0950167179107666,0.2181979268789291,0.4968146383762359,0.7300111651420593,0.25,"[{'zh': '地点', 'rcs': 0.3332363367080688, 'w': 0.26998882409914665}]","[{'zh': '方形', 'rcs': 0.3444466888904571, 'w': 0.25}, {'zh': '平方', 'rcs': 0.3648816347122192, 'w': 0.25}, {'zh': '正方形', 'rcs': 0.2869710028171539, 'w': 0.25}]",1.030409143479976,4,6,场所,广场,0.6207391,0.73764163,0.6791904,0.34485286,0.3081997,0.32652628,,,,,
site,web,M-E+,,,0.15740738809108734,0.0,,0.22596342861652374,0.0203301589936018,34.0,0.0,,,,,,,0.651546545920652,4,3,场所,网络,0.6207391,0.679988,0.65036356,0.34485286,0.4967448,0.42079884,,,,,
site,sight,M-E+,,,0.023148145526647568,0.0,,0.2067435085773468,0.015622238628566265,5.0,0.0,,,,,,,1.4308108897754137,4,5,场所,视力,0.6207391,0.65314585,0.6369425,0.34485286,0.121129714,0.2329913,,,,,
site,camp,M-E+,,,0.018518513068556786,0.0,,0.16125959157943726,0.0185787845402956,4.0,0.0,,,,,,,0.5651595440288105,4,4,场所,野营,0.6207391,0.7391484,0.67994374,0.34485286,0.612956,0.47890443,,,,,
site,visit,M-E+,,,0.013888894580304623,0.0,,0.11964866518974304,0.021389327943325043,3.0,0.0,,,,,,,0.9790213618154493,4,5,场所,访问,0.6207391,0.6066479,0.6136935,0.34485286,0.003401765,0.17412731,,,,,
skate,ski,M+E+,滑冰,滑雪,0.033557042479515076,0.03488372266292572,,0.3505875766277313,0.501800000667572,5.0,3.0,0.3423976600170135,0.472254991531372,1.0,1.0,[],[],0.9874251956995516,5,3,滑冰,滑雪,0.7046778,0.7487869,0.7267324,0.06800411,0.052774593,0.06038935,,,,,
skate,title,M+E-,滑冰,冠军,0.0,0.03488372266292572,,0.016111599281430244,0.30970001220703125,0.0,3.0,0.3423976600170135,0.2084692567586898,1.0,1.0,[],[],1.3152939482408632,5,5,滑冰,冠军,0.7046778,0.3663952,0.5355365,0.06800411,0.0030042636,0.035504185,,,,,
skate,board,M-E+,,,0.20134225487709045,0.0,,0.10863705724477768,0.016599999740719795,30.0,0.0,,,,,,,1.2889299495745763,5,5,滑冰,委员会,0.7046778,0.5308222,0.61775005,0.06800411,0.009992078,0.038998093,,,,,
skate,park,M-E+,,,0.06711410731077194,0.0,,0.17122098803520203,0.02397497370839119,10.0,0.0,,,,,,,1.4464009713506403,5,4,滑冰,庭院,0.7046778,0.78119713,0.74293745,0.06800411,0.1420726,0.10503836,,,,,
skate,shop,M-E+,,,0.02684563398361206,0.0,,0.04457889124751091,0.005384793039411306,4.0,0.0,,,,,,,1.3073117990361844,5,4,滑冰,店,0.7046778,0.7417744,0.7232261,0.06800411,0.30563706,0.18682058,,,,,
skate,thin,M-E+,,,0.020134225487709045,0.0,,0.05573844909667969,0.025049999356269836,3.0,0.0,,,,,,,1.068947360632854,5,4,滑冰,薄,0.7046778,0.75006765,0.72737277,0.06800411,0.49417633,0.28109023,,,,,
skate,wheel,M-E+,,,0.020134225487709045,0.0,,0.16817158460617065,0.014732432551681995,3.0,0.0,,,,,,,0.8688178503294104,5,5,滑冰,车轮,0.7046778,0.8055589,0.75511837,0.06800411,0.2208088,0.14440645,,,,,
sketch,pencil,M+E+,素描,铅笔,0.1975308358669281,0.05396825820207596,,0.338678240776062,0.15926668047904968,32.0,5.6666669845581055,0.3447138667106628,0.5477154850959778,0.3333333432674408,1.0,"[{'zh': '小品', 'rcs': 0.331913560628891, 'w': 0.3333333333333333}, {'zh': '草图', 'rcs': 0.3059807419776916, 'w': 0.3333333333333333}]",[],0.47819096522031873,6,6,小品,铅笔,0.7420803,0.77129745,0.75668883,0.57915354,0.45400298,0.51657826,,,,,
sketch,apple,M+E-,素描,苹果,0.0,0.009523809887468815,,0.009188180789351463,0.017766667529940605,0.0,1.0,0.3447138667106628,0.4181903004646301,0.3333333432674408,1.0,"[{'zh': '小品', 'rcs': 0.331913560628891, 'w': 0.3333333333333333}, {'zh': '草图', 'rcs': 0.3059807419776916, 'w': 0.3333333333333333}]",[],1.0582914631376126,6,5,小品,苹果,0.7420803,0.8419381,0.7920092,0.57915354,0.2277003,0.40342692,,,,,
sketch,rough,M-E+,,,0.030864205211400986,0.0,,0.0590616911649704,0.020098432898521423,5.0,0.0,,,,,,,1.3771209718408823,6,5,小品,粗糙,0.7420803,0.7057622,0.72392124,0.57915354,0.39005485,0.48460418,,,,,
skiing,winter,M+E+,滑雪,冬天,0.0628272294998169,0.01016019657254219,,0.4044649600982666,0.09032466262578964,12.0,1.188742995262146,0.5115399956703186,0.35745769739151,0.594371497631073,0.3333333432674408,"[{'zh': '滑冰', 'rcs': 0.4892681837081909, 'w': 0.4056285247638741}]","[{'zh': '冬季', 'rcs': 0.464510053396225, 'w': 0.3333333333333333}, {'zh': '冬', 'rcs': 0.2268299907445907, 'w': 0.3333333333333333}]",1.132520655463957,6,6,滑雪,冬季,0.7421134,0.7677085,0.75491095,0.05617253,0.6159136,0.3360431,,,,,
skiing,champion,M+E-,滑冰,冠军,0.0,0.014149833470582962,,0.03022044338285923,0.1256231665611267,0.0,1.2168855667114258,0.4892681837081909,0.4341153800487518,0.4056285321712494,1.0,"[{'zh': '滑雪', 'rcs': 0.5115399956703186, 'w': 0.5943714752361259}]",[],1.4203609169170879,6,8,滑雪,冠军,0.7421134,0.71638495,0.7292492,0.05617253,0.11604854,0.08611053,,,,,
skiing,title,M+E-,滑冰,冠军,0.0,0.014149833470582962,,0.0048550767824053764,0.1256231665611267,0.0,1.2168855667114258,0.4892681837081909,0.2084692567586898,0.4056285321712494,1.0,"[{'zh': '滑雪', 'rcs': 0.5115399956703186, 'w': 0.5943714752361259}]",[],1.3955973005473785,6,5,滑雪,冠军,0.7421134,0.3663952,0.5542543,0.05617253,0.0030042636,0.029588398,,,,,
skiing,powder,M-E+,,,0.015706803649663925,0.0,,0.0729931965470314,0.025498537346720695,3.0,0.0,,,,,,,0.794918639228536,6,6,滑雪,粉末,0.7421134,0.7505923,0.74635285,0.05617253,0.11707779,0.08662516,,,,,
skull,bone,M+E+,头骨,骨头,0.32608699798583984,0.011891048401594162,,0.37230509519577026,0.13910190761089325,45.0,1.3555794954299927,0.5555534362792969,0.5531677603721619,0.5,0.27111589908599854,"[{'zh': '脑袋', 'rcs': 0.3159124553203583, 'w': 0.5}]","[{'zh': '骨', 'rcs': 0.535764753818512, 'w': 0.5007268142487543}, {'zh': '舌头', 'rcs': 0.4872653484344482, 'w': 0.22815729495438342}]",0.5790073972029947,5,4,头骨,骨,0.74810874,0.7707477,0.75942826,0.3941793,0.30005962,0.34711945,,,,,
skull,brain,M+E+,脑袋,大脑,0.10144927352666855,0.015989534556865692,,0.18827712535858154,0.10520876944065094,14.0,1.7588489055633545,0.3159124553203583,0.5517149567604065,0.5,0.3908553123474121,"[{'zh': '头骨', 'rcs': 0.5555534362792969, 'w': 0.5}]","[{'zh': '脑', 'rcs': 0.4921719133853912, 'w': 0.47670489913630926}, {'zh': '智力', 'rcs': 0.3047632277011871, 'w': 0.13243978150903857}]",0.9045280491340284,5,5,头骨,脑,0.74810874,0.7237043,0.7359065,0.3941793,0.16811858,0.28114894,,,,,
skull,cap,M+E+,脑袋,帽子,0.02898550033569336,0.0076467604376375675,,0.1411685347557068,0.0417417548596859,4.0,0.8411436676979065,0.3159124553203583,0.3121980130672455,0.5,0.42057183384895325,"[{'zh': '头骨', 'rcs': 0.5555534362792969, 'w': 0.5}]","[{'zh': '帽', 'rcs': 0.3957874774932861, 'w': 0.4205718354357833}, {'zh': '盖', 'rcs': 0.2297773957252502, 'w': 0.1588563291284334}]",1.0046210114550123,5,3,头骨,帽,0.74810874,0.65565217,0.70188046,0.3941793,0.10761683,0.25089806,,,,,
skull,pouch,M+E-,脑袋,袋子,0.0,0.013636363670229912,,0.054471634328365326,0.0957999974489212,0.0,1.5,0.3159124553203583,0.5022851824760437,0.5,1.0,"[{'zh': '头骨', 'rcs': 0.5555534362792969, 'w': 0.5}]",[],1.2000824776887307,5,5,头骨,袋子,0.74810874,0.7399102,0.7440095,0.3941793,0.523049,0.45861417,,,,,
skull,sack,M+E-,脑袋,袋子,0.0,0.013636363670229912,,0.01934092678129673,0.0957999974489212,0.0,1.5,0.3159124553203583,0.2280734628438949,0.5,1.0,"[{'zh': '头骨', 'rcs': 0.5555534362792969, 'w': 0.5}]",[],0.49027555327022654,5,4,头骨,袋子,0.74810874,0.7359671,0.7420379,0.3941793,0.12801418,0.26109675,,,,,
skull,tattoo,M-E+,,,0.02173912525177002,0.0,,0.1345696747303009,0.03739999979734421,3.0,0.0,,,,,,,0.5103625573504488,5,6,头骨,花纹,0.74810874,0.61375374,0.6809312,0.3941793,0.063368395,0.22877386,,,,,
slice,meat,M+E+,片,肉,0.014925369061529636,0.010561827570199966,,0.2624482214450836,0.30693960189819336,3.0,0.9400026798248291,0.240795686841011,0.5685207843780518,0.31333422660827637,1.0,"[{'zh': '锅铲', 'rcs': 0.2552796304225921, 'w': 0.6866657782216525}]",[],1.406891128342882,5,4,锅铲,肉,0.7353474,0.8459676,0.7906575,0.022902219,0.49032253,0.25661236,,,,,
slice,pot,M+E-,锅铲,锅,0.0,0.02072964608669281,,0.05735597386956215,0.15610665082931519,0.0,2.052234649658203,0.2552796304225921,0.4778297543525696,0.6866657733917236,0.3320772647857666,"[{'zh': '片', 'rcs': 0.240795686841011, 'w': 0.31333422177834747}]","[{'zh': '碗', 'rcs': 0.4747569262981415, 'w': 0.33207725805281285}, {'zh': '容器', 'rcs': 0.3640560507774353, 'w': 0.16930954855968877}, {'zh': '盒', 'rcs': 0.4355296492576599, 'w': 0.09453616201644538}, {'zh': '壶', 'rcs': 0.4717013537883758, 'w': 0.07199977331824006}]",1.4227645320590734,5,3,锅铲,锅,0.7353474,0.7677407,0.75154406,0.022902219,0.2769282,0.1499152,,,,,
slice,snow,M+E-,片,雪花,0.0,0.008801523596048355,,0.024798749014735222,0.02204197086393833,0.0,0.7833355665206909,0.240795686841011,0.3500865399837494,0.31333422660827637,0.5,"[{'zh': '锅铲', 'rcs': 0.2552796304225921, 'w': 0.6866657782216525}]","[{'zh': '下雪', 'rcs': 0.259146898984909, 'w': 0.5}]",1.2672966941404895,5,4,锅铲,下雪,0.7353474,0.80626625,0.7708068,0.022902219,0.3016111,0.16225666,,,,,
slice,orange,M-E+,,,0.049751248210668564,0.0,,0.26062285900115967,0.022673701867461205,10.0,0.0,,,,,,,1.0392320667625607,5,6,锅铲,橙汁,0.7353474,0.818682,0.77701473,0.022902219,0.47633475,0.24961849,,,,,
slice,portion,M-E+,,,0.014925369061529636,0.0,,0.3384397327899933,0.025474071502685547,3.0,0.0,,,,,,,1.0388322432187942,5,7,锅铲,部分,0.7353474,0.64057726,0.6879623,0.022902219,0.16249467,0.09269845,,,,,
slide,park,M+E+,滑梯,公园,0.04477611929178238,0.00922185368835926,,0.24500644207000732,0.05201678350567818,9.0,1.1619534492492676,0.3873946964740753,0.5533136129379272,0.5,0.38731783628463745,"[{'zh': '滑动', 'rcs': 0.4370788633823395, 'w': 0.5}]","[{'zh': '庭院', 'rcs': 0.3167878687381744, 'w': 0.3873178485052622}, {'zh': '停车场', 'rcs': 0.4356929063796997, 'w': 0.16419304137673238}, {'zh': '庄园', 'rcs': 0.3247393667697906, 'w': 0.06117126161274324}]",0.9303232895129694,5,4,滑梯,庭院,0.73754287,0.78119713,0.75936997,0.11800272,0.1420726,0.13003767,,,,,
slide,yellow,M+E+,滑梯,黄色,0.014925369061529636,0.011904762126505375,,0.03258912265300751,0.026799999177455902,3.0,1.5,0.3873946964740753,0.5010339617729187,0.5,1.0,"[{'zh': '滑动', 'rcs': 0.4370788633823395, 'w': 0.5}]",[],0.6192239467190581,5,6,滑梯,黄色,0.73754287,0.8135123,0.7755276,0.11800272,0.44301888,0.2805108,,,,,
slide,child,M+E-,滑梯,小孩,0.0,0.010237779468297958,,0.07238569855690002,0.032090239226818085,0.0,1.2899601459503174,0.3873946964740753,0.300133466720581,0.5,0.12382668256759644,"[{'zh': '滑动', 'rcs': 0.4370788633823395, 'w': 0.5}]","[{'zh': '女儿', 'rcs': 0.3485642671585083, 'w': 0.4042131146934415}, {'zh': '儿童', 'rcs': 0.2888596951961517, 'w': 0.19845540966654351}, {'zh': '儿子', 'rcs': 0.3133778274059295, 'w': 0.15180410567274608}, {'zh': '孩子', 'rcs': 0.3606066405773163, 'w': 0.12170068952723075}]",1.2114621295291192,5,5,滑梯,女儿,0.73754287,0.6764439,0.70699334,0.11800272,0.24452023,0.18126148,,,,,
slide,screen,M+E-,滑动,屏幕,0.0,0.00872093066573143,,0.06246409937739372,0.06700000166893005,0.0,0.75,0.4370788633823395,0.4364708065986633,0.5,0.5,"[{'zh': '滑梯', 'rcs': 0.3873946964740753, 'w': 0.5}]","[{'zh': '画面', 'rcs': 0.3673944771289825, 'w': 0.5}]",0.519231218334969,5,6,滑梯,屏幕,0.73754287,0.739583,0.73856294,0.11800272,0.23290992,0.17545632,,,,,
slide,metal,M-E+,,,0.024875624105334282,0.0,,0.046832963824272156,0.03579999879002571,5.0,0.0,,,,,,,0.3680953076212024,5,5,滑梯,金属,0.73754287,0.79557395,0.7665584,0.11800272,0.69042593,0.40421432,,,,,
slide,swing,M-E+,,,0.024875624105334282,0.0,,0.32118308544158936,0.037011660635471344,5.0,0.0,,,,,,,0.2112261199646898,5,5,滑梯,转弯,0.73754287,0.5413396,0.63944125,0.11800272,0.026704676,0.0723537,,,,,
slide,board,M-E+,,,0.014925369061529636,0.0,,0.06037722900509834,0.020549999549984932,3.0,0.0,,,,,,,0.6974211025030262,5,5,滑梯,委员会,0.73754287,0.5308222,0.6341826,0.11800272,0.009992078,0.0639974,,,,,
smooth,skin,M+E+,光滑,皮肤,0.054726362228393555,0.09390713274478912,,0.2037767767906189,0.17279663681983948,11.0,9.578527450561523,0.4371867179870605,0.5646045207977295,1.0,0.4789263606071472,[],"[{'zh': '壳', 'rcs': 0.3820466101169586, 'w': 0.1817293657600022}, {'zh': '剥皮', 'rcs': 0.3006784617900848, 'w': 0.17885542186769768}, {'zh': '毛皮', 'rcs': 0.363589197397232, 'w': 0.16048884487323642}]",1.4174188529509097,6,4,光滑,皮肤,0.7832629,0.7957984,0.78953063,0.5231723,0.27219588,0.3976841,,,,,
smooth,rough,M+E+,光滑,粗糙,0.04975123703479767,0.019192544743418694,,0.14358624815940857,0.2510998845100403,10.0,1.9576395750045776,0.4371867179870605,0.2128840833902359,1.0,0.6525465250015259,[],"[{'zh': '粗', 'rcs': 0.2246107459068298, 'w': 0.347453464119419}]",0.6208641585754758,6,5,光滑,粗糙,0.7832629,0.7057622,0.74451256,0.5231723,0.39005485,0.4566136,,,,,
smooth,surface,M+E+,光滑,地面,0.02487562596797943,0.01077868603169918,,0.23831377923488617,0.14095169305801392,5.0,1.0994259119033813,0.4371867179870605,0.3728223741054535,1.0,0.27485647797584534,[],"[{'zh': '表面', 'rcs': 0.4597764015197754, 'w': 0.47093784550659606}, {'zh': '水面', 'rcs': 0.3617261946201324, 'w': 0.254205665778606}]",0.6425166292180498,6,7,光滑,表面,0.7832629,0.78162175,0.78244233,0.5231723,0.28335783,0.40326506,,,,,
smooth,plane,M+E-,光滑,平面,0.0,0.013219223357737064,,0.05636410042643547,0.12854373455047607,0.0,1.3483607769012451,0.4371867179870605,0.2684282958507538,1.0,0.44945359230041504,[],"[{'zh': '滑翔', 'rcs': 0.3761391341686249, 'w': 0.44945360527190037}, {'zh': '飞机', 'rcs': 0.4154236614704132, 'w': 0.10109278945619923}]",1.4540660165642572,6,5,光滑,滑翔,0.7832629,0.7042102,0.74373657,0.5231723,0.3956297,0.459401,,,,,
smooth,sailing,M-E+,,,0.029850751161575317,0.0,,0.09362836927175522,0.02110472321510315,6.0,0.0,,,,,,,0.6909144330747565,6,7,光滑,航班,0.7832629,0.6612883,0.7222756,0.5231723,0.052034944,0.28760362,,,,,
snatch,thief,M+E+,偷窃,小偷,0.018749995157122612,0.022173522040247917,,0.3392397165298462,0.07354607433080673,3.0,2.4169139862060547,0.20704086124897,0.4727777540683746,0.16668371856212616,0.5,"[{'zh': '抢夺', 'rcs': 0.3120065927505493, 'w': 0.5391940774395104}, {'zh': '抓', 'rcs': 0.3223016262054443, 'w': 0.2941222026097982}]","[{'zh': '贼', 'rcs': 0.341161698102951, 'w': 0.5}]",1.1984444006067843,6,5,抢夺,贼,0.7042573,0.790115,0.7471862,0.060929958,0.36715576,0.21404286,,,,,
snatch,violent,M+E-,抢夺,暴力,0.0,0.023042483255267143,,0.06591790914535522,0.1663413792848587,0.0,2.6959705352783203,0.3120065927505493,0.4862084984779358,0.5391941070556641,1.0,"[{'zh': '抓', 'rcs': 0.3223016262054443, 'w': 0.2941222026097982}, {'zh': '偷窃', 'rcs': 0.20704086124897, 'w': 0.1666837199506913}]",[],1.164007198509128,6,7,抢夺,暴力,0.7042573,0.78074896,0.74250317,0.060929958,0.1988924,0.12991118,,,,,
snatch,itch,M+E-,抓,痒,0.0,0.02284444123506546,,0.03833872079849243,0.12900198996067047,0.0,2.3529775142669678,0.3223016262054443,0.3915619850158691,0.29412218928337097,1.0,"[{'zh': '抢夺', 'rcs': 0.3120065927505493, 'w': 0.5391940774395104}, {'zh': '偷窃', 'rcs': 0.20704086124897, 'w': 0.1666837199506913}]",[],1.176700449148407,6,4,抢夺,痒,0.7042573,0.76387,0.7340636,0.060929958,0.37681594,0.21887295,,,,,
snatch,mosquito,M+E-,抓,蚊子,0.0,0.01142222061753273,,0.040082503110170364,0.09079551696777344,0.0,1.1764887571334839,0.3223016262054443,0.3209360539913177,0.29412218928337097,1.0,"[{'zh': '抢夺', 'rcs': 0.3120065927505493, 'w': 0.5391940774395104}, {'zh': '偷窃', 'rcs': 0.20704086124897, 'w': 0.1666837199506913}]",[],1.4212443921181555,6,8,抢夺,蚊子,0.7042573,0.77834904,0.7413032,0.060929958,0.32564774,0.19328885,,,,,
snatch,vagina,M-E+,,,0.11249998956918716,0.0,,0.23775584995746613,0.021459925919771194,18.0,0.0,,,,,,,0.9094103507191824,6,6,抢夺,阴道,0.7042573,0.7574709,0.7308641,0.060929958,0.17778875,0.11935935,,,,,
snow,white,M+E+,下雪,白色,0.36477991938591003,0.01666666753590107,,0.16047242283821106,0.07283750176429749,58.0,1.75,0.259146898984909,0.4515153765678406,0.5,0.25,"[{'zh': '雪花', 'rcs': 0.3500865399837494, 'w': 0.5}]","[{'zh': '白', 'rcs': 0.2417072206735611, 'w': 0.25}, {'zh': '雪白', 'rcs': 0.4313930571079254, 'w': 0.25}, {'zh': '白色的', 'rcs': 0.4358446896076202, 'w': 0.25}]",1.3736037908097452,4,5,下雪,白,0.80626625,0.7987871,0.8025267,0.3016111,0.652965,0.47728807,,,,,
snow,winter,M+E+,雪花,冬天,0.15094338357448578,0.03559870645403862,,0.5320777297019958,0.10466667264699936,24.0,3.6666667461395264,0.3500865399837494,0.35745769739151,0.5,0.3333333432674408,"[{'zh': '下雪', 'rcs': 0.259146898984909, 'w': 0.5}]","[{'zh': '冬季', 'rcs': 0.464510053396225, 'w': 0.3333333333333333}, {'zh': '冬', 'rcs': 0.2268299907445907, 'w': 0.3333333333333333}]",1.3582132817352208,4,6,下雪,冬季,0.80626625,0.7677085,0.78698736,0.3016111,0.6159136,0.45876235,,,,,
snow,ale,M+E-,雪花,啤酒,0.0,0.04854368790984154,,0.02655950002372265,0.08124999701976776,0.0,5.0,0.3500865399837494,0.4889015555381775,0.5,1.0,"[{'zh': '下雪', 'rcs': 0.259146898984909, 'w': 0.5}]",[],1.2318015101943898,4,3,下雪,啤酒,0.80626625,0.77933425,0.79280025,0.3016111,0.07249205,0.18705156,,,,,
snow,beer,M+E-,雪花,啤酒,0.0,0.04854368790984154,,0.027111584320664406,0.08124999701976776,0.0,5.0,0.3500865399837494,0.574459969997406,0.5,1.0,"[{'zh': '下雪', 'rcs': 0.259146898984909, 'w': 0.5}]",[],0.47588514751667294,4,4,下雪,啤酒,0.80626625,0.78424996,0.7952581,0.3016111,0.23740996,0.26951054,,,,,
snow,soft,M-E+,,,0.025157233700156212,0.0,,0.07365761697292328,0.02333788014948368,4.0,0.0,,,,,,,0.9080293356449338,4,4,下雪,软,0.80626625,0.79574925,0.80100775,0.3016111,0.32706863,0.31433988,,,,,
soft,skin,M+E+,柔软,皮肤,0.054216861724853516,0.01334006991237402,,0.18321305513381958,0.04188589006662369,9.0,1.8542697429656982,0.3980827033519745,0.5646045207977295,0.4301913380622864,0.4789263606071472,"[{'zh': '软', 'rcs': 0.4027330577373504, 'w': 0.43019133098298074}, {'zh': '小的', 'rcs': 0.2205965369939804, 'w': 0.13961733803403859}]","[{'zh': '壳', 'rcs': 0.3820466101169586, 'w': 0.1817293657600022}, {'zh': '剥皮', 'rcs': 0.3006784617900848, 'w': 0.17885542186769768}, {'zh': '毛皮', 'rcs': 0.363589197397232, 'w': 0.16048884487323642}]",0.869047362946495,4,4,软,皮肤,0.79574925,0.7957984,0.79577386,0.32706863,0.27219588,0.29963225,,,,,
soft,cat,M+E+,柔软,猫,0.042168669402599335,0.00928470492362976,,0.27029699087142944,0.10053572058677673,7.0,1.290574073791504,0.3980827033519745,0.4880292117595672,0.4301913380622864,1.0,"[{'zh': '软', 'rcs': 0.4027330577373504, 'w': 0.43019133098298074}, {'zh': '小的', 'rcs': 0.2205965369939804, 'w': 0.13961733803403859}]",[],1.1099210094797796,4,3,软,猫,0.79574925,0.82852244,0.8121358,0.32706863,0.70452857,0.51579857,,,,,
soft,bed,M+E+,柔软,床,0.024096382781863213,0.012379607185721397,,0.25255683064460754,0.0783163383603096,4.0,1.7207653522491455,0.3980827033519745,0.4664386808872223,0.4301913380622864,0.5,"[{'zh': '软', 'rcs': 0.4027330577373504, 'w': 0.43019133098298074}, {'zh': '小的', 'rcs': 0.2205965369939804, 'w': 0.13961733803403859}]","[{'zh': '底层', 'rcs': 0.200316846370697, 'w': 0.5}]",1.498550236260292,4,3,软,底层,0.79574925,0.7466802,0.7712147,0.32706863,0.49461982,0.4108442,,,,,
soft,sugar,M+E-,软,糖,0.0,0.027169978246092796,,0.06361734867095947,0.10746179521083832,0.0,2.581148147583008,0.4027330577373504,0.6042978167533875,0.4301913380622864,1.0,"[{'zh': '柔软', 'rcs': 0.3980827033519745, 'w': 0.43019133098298074}, {'zh': '小的', 'rcs': 0.2205965369939804, 'w': 0.13961733803403859}]",[],1.0498064086996148,4,5,软,糖,0.79574925,0.8346725,0.8152109,0.32706863,0.2812132,0.30414093,,,,,
soft,candy,M+E-,软,糖,0.0,0.007951806299388409,,0.07160383462905884,0.03233019635081291,0.0,0.7554216384887695,0.4027330577373504,0.32122403383255,0.4301913380622864,0.2926688492298126,"[{'zh': '柔软', 'rcs': 0.3980827033519745, 'w': 0.43019133098298074}, {'zh': '小的', 'rcs': 0.2205965369939804, 'w': 0.13961733803403859}]","[{'zh': '巧克力', 'rcs': 0.475940078496933, 'w': 0.3782237649796895}, {'zh': '糖果', 'rcs': 0.4749637544155121, 'w': 0.32910738120718286}]",1.0147687147225213,4,5,软,巧克力,0.79574925,0.81136096,0.80355513,0.32706863,0.20965235,0.2683605,,,,,
soft,light,M-E+,,,0.024096382781863213,0.0,,0.05980953574180603,0.006761286407709122,4.0,0.0,,,,,,,1.0573045087903503,4,5,软,电灯,0.79574925,0.7564144,0.7760818,0.32706863,0.788583,0.5578258,,,,,
soft,ball,M-E+,,,0.018072286620736122,0.0,,0.05304509773850441,0.0342862494289875,3.0,0.0,,,,,,,1.2292709426632797,4,4,软,球,0.79574925,0.7559591,0.7758542,0.32706863,0.19173166,0.25940013,,,,,
soft,penis,M-E+,,,0.018072286620736122,0.0,,0.06396715342998505,0.03217831254005432,3.0,0.0,,,,,,,1.2472230554770907,4,5,软,阴茎,0.79574925,0.76652014,0.7811347,0.32706863,0.5351905,0.43112957,,,,,
solid,rock,M+E+,坚固,石头,0.12883436679840088,0.010648103430867195,,0.241864413022995,0.049872927367687225,21.0,1.277772307395935,0.2520243227481842,0.2639249563217163,0.5,0.2839494049549103,"[{'zh': '固体', 'rcs': 0.4507730305194855, 'w': 0.5}]","[{'zh': '钻石', 'rcs': 0.2007309198379516, 'w': 0.7160506063685319}]",1.0429794889611281,5,4,固体,钻石,0.7583316,0.5878591,0.67309535,0.64797664,0.06207218,0.3550244,,,,,
solid,liquid,M+E+,固体,液体,0.12269938737154007,0.1465517282485962,,0.20683768391609192,0.23064999282360077,20.0,17.0,0.4507730305194855,0.6036389470100403,0.5,1.0,"[{'zh': '坚固', 'rcs': 0.2520243227481842, 'w': 0.5}]",[],0.7514918803280567,5,6,固体,液体,0.7583316,0.8113278,0.78482974,0.64797664,0.6550811,0.65152884,,,,,
solid,wall,M+E+,坚固,城墙,0.024539869278669357,0.00937500037252903,,0.12257815897464752,0.04919999837875366,4.0,1.125,0.2520243227481842,0.450884997844696,0.5,0.25,"[{'zh': '固体', 'rcs': 0.4507730305194855, 'w': 0.5}]","[{'zh': '壁', 'rcs': 0.4496712982654571, 'w': 0.25}, {'zh': '墙壁', 'rcs': 0.5364556908607483, 'w': 0.25}, {'zh': '墙', 'rcs': 0.5707350373268127, 'w': 0.25}]",0.9418141219434233,5,4,固体,壁,0.7583316,0.6901222,0.7242269,0.64797664,0.23526238,0.44161952,,,,,
solid,wet,M+E-,固体,液体,0.0,0.011438240297138691,,0.040642332285642624,0.018676431849598885,0.0,1.3268358707427979,0.4507730305194855,0.3145627677440643,0.5,0.07804916799068451,"[{'zh': '坚固', 'rcs': 0.2520243227481842, 'w': 0.5}]","[{'zh': '湿', 'rcs': 0.4603066146373749, 'w': 0.25993643248032516}, {'zh': '湿的', 'rcs': 0.4789307117462158, 'w': 0.25993643248032516}, {'zh': '潮湿', 'rcs': 0.4323588013648987, 'w': 0.25993643248032516}, {'zh': '水', 'rcs': 0.3768291473388672, 'w': 0.14214153668897236}]",1.0412334390616724,5,3,固体,湿,0.7583316,0.810579,0.7844553,0.64797664,0.37285385,0.51041526,,,,,
solid,state,M-E+,,,0.030674846842885017,0.0,,0.04640054702758789,0.010571155697107315,5.0,0.0,,,,,,,1.2494103769245366,5,5,固体,国家,0.7583316,0.7015089,0.72992027,0.64797664,0.25638014,0.4521784,,,,,
solid,waste,M-E+,,,0.030674846842885017,0.0,,0.04643572121858597,0.011663471348583698,5.0,0.0,,,,,,,1.2299678513585377,5,5,固体,废物,0.7583316,0.7276563,0.74299395,0.64797664,0.5341354,0.591056,,,,,
solid,snake,M-E+,,,0.01840491220355034,0.0,,0.05354316532611847,0.020500000566244125,3.0,0.0,,,,,,,0.5476410386158989,5,5,固体,蛇,0.7583316,0.7712135,0.76477253,0.64797664,0.09670897,0.3723428,,,,,
south,north,M+E+,南,北,0.3076923191547394,0.05882352963089943,,0.4124871492385864,0.17052499949932098,56.0,7.0,0.3171619772911072,0.4191935062408447,0.5,0.5,"[{'zh': '南方', 'rcs': 0.3880094289779663, 'w': 0.5}]","[{'zh': '北方', 'rcs': 0.4036663472652435, 'w': 0.5}]",0.28085551757924615,5,5,南方,北,0.7191625,0.76890206,0.74403226,0.74344075,0.7031058,0.7232733,,,,,
south,west,M+E+,南,西,0.09890109300613403,0.016806723549962044,,0.40973615646362305,0.155799999833107,18.0,2.0,0.3171619772911072,0.2952980399131775,0.5,0.5,"[{'zh': '南方', 'rcs': 0.3880094289779663, 'w': 0.5}]","[{'zh': '西部', 'rcs': 0.4497909843921661, 'w': 0.5}]",0.6137918411410086,5,4,南方,西部,0.7191625,0.7389054,0.72903395,0.74344075,0.4875341,0.61548746,,,,,
south,warm,M+E+,南方,温暖,0.07692307978868484,0.012813338078558445,,0.13065499067306519,0.098580002784729,14.0,1.3710272312164307,0.3880094289779663,0.3686213195323944,0.5,0.45700907707214355,"[{'zh': '南', 'rcs': 0.3171619772911072, 'w': 0.5}]","[{'zh': '暖和', 'rcs': 0.422766238451004, 'w': 0.5429909148554628}]",0.5632700795368367,5,4,南方,暖和,0.7191625,0.7935588,0.75636065,0.74344075,0.26628718,0.504864,,,,,
south,bird,M+E-,南方,姑娘,0.0,0.014018691144883633,,0.038992639631032944,0.05040000006556511,0.0,1.5,0.3880094289779663,0.2078591585159301,0.5,0.5,"[{'zh': '南', 'rcs': 0.3171619772911072, 'w': 0.5}]","[{'zh': '鸟', 'rcs': 0.5118882656097412, 'w': 0.5}]",1.2042001188348845,5,4,南方,鸟,0.7191625,0.75772154,0.73844206,0.74344075,0.18096685,0.4622038,,,,,
south,wet,M+E-,南方,潮湿,0.0,0.008502593263983727,,0.02922334335744381,0.05257214233279228,0.0,0.9097774624824524,0.3880094289779663,0.4323588013648987,0.5,0.2599364221096039,"[{'zh': '南', 'rcs': 0.3171619772911072, 'w': 0.5}]","[{'zh': '湿', 'rcs': 0.4603066146373749, 'w': 0.25993643248032516}, {'zh': '湿的', 'rcs': 0.4789307117462158, 'w': 0.25993643248032516}, {'zh': '水', 'rcs': 0.3768291473388672, 'w': 0.14214153668897236}, {'zh': '液体', 'rcs': 0.3145627677440643, 'w': 0.07804916587005213}]",1.1621734540205693,5,3,南方,湿,0.7191625,0.810579,0.76487076,0.74344075,0.37285385,0.5581473,,,,,
south,line,M+E-,南,方向,0.0,0.0077420566231012344,,0.035413309931755066,0.059216856956481934,0.0,0.9213047027587891,0.3171619772911072,0.4249743223190307,0.5,0.23032617568969727,"[{'zh': '南方', 'rcs': 0.3880094289779663, 'w': 0.5}]","[{'zh': '流水线', 'rcs': 0.248710811138153, 'w': 0.2303261796428334}, {'zh': '线', 'rcs': 0.4034498035907745, 'w': 0.2303261796428334}, {'zh': '界线', 'rcs': 0.2182538956403732, 'w': 0.2303261796428334}, {'zh': '方位', 'rcs': 0.2573383748531341, 'w': 0.07869528142866646}]",1.0061143003974418,5,4,南方,方向,0.7191625,0.69989914,0.70953083,0.74344075,0.09583786,0.4196393,,,,,
south,pole,M-E+,,,0.06043955683708191,0.0,,0.19759860634803772,0.018050000071525574,11.0,0.0,,,,,,,1.266437122813306,5,4,南方,杆,0.7191625,0.7120809,0.7156217,0.74344075,0.0055285897,0.37448466,,,,,
species,animal,M+E+,物种,动物,0.17241378128528595,0.029517708346247673,,0.37726840376853943,0.10906793177127838,30.0,3.8373019695281982,0.5344579219818115,0.5035275816917419,0.5,0.5903541445732117,"[{'zh': '种', 'rcs': 0.4461561739444732, 'w': 0.5}]","[{'zh': '兽', 'rcs': 0.3038774132728576, 'w': 0.2910345454408785}, {'zh': '牲畜', 'rcs': 0.2842504382133484, 'w': 0.11861132141469986}]",1.4239911000964096,7,6,种,动物,0.66951483,0.84472525,0.75712,0.42294788,0.6573555,0.5401517,,,,,
species,origin,M+E+,物种,起源,0.07471264898777008,0.025846362113952637,,0.28365716338157654,0.10534977167844772,13.0,3.3600270748138428,0.5344579219818115,0.4161113500595093,0.5,0.5169272422790527,"[{'zh': '种', 'rcs': 0.4461561739444732, 'w': 0.5}]","[{'zh': '源头', 'rcs': 0.2491084188222885, 'w': 0.260596410704308}, {'zh': '来源', 'rcs': 0.2690240740776062, 'w': 0.22247632050144142}]",1.4664705459810223,7,6,种,起源,0.66951483,0.71704966,0.69328225,0.42294788,0.50142694,0.4621874,,,,,
species,biology,M+E+,物种,生物,0.04597701504826546,0.00758382398635149,,0.32874593138694763,0.06278932839632034,8.0,0.9858971238136292,0.5344579219818115,0.3969907462596893,0.5,0.2464742809534073,"[{'zh': '种', 'rcs': 0.4461561739444732, 'w': 0.5}]","[{'zh': '生理', 'rcs': 0.3918298482894897, 'w': 0.7535257181595053}]",0.563705434449908,7,7,种,生理,0.66951483,0.63505733,0.65228605,0.42294788,0.16360821,0.29327804,,,,,
species,planting,M+E-,种,种植,0.0,0.01953125,,0.07089529186487198,0.2811500132083893,0.0,2.5,0.4461561739444732,0.4953572750091553,0.5,1.0,"[{'zh': '物种', 'rcs': 0.5344579219818115, 'w': 0.5}]",[],1.1429622891589941,7,8,种,种植,0.66951483,0.80512786,0.7373214,0.42294788,0.28238708,0.35266748,,,,,
species,bloom,M+E-,种,花,0.0,0.007492435164749622,,0.04607750102877617,0.07496431469917297,0.0,0.9590317010879517,0.4461561739444732,0.3181216418743133,0.5,0.6393544673919678,"[{'zh': '物种', 'rcs': 0.5344579219818115, 'w': 0.5}]","[{'zh': '开花', 'rcs': 0.3782543241977691, 'w': 0.3606455116772925}]",1.2409730796659941,7,5,种,花,0.66951483,0.77880406,0.7241595,0.42294788,0.2568141,0.339881,,,,,
species,science,M-E+,,,0.04597701504826546,0.0,,0.1463375836610794,0.020674999803304672,8.0,0.0,,,,,,,0.7610280219818725,7,7,种,科学,0.66951483,0.773183,0.7213489,0.42294788,0.48105952,0.45200372,,,,,
species,kingdom,M-E+,,,0.03448275849223137,0.0,,0.09750675410032272,0.022050000727176666,6.0,0.0,,,,,,,0.38025281965769725,7,7,种,王国,0.66951483,0.7754183,0.7224666,0.42294788,0.27346176,0.34820482,,,,,
speed,quick,M+E+,速度,快,0.06081081181764603,0.0989735946059227,,0.33913686871528625,0.2411835938692093,9.0,12.272725105285645,0.4602890908718109,0.2568528056144714,0.49090901017189026,1.0,"[{'zh': '加速', 'rcs': 0.3164590299129486, 'w': 0.5090909991485627}]",[],0.8608983601616954,5,5,加速,快,0.8102641,0.7524308,0.78134745,0.25527376,0.47288588,0.36407983,,,,,
speed,physics,M+E-,加速,物理,0.0,0.014273579232394695,,0.0697341114282608,0.07575274258852005,0.0,1.5272730588912964,0.3164590299129486,0.6010594367980957,0.5090910196304321,1.0,"[{'zh': '速度', 'rcs': 0.4602890908718109, 'w': 0.4909090008514374}]",[],1.3566692079769995,5,7,加速,物理,0.8102641,0.8025707,0.8064174,0.25527376,0.33179212,0.29353294,,,,,
speed,slot,M+E-,速度,时间,0.0,0.008335845544934273,,0.04074119031429291,0.03426532819867134,0.0,1.0336449146270752,0.4602890908718109,0.2251467704772949,0.49090901017189026,0.5263933539390564,"[{'zh': '加速', 'rcs': 0.3164590299129486, 'w': 0.5090909991485627}]","[{'zh': '位置', 'rcs': 0.2157442718744278, 'w': 0.4736066227248223}]",1.4231063175253957,5,4,加速,时间,0.8102641,0.60475415,0.70750916,0.25527376,0.041855346,0.14856455,,,,,
speed,ticket,M-E+,,,0.054054051637649536,0.0,,0.14183840155601501,0.03133232146501541,8.0,0.0,,,,,,,1.122611553045123,5,6,加速,门票,0.8102641,0.7358287,0.7730464,0.25527376,0.33745766,0.2963657,,,,,
speed,light,M-E+,,,0.03378378599882126,0.0,,0.03259119391441345,0.00815918855369091,5.0,0.0,,,,,,,0.9315395184145087,5,5,加速,电灯,0.8102641,0.7564144,0.78333926,0.25527376,0.788583,0.52192837,,,,,
speed,boat,M-E+,,,0.02027026377618313,0.0,,0.07935840636491776,0.011094792746007442,3.0,0.0,,,,,,,1.3951418053373665,5,4,加速,小船,0.8102641,0.82973105,0.81999755,0.25527376,0.2317743,0.24352403,,,,,
sperm,male,M+E+,精子,男性,0.06557377427816391,0.08922981470823288,,0.18256956338882446,0.18857234716415405,12.0,6.692236423492432,0.5983464121818542,0.3941675722599029,0.7435818314552307,1.0,"[{'zh': '精液', 'rcs': 0.5561825633049011, 'w': 0.2564181623648632}]",[],1.0920962381799522,5,4,精子,男性,0.77611023,0.7709186,0.7735144,0.3527292,0.046534922,0.19963206,,,,,
sperm,bloke,M+E-,精液,男人,0.0,0.02846117503941059,,0.051741212606430054,0.09392188489437103,0.0,2.1345882415771484,0.5561825633049011,0.3848049640655517,0.2564181685447693,0.7176709175109863,"[{'zh': '精子', 'rcs': 0.5983464121818542, 'w': 0.7435818376351369}]","[{'zh': '家伙', 'rcs': 0.4022364318370819, 'w': 0.28232908843550797}]",0.8844125984896477,5,5,精子,男人,0.77611023,0.68595093,0.7310306,0.3527292,0.14578894,0.24925907,,,,,
sperm,whale,M-E+,,,0.14754098653793335,0.0,,0.21753138303756714,0.014822064898908138,27.0,0.0,,,,,,,0.3445582949532474,5,5,精子,鲸,0.77611023,0.8123611,0.7942357,0.3527292,0.5650439,0.45888656,,,,,
sperm,swim,M-E+,,,0.04371584579348564,0.0,,0.10726602375507355,0.01554086059331894,8.0,0.0,,,,,,,1.069059364816472,5,4,精子,游泳,0.77611023,0.75890666,0.76750845,0.3527292,0.42403856,0.38838387,,,,,
sperm,bank,M-E+,,,0.03278687968850136,0.0,,0.08107038587331772,0.010744757018983364,6.0,0.0,,,,,,,1.4928084413544913,5,4,精子,银行,0.77611023,0.775044,0.7755771,0.3527292,0.12895085,0.24084002,,,,,
sperm,jazz,M-E+,,,0.03278687968850136,0.0,,0.09275410324335098,0.015094711445271969,6.0,0.0,,,,,,,1.0484787455181168,5,4,精子,爵士,0.77611023,0.71124583,0.74367803,0.3527292,0.9212167,0.63697296,,,,,
spin,wheel,M+E+,转动,轮子,0.029556646943092346,0.008497113361954689,,0.28807416558265686,0.061639029532670975,6.0,0.7987287044525146,0.2905631363391876,0.5315656661987305,0.4763233959674835,0.23955173790454865,"[{'zh': '旋转', 'rcs': 0.2885651886463165, 'w': 0.5236766046364622}]","[{'zh': '车轮', 'rcs': 0.547667920589447, 'w': 0.23955173710622196}, {'zh': '方向盘', 'rcs': 0.4993504583835602, 'w': 0.23955173710622196}, {'zh': '轮', 'rcs': 0.3787873983383178, 'w': 0.23955173710622196}, {'zh': '轮椅', 'rcs': 0.3203202188014984, 'w': 0.041793051575112115}]",1.0739378500657486,4,5,旋转,车轮,0.7111176,0.8055589,0.7583383,0.03836216,0.2208088,0.12958547,,,,,
spin,leap,M+E-,旋转,跳跃,0.0,0.1496219038963318,,0.0461551770567894,0.16925227642059326,0.0,15.710298538208008,0.2885651886463165,0.2716983556747436,0.5236766338348389,1.0,"[{'zh': '转动', 'rcs': 0.2905631363391876, 'w': 0.4763233953635378}]",[],0.4257849458804367,4,4,旋转,跳跃,0.7111176,0.6972972,0.7042074,0.03836216,0.0020978816,0.020230021,,,,,
spin,jump,M+E-,旋转,跳跃,0.0,0.02390834130346775,,0.06189299374818802,0.11747930943965912,0.0,2.510375738143921,0.2885651886463165,0.293888509273529,0.5236766338348389,0.1597917228937149,"[{'zh': '转动', 'rcs': 0.2905631363391876, 'w': 0.4763233953635378}]","[{'zh': '跳', 'rcs': 0.3257505297660827, 'w': 0.8402082778219966}]",1.0249612471150016,4,4,旋转,跳,0.7111176,0.7725748,0.7418462,0.03836216,0.2193668,0.12886448,,,,,
spin,round,M-E+,,,0.06403941661119461,0.0,,0.17465639114379883,0.0211963914334774,13.0,0.0,,,,,,,0.9516713868664218,4,5,旋转,回合,0.7111176,0.46832725,0.58972245,0.03836216,0.014070731,0.026216445,,,,,
spine,bone,M+E+,脊柱,骨头,0.060301508754491806,0.01008529495447874,,0.20463146269321442,0.10547298192977905,12.0,0.7463119626045227,0.5940449237823486,0.5531677603721619,0.550548255443573,0.27111589908599854,"[{'zh': '背', 'rcs': 0.3529384136199951, 'w': 0.29316027912838}, {'zh': '刺', 'rcs': 0.3742818534374237, 'w': 0.15629146524398665}]","[{'zh': '骨', 'rcs': 0.535764753818512, 'w': 0.5007268142487543}, {'zh': '舌头', 'rcs': 0.4872653484344482, 'w': 0.22815729495438342}]",0.9498350371092776,5,4,脊柱,骨,0.7388731,0.7707477,0.75481045,0.16916916,0.30005962,0.23461439,,,,,
spine,backpack,M+E-,背,背包,0.0,0.037497248500585556,,0.023565657436847687,0.06839429587125778,0.0,3.2247631549835205,0.3529384136199951,0.5377047657966614,0.2931602895259857,1.0,"[{'zh': '脊柱', 'rcs': 0.5940449237823486, 'w': 0.5505482556276334}, {'zh': '刺', 'rcs': 0.3742818534374237, 'w': 0.15629146524398665}]",[],1.477875243515954,5,8,脊柱,背包,0.7388731,0.7042114,0.72154224,0.16916916,0.035007514,0.10208833,,,,,
spine,prop,M+E-,脊柱,支撑,0.0,0.029759366065263748,,0.03539033234119415,0.13383828103542328,0.0,2.202193021774292,0.5940449237823486,0.2142224907875061,0.550548255443573,1.0,"[{'zh': '背', 'rcs': 0.3529384136199951, 'w': 0.29316027912838}, {'zh': '刺', 'rcs': 0.3742818534374237, 'w': 0.15629146524398665}]",[],0.6686295024952861,5,4,脊柱,支撑,0.7388731,0.583243,0.66105807,0.16916916,0.037977032,0.1035731,,,,,
spine,satchel,M+E-,背,书包,0.0,0.020453045144677162,,0.007959662936627865,0.07323143631219864,0.0,1.7589616775512695,0.3529384136199951,0.3097671568393707,0.2931602895259857,1.0,"[{'zh': '脊柱', 'rcs': 0.5940449237823486, 'w': 0.5505482556276334}, {'zh': '刺', 'rcs': 0.3742818534374237, 'w': 0.15629146524398665}]",[],1.2234024090536506,5,7,脊柱,书包,0.7388731,0.6955629,0.71721804,0.16916916,0.056567755,0.11286846,,,,,
spine,tap,M-E+,,,0.02512562833726406,0.0,,0.10656245797872543,0.03396882861852646,5.0,0.0,,,,,,,1.2269276828065487,5,3,脊柱,水龙头,0.7388731,0.69501346,0.71694326,0.16916916,0.5978189,0.38349402,,,,,
spine,brain,M-E+,,,0.015075379982590675,0.0,,0.13510355353355408,0.03268655389547348,3.0,0.0,,,,,,,1.4134538628610895,5,5,脊柱,脑,0.7388731,0.7237043,0.7312887,0.16916916,0.16811858,0.16864386,,,,,
sports,running,M+E+,运动,跑步,0.042168669402599335,0.02812894433736801,,0.2812228202819824,0.1741248369216919,7.0,3.684891700744629,0.2600416839122772,0.2267284095287323,0.2164754569530487,0.36176687479019165,"[{'zh': '体育', 'rcs': 0.4324929714202881, 'w': 0.7835245430329306}]","[{'zh': '跑', 'rcs': 0.2226924896240234, 'w': 0.6382331357135055}]",1.1520182988634882,6,7,体育,跑,0.7607556,0.7895584,0.775157,0.24604157,0.34699973,0.29652065,,,,,
sports,teacher,M+E-,体育,老师,0.0,0.012296183966100216,,0.015414093621075153,0.05392153561115265,0.0,1.6108001470565796,0.4324929714202881,0.3468257486820221,0.7835245132446289,0.5139597058296204,"[{'zh': '运动', 'rcs': 0.2600416839122772, 'w': 0.21647545696706927}]","[{'zh': '教师', 'rcs': 0.5814129710197449, 'w': 0.27992430342702346}, {'zh': '先生', 'rcs': 0.3092143535614013, 'w': 0.20611599535842348}]",0.9201942500405542,6,7,体育,老师,0.7607556,0.7545064,0.757631,0.24604157,0.3640417,0.3050416,,,,,
sports,bathing,M+E-,运动,游泳,0.0,0.010378960520029068,,0.043054793030023575,0.25221654772758484,0.0,1.5153281688690186,0.2600416839122772,0.2098665088415146,0.2164754569530487,1.0,"[{'zh': '体育', 'rcs': 0.4324929714202881, 'w': 0.7835245430329306}]",[],0.8977310938006385,6,7,体育,游泳,0.7607556,0.55866766,0.6597116,0.24604157,0.32449406,0.28526783,,,,,
sports,team,M-E+,,,0.024096384644508362,0.0,,0.3059673607349396,0.026666082441806793,4.0,0.0,,,,,,,1.3281213642064484,6,4,体育,队伍,0.7607556,0.6859404,0.723348,0.24604157,0.06955115,0.15779635,,,,,
spout,liquid,M+E+,喷射,液体,0.020000001415610313,0.023571796715259552,,0.2662420868873596,0.21863234043121338,3.0,2.239320755004883,0.2238734513521194,0.6036389470100403,0.7464402318000793,1.0,"[{'zh': '嘴', 'rcs': 0.3516266942024231, 'w': 0.25355977403541247}]",[],1.1919626256818205,5,6,喷射,液体,0.61570054,0.8113278,0.7135142,0.09874021,0.6550811,0.37691066,,,,,
spout,rocket,M+E-,喷射,火箭,0.0,0.11785897612571716,,0.05533688887953758,0.28028830885887146,0.0,11.196603775024414,0.2238734513521194,0.5082677602767944,0.7464402318000793,1.0,"[{'zh': '嘴', 'rcs': 0.3516266942024231, 'w': 0.25355977403541247}]",[],1.4046207405615194,5,6,喷射,火箭,0.61570054,0.80524445,0.71047246,0.09874021,0.112476416,0.105608314,,,,,
spout,sprout,M-E+,,,0.026666659861803055,0.0,,0.29068660736083984,0.014070399105548859,4.0,0.0,,,,,,,0.4903193883045815,5,6,喷射,发芽,0.61570054,0.77718776,0.69644415,0.09874021,0.19761744,0.14817883,,,,,
spout,whale,M-E+,,,0.026666659861803055,0.0,,0.21374477446079254,0.016869548708200455,4.0,0.0,,,,,,,1.3177226487252967,5,5,喷射,鲸,0.61570054,0.8123611,0.71403086,0.09874021,0.5650439,0.33189207,,,,,
spray,bottle,M+E+,喷雾,瓶子,0.05263158679008484,0.020984360948204994,,0.09311811625957489,0.1048373430967331,11.0,1.8256393671035767,0.5236483216285706,0.4807119071483612,1.0,0.45640984177589417,[],"[{'zh': '奶瓶', 'rcs': 0.5026694536209106, 'w': 0.45640985357178115}, {'zh': '酒', 'rcs': 0.38345867395401, 'w': 0.08718029285643766}]",1.0896563476875496,5,6,喷雾,瓶子,0.74561656,0.71386576,0.72974116,0.18206261,0.16522732,0.17364496,,,,,
spray,alcohol,M+E-,喷雾,酒精,0.0,0.02925887517631054,,0.06474342942237854,0.25599467754364014,0.0,2.5455222129821777,0.5236483216285706,0.5819281339645386,1.0,0.8485074043273926,[],"[{'zh': '酒', 'rcs': 0.2689618468284607, 'w': 0.1514925831382802}]",1.0421816722348303,5,7,喷雾,酒精,0.74561656,0.7658027,0.75570965,0.18206261,0.41948226,0.30077243,,,,,
spray,ocean,M-E+,,,0.047846898436546326,0.0,,0.128483846783638,0.01831434667110443,10.0,0.0,,,,,,,0.7040422482117332,5,5,喷雾,海洋,0.74561656,0.855346,0.8004813,0.18206261,0.43111223,0.30658743,,,,,
spray,cat,M-E+,,,0.03349281847476959,0.0,,0.07029827684164047,0.0333000011742115,7.0,0.0,,,,,,,1.4630948296435473,5,3,喷雾,猫,0.74561656,0.82852244,0.7870695,0.18206261,0.70452857,0.4432956,,,,,
spray,index,M-E+,,,0.019138753414154053,0.0,,0.07518167048692703,0.01850000023841858,4.0,0.0,,,,,,,1.2983997953918005,5,5,喷雾,指标,0.74561656,0.6375081,0.6915623,0.18206261,0.003955818,0.09300921,,,,,
spray,sea,M-E+,,,0.01435406506061554,0.0,,0.0892464742064476,0.01889568381011486,3.0,0.0,,,,,,,1.4099192848480415,5,3,喷雾,海,0.74561656,0.86250806,0.8040623,0.18206261,0.3810418,0.2815522,,,,,
square,circle,M+E+,方形,圆形,0.16161616146564484,0.008120152167975903,,0.3162387013435364,0.0410502552986145,32.0,0.9013369083404541,0.3444466888904571,0.3672444522380829,0.25,0.133531391620636,"[{'zh': '广场', 'rcs': 0.4968146383762359, 'w': 0.25}, {'zh': '平方', 'rcs': 0.3648816347122192, 'w': 0.25}, {'zh': '正方形', 'rcs': 0.2869710028171539, 'w': 0.25}]","[{'zh': '圆周', 'rcs': 0.2899746596813202, 'w': 0.2884768449289036}, {'zh': '圆', 'rcs': 0.3139594197273254, 'w': 0.2884768449289036}, {'zh': '圆圈', 'rcs': 0.4085624814033508, 'w': 0.15500026620728077}, {'zh': '环', 'rcs': 0.3163108229637146, 'w': 0.1345146566525419}]",0.23450789797973723,6,6,广场,圆周,0.73764163,0.7311723,0.73440695,0.3081997,0.10434064,0.20627017,,,,,
square,triangle,M+E+,正方形,三角形,0.05050504580140114,0.010922330431640148,,0.4283048212528229,0.07599999755620956,10.0,1.125,0.2869710028171539,0.4278103411197662,0.25,0.5,"[{'zh': '广场', 'rcs': 0.4968146383762359, 'w': 0.25}, {'zh': '方形', 'rcs': 0.3444466888904571, 'w': 0.25}, {'zh': '平方', 'rcs': 0.3648816347122192, 'w': 0.25}]","[{'zh': '三角', 'rcs': 0.4357459843158722, 'w': 0.5}]",1.464715233376997,6,8,广场,三角形,0.73764163,0.73074335,0.7341925,0.3081997,0.25160685,0.2799033,,,,,
square,mama,M+E-,广场,大妈,0.0,0.024349313229322433,,0.004668050445616245,0.052522119134664536,0.0,2.9462668895721436,0.4968146383762359,0.3528442680835724,0.25,0.7856711745262146,"[{'zh': '方形', 'rcs': 0.3444466888904571, 'w': 0.25}, {'zh': '平方', 'rcs': 0.3648816347122192, 'w': 0.25}, {'zh': '正方形', 'rcs': 0.2869710028171539, 'w': 0.25}]","[{'zh': '妈妈', 'rcs': 0.4193300902843475, 'w': 0.21432883854456125}]",1.1625993439871003,6,4,广场,大妈,0.73764163,0.6280759,0.68285877,0.3081997,0.58103603,0.44461787,,,,,
square,ring,M+E-,方形,圆形,0.0,0.017798347398638725,,0.05690287426114082,0.04249770566821098,0.0,1.9756165742874146,0.3444466888904571,0.3165064752101898,0.25,0.2926839292049408,"[{'zh': '广场', 'rcs': 0.4968146383762359, 'w': 0.25}, {'zh': '平方', 'rcs': 0.3648816347122192, 'w': 0.25}, {'zh': '正方形', 'rcs': 0.2869710028171539, 'w': 0.25}]","[{'zh': '戒指', 'rcs': 0.2967062592506408, 'w': 0.5449177728910827}, {'zh': '环绕', 'rcs': 0.218406394124031, 'w': 0.16239830746487344}]",1.2161755630877649,6,4,广场,戒指,0.73764163,0.6995728,0.7186072,0.3081997,0.0843003,0.19625,,,,,
square,person,M+E-,广场,人,0.0,0.00826446246355772,,0.06632126122713089,0.02237500064074993,0.0,1.0,0.4968146383762359,0.2342890352010727,0.25,1.0,"[{'zh': '方形', 'rcs': 0.3444466888904571, 'w': 0.25}, {'zh': '平方', 'rcs': 0.3648816347122192, 'w': 0.25}, {'zh': '正方形', 'rcs': 0.2869710028171539, 'w': 0.25}]",[],1.091502056261354,6,6,广场,人,0.73764163,0.69399196,0.7158168,0.3081997,0.08301145,0.19560558,,,,,
square,round,M-E+,,,0.08080808073282242,0.0,,0.2200705111026764,0.01075000036507845,16.0,0.0,,,,,,,0.7464243709746647,6,5,广场,回合,0.73764163,0.46832725,0.6029844,0.3081997,0.014070731,0.16113521,,,,,
squeeze,juice,M+E+,挤压,果汁,0.08791208267211914,0.010643132030963898,,0.25371918082237244,0.06482678651809692,16.0,0.9153093695640564,0.2590376138687134,0.6015601754188538,0.2792816460132599,0.8193425536155701,"[{'zh': '挤', 'rcs': 0.2201699912548065, 'w': 0.37726946221372715}, {'zh': '捏', 'rcs': 0.3188902139663696, 'w': 0.3434488904341609}]","[{'zh': '汽油', 'rcs': 0.2952397167682647, 'w': 0.18065745538948738}]",1.475765782870486,7,5,挤,果汁,0.65930796,0.8238368,0.7415724,0.08670793,0.23336983,0.16003887,,,,,
squeeze,metro,M+E-,挤,地铁,0.0,0.08894971013069153,,0.037568654865026474,0.1864088475704193,0.0,10.940814971923828,0.2201699912548065,0.4040618538856506,0.3772694766521454,1.0,"[{'zh': '捏', 'rcs': 0.3188902139663696, 'w': 0.3434488904341609}, {'zh': '挤压', 'rcs': 0.2590376138687134, 'w': 0.2792816473521119}]",[],1.1943552536322426,7,5,挤,地铁,0.65930796,0.7622174,0.7107627,0.08670793,0.25710642,0.17190717,,,,,
squeeze,subway,M+E-,挤,地铁,0.0,0.08894971013069153,,0.0298631452023983,0.1864088475704193,0.0,10.940814971923828,0.2201699912548065,0.4217494428157806,0.3772694766521454,1.0,"[{'zh': '捏', 'rcs': 0.3188902139663696, 'w': 0.3434488904341609}, {'zh': '挤压', 'rcs': 0.2590376138687134, 'w': 0.2792816473521119}]",[],1.1615225369279363,7,6,挤,地铁,0.65930796,0.7617278,0.7105179,0.08670793,0.38268942,0.23469867,,,,,
squeeze,press,M-E+,,,0.016483522951602936,0.0,,0.17104163765907288,0.010940814390778542,3.0,0.0,,,,,,,1.2333466379866094,7,5,挤,评论,0.65930796,0.6138731,0.63659054,0.08670793,0.00453229,0.04562011,,,,,
stairway,banister,M+E+,楼梯,扶手,0.04379561170935631,0.00971776433289051,,0.5195064544677734,0.10033966600894928,6.0,0.9912119507789612,0.5588062405586243,0.2105173617601394,0.3607754111289978,0.45790815353393555,"[{'zh': '阶梯', 'rcs': 0.5751847624778748, 'w': 0.6392245836649613}]","[{'zh': '栏杆', 'rcs': 0.2859137058258056, 'w': 0.542091840566275}]",0.1259373938890339,8,8,阶梯,栏杆,0.7600935,0.7336136,0.7468536,0.33575317,0.23045063,0.28310192,,,,,
stairway,scramble,M+E-,楼梯,爬,0.0,0.024759098887443542,,0.048471368849277496,0.18026134371757507,0.0,2.52542781829834,0.5588062405586243,0.21378755569458,0.3607754111289978,1.0,"[{'zh': '阶梯', 'rcs': 0.5751847624778748, 'w': 0.6392245836649613}]",[],1.4402552381040499,8,8,阶梯,爬,0.7600935,0.5414832,0.65078837,0.33575317,0.094383486,0.21506833,,,,,
stairway,carpet,M-E+,,,0.0218978151679039,0.0,,0.11911610513925552,0.009966646321117878,3.0,0.0,,,,,,,1.4509983443637462,8,6,阶梯,毯子,0.7600935,0.7954847,0.7777891,0.33575317,0.23662105,0.2861871,,,,,
stamp,postcard,M+E+,邮票,明信片,0.013574663549661636,0.01277022436261177,,0.36907103657722473,0.28858664631843567,3.0,1.3664140701293945,0.516403079032898,0.466812789440155,0.45547133684158325,1.0,"[{'zh': '贴', 'rcs': 0.2576663494110107, 'w': 0.4554713490238911}, {'zh': '戳', 'rcs': 0.2337913513183593, 'w': 0.08905730195221785}]",[],1.484008238215837,5,8,贴,明信片,0.709393,0.7403092,0.72485113,0.18696253,0.35352045,0.2702415,,,,,
stamp,lining,M+E-,贴,膜,0.0,0.026277191936969757,,0.03959769755601883,0.11099836230278015,0.0,1.3664140701293945,0.2576663494110107,0.377110093832016,0.45547133684158325,1.0,"[{'zh': '邮票', 'rcs': 0.516403079032898, 'w': 0.4554713490238911}, {'zh': '戳', 'rcs': 0.2337913513183593, 'w': 0.08905730195221785}]",[],0.5744053141893728,5,6,贴,膜,0.709393,0.51914597,0.6142695,0.18696253,0.0037303155,0.09534642,,,,,
stamp,paint,M+E-,贴,画,0.0,0.007864448241889477,,0.03813764080405235,0.0380188412964344,0.0,0.4089513421058655,0.2576663494110107,0.2508113086223602,0.45547133684158325,0.2992880046367645,"[{'zh': '邮票', 'rcs': 0.516403079032898, 'w': 0.4554713490238911}, {'zh': '戳', 'rcs': 0.2337913513183593, 'w': 0.08905730195221785}]","[{'zh': '油漆', 'rcs': 0.4647365212440491, 'w': 0.29928800615783485}, {'zh': '颜色', 'rcs': 0.2822733223438263, 'w': 0.29928800615783485}, {'zh': '颜料', 'rcs': 0.4393568038940429, 'w': 0.10213598152649546}]",0.9902486464904159,5,5,贴,画,0.709393,0.781152,0.7452725,0.18696253,0.31346944,0.25021598,,,,,
stamp,lick,M-E+,,,0.04072399064898491,0.0,,0.13528485596179962,0.03283948451280594,9.0,0.0,,,,,,,0.6116754614661225,5,4,贴,舔,0.709393,0.8102749,0.75983393,0.18696253,0.59915155,0.39305705,,,,,
stamp,tramp,M-E+,,,0.04072399064898491,0.0,,0.24667811393737793,0.015531572513282299,9.0,0.0,,,,,,,0.7705676092735954,5,5,贴,流浪汉,0.709393,0.7040506,0.7067218,0.18696253,0.06923847,0.1281005,,,,,
stand,tired,M+E+,站立,累,0.013824885711073875,0.024191729724407196,,0.04673467576503754,0.0773155614733696,3.0,1.9837219715118408,0.2074915021657943,0.2175413519144058,1.0,0.4959304928779602,[],"[{'zh': '厌倦', 'rcs': 0.3972541093826294, 'w': 0.25222376476157243}, {'zh': '厌烦', 'rcs': 0.4562857747077942, 'w': 0.2518457565229566}]",1.1493961198123475,5,5,站立,累,0.6617538,0.7289037,0.6953287,0.10137148,0.27564847,0.18850997,,,,,
stand,person,M+E-,站立,人,0.0,0.04878048598766327,,0.06095080077648163,0.05810000002384186,0.0,4.0,0.2074915021657943,0.2342890352010727,1.0,1.0,[],[],0.7150140009432022,5,6,站立,人,0.6617538,0.69399196,0.6778729,0.10137148,0.08301145,0.092191465,,,,,
stand,still,M-E+,,,0.023041481152176857,0.0,,0.12147007137537003,0.013849999755620956,5.0,0.0,,,,,,,0.941085209979932,5,5,站立,依旧,0.6617538,0.65568686,0.6587203,0.10137148,0.022507848,0.061939664,,,,,
stand,table,M-E+,,,0.023041481152176857,0.0,,0.1235484853386879,0.029366668313741684,5.0,0.0,,,,,,,0.805837378701445,5,5,站立,表,0.6617538,0.6845784,0.6731661,0.10137148,0.04760247,0.07448698,,,,,
stand,music,M-E+,,,0.01843317598104477,0.0,,0.017827806994318962,0.0057070511393249035,4.0,0.0,,,,,,,0.2578239262143154,5,5,站立,音乐,0.6617538,0.8164149,0.73908436,0.10137148,0.3563554,0.22886345,,,,,
star,sky,M+E+,星星,天空,0.11872146278619766,0.028195489197969437,,0.25803568959236145,0.09200000017881393,26.0,3.75,0.2487565875053405,0.3954683542251587,0.5,0.5,"[{'zh': '星', 'rcs': 0.3143036067485809, 'w': 0.5}]","[{'zh': '蓝天', 'rcs': 0.2938329875469208, 'w': 0.5}]",0.6244101117950253,4,3,星,蓝天,0.7774609,0.78652537,0.78199315,0.41112497,0.6850841,0.5481045,,,,,
star,sun,M+E+,星星,太阳,0.1050228402018547,0.015518562868237495,,0.3217329978942871,0.08982017636299133,23.0,2.0639688968658447,0.2487565875053405,0.3525013029575348,0.5,0.3752670884132385,"[{'zh': '星', 'rcs': 0.3143036067485809, 'w': 0.5}]","[{'zh': '晒太阳', 'rcs': 0.2594788670539856, 'w': 0.37526709715581075}, {'zh': '日光', 'rcs': 0.2364581376314163, 'w': 0.12692062177680102}, {'zh': '阳光', 'rcs': 0.3202359676361084, 'w': 0.12254518391157755}]",0.5095155575042215,4,3,星,太阳,0.7774609,0.758567,0.76801395,0.41112497,0.6526273,0.53187615,,,,,
star,night,M+E+,星星,夜晚,0.045662108808755875,0.010025063529610634,,0.24578307569026947,0.09136667102575302,10.0,1.3333333730697632,0.2487565875053405,0.4091582000255584,0.5,0.3333333432674408,"[{'zh': '星', 'rcs': 0.3143036067485809, 'w': 0.5}]","[{'zh': '晚上', 'rcs': 0.3065333962440491, 'w': 0.3333333333333333}, {'zh': '夜', 'rcs': 0.3298923075199127, 'w': 0.3333333333333333}]",1.3772465381315662,4,5,星,夜晚,0.7774609,0.7965686,0.7870147,0.41112497,0.52684885,0.46898693,,,,,
star,moon,M+E+,星星,月亮,0.031963467597961426,0.10150375962257385,,0.365989625453949,0.2766000032424927,7.0,13.5,0.2487565875053405,0.4016498923301697,0.5,1.0,"[{'zh': '星', 'rcs': 0.3143036067485809, 'w': 0.5}]",[],0.3288387106535556,4,4,星,月亮,0.7774609,0.7914359,0.7844484,0.41112497,0.5540019,0.48256344,,,,,
star,month,M+E-,星,月,0.0,0.01923076994717121,,0.04988359659910202,0.13737499713897705,0.0,2.25,0.3143036067485809,0.3336130380630493,0.5,0.5,"[{'zh': '星星', 'rcs': 0.2487565875053405, 'w': 0.5}]","[{'zh': '月份', 'rcs': 0.3311723172664642, 'w': 0.5}]",0.6730317818327394,4,5,星,月,0.7774609,0.7038152,0.740638,0.41112497,0.773165,0.59214497,,,,,
star,space,M-E+,,,0.04109589010477066,0.0,,0.28133174777030945,0.03414563834667206,9.0,0.0,,,,,,,1.1860927990809889,4,5,星,空间,0.7774609,0.6740433,0.7257521,0.41112497,0.266436,0.3387805,,,,,
star,movie,M-E+,,,0.01369862537831068,0.0,,0.2354617863893509,0.03189999982714653,3.0,0.0,,,,,,,0.5422707185253134,4,5,星,电影,0.7774609,0.75840205,0.76793146,0.41112497,0.6955069,0.55331594,,,,,
station,train,M+E+,火车站,火车,0.28632479906082153,0.02247191034257412,,0.31786027550697327,0.14862500131130219,67.0,2.0,0.3857829868793487,0.4068214297294616,0.5,0.5,"[{'zh': '站', 'rcs': 0.4278387725353241, 'w': 0.5}]","[{'zh': '列车', 'rcs': 0.3996173441410064, 'w': 0.5}]",1.070074349356984,7,5,火车站,火车,0.72409207,0.78923094,0.75666153,0.30023432,0.15093203,0.22558317,,,,,
station,person,M+E-,火车站,人,0.0,0.02247191034257412,,0.029127586632966995,0.043049998581409454,0.0,2.0,0.3857829868793487,0.2342890352010727,0.5,1.0,"[{'zh': '站', 'rcs': 0.4278387725353241, 'w': 0.5}]",[],0.8138696740709966,7,6,火车站,人,0.72409207,0.69399196,0.709042,0.30023432,0.08301145,0.19162288,,,,,
station,radio,M-E+,,,0.04273504391312599,0.0,,0.12610751390457153,0.016950000077486038,10.0,0.0,,,,,,,1.0470612961370849,7,5,火车站,收音机,0.72409207,0.76989746,0.74699473,0.30023432,0.4133907,0.3568125,,,,,
steal,thief,M+E+,盗窃,小偷,0.1741071343421936,0.06787514686584473,,0.5377562642097473,0.21833942830562592,39.0,7.3305158615112305,0.2016165256500244,0.4727777540683746,0.266948401927948,0.5,"[{'zh': '偷', 'rcs': 0.2402264773845672, 'w': 0.7330516088265812}]","[{'zh': '贼', 'rcs': 0.341161698102951, 'w': 0.5}]",0.6535758505866869,5,5,偷,贼,0.793887,0.790115,0.792001,0.55775166,0.36715576,0.46245372,,,,,
steal,mobile,M+E-,偷,手机,0.0,0.009688417427241802,,0.01189257949590683,0.01937718130648136,0.0,1.046349048614502,0.2402264773845672,0.3041096031665802,0.733051598072052,0.35684701800346375,"[{'zh': '盗窃', 'rcs': 0.2016165256500244, 'w': 0.26694839117341895}]","[{'zh': '电话', 'rcs': 0.2799865007400512, 'w': 0.6431529697341648}]",1.4451917234575224,5,6,偷,电话,0.793887,0.6386642,0.7162756,0.55775166,0.2486853,0.40321848,,,,,
steal,phone,M+E-,偷,手机,0.0,0.008987529203295708,,0.012172178365290165,0.020154960453510284,0.0,0.9706531167030334,0.2402264773845672,0.4162161350250244,0.733051598072052,0.3310316503047943,"[{'zh': '盗窃', 'rcs': 0.2016165256500244, 'w': 0.26694839117341895}]","[{'zh': '电话', 'rcs': 0.4296647608280182, 'w': 0.6689683530984972}]",1.2960748698677462,5,5,偷,电话,0.793887,0.7446308,0.7692589,0.55775166,0.08842685,0.32308924,,,,,
steal,steel,M-E+,,,0.022321423515677452,0.0,,0.11819501966238022,0.013920283876359463,5.0,0.0,,,,,,,1.1219105393878186,5,5,偷,钢,0.793887,0.7872494,0.79056823,0.55775166,0.5706547,0.56420314,,,,,
steal,beg,M-E+,,,0.013392854481935501,0.0,,0.15117505192756653,0.018362941220402718,3.0,0.0,,,,,,,1.2730705233456827,5,3,偷,乞讨,0.793887,0.66061795,0.7272525,0.55775166,0.12363366,0.34069267,,,,,
steel,iron,M+E+,钢,铁,0.1479591578245163,0.2759299874305725,,0.27806273102760315,0.4047520160675049,29.0,30.62822723388672,0.3168725371360779,0.37674680352211,0.7657057046890259,1.0,"[{'zh': '兵器', 'rcs': 0.2304255664348602, 'w': 0.23429430532653753}]",[],0.5516545971675965,5,4,钢,铁,0.7872494,0.795556,0.7914027,0.5706547,0.75996953,0.6653121,,,,,
steel,sword,M+E+,兵器,刀,0.040816325694322586,0.016236362978816032,,0.24229247868061066,0.08635544776916504,8.0,1.7048180103302002,0.2304255664348602,0.3880504071712494,0.23429431021213531,0.34649503231048584,"[{'zh': '钢', 'rcs': 0.3168725371360779, 'w': 0.7657056946734625}]","[{'zh': '剑', 'rcs': 0.3996585011482239, 'w': 0.6535049775078716}]",0.1971620839211229,5,5,钢,剑,0.7872494,0.7492657,0.7682575,0.5706547,0.34472117,0.4576879,,,,,
steel,shooter,M+E-,兵器,枪,0.0,0.022313743829727173,,0.05341577157378197,0.10754108428955078,0.0,2.3429431915283203,0.2304255664348602,0.3207056224346161,0.23429431021213531,1.0,"[{'zh': '钢', 'rcs': 0.3168725371360779, 'w': 0.7657056946734625}]",[],1.2352653067793167,5,7,钢,枪,0.7872494,0.7726568,0.7799531,0.5706547,0.33269796,0.4516763,,,,,
steel,wool,M-E+,,,0.020408162847161293,0.0,,0.09059934318065643,0.03238935023546219,4.0,0.0,,,,,,,1.068672428181021,5,4,钢,毛线,0.7872494,0.806813,0.79703116,0.5706547,0.13531001,0.35298234,,,,,
steel,bar,M-E+,,,0.015306118875741959,0.0,,0.06462109088897705,0.023120976984500885,3.0,0.0,,,,,,,1.2918110198703197,5,3,钢,柜台,0.7872494,0.55048347,0.6688664,0.5706547,0.12943985,0.35004726,,,,,
steel,beam,M-E+,,,0.015306118875741959,0.0,,0.1374855637550354,0.031106064096093178,3.0,0.0,,,,,,,1.0604216391149386,5,4,钢,发光,0.7872494,0.72530705,0.7562782,0.5706547,0.10809932,0.33937702,,,,,
steel,blue,M-E+,,,0.015306118875741959,0.0,,0.0244625061750412,0.015505540184676647,3.0,0.0,,,,,,,1.4741613304357664,5,4,钢,蓝色,0.7872494,0.81527954,0.80126446,0.5706547,0.55630505,0.5634799,,,,,
storage,space,M+E+,存储,空间,0.061797741800546646,0.012339121662080288,,0.09404318034648895,0.04465199261903763,11.0,1.2709295749664307,0.3959214985370636,0.4441013634204864,1.0,0.42364317178726196,[],"[{'zh': '空隙', 'rcs': 0.2548846900463104, 'w': 0.42364316696716553}, {'zh': '空格', 'rcs': 0.2406511604785919, 'w': 0.15271366606566908}]",1.457386325935598,7,5,存储,空间,0.64794433,0.6740433,0.6609938,0.061661933,0.266436,0.16404897,,,,,
storage,resource,M+E-,存储,资料,0.0,0.0086843715980649,,0.06439098715782166,0.19293487071990967,0.0,0.8944902420043945,0.3959214985370636,0.2107081860303878,1.0,0.29816341400146484,[],"[{'zh': '资源', 'rcs': 0.427594244480133, 'w': 0.701836582612741}]",1.344482417280809,7,8,存储,资源,0.64794433,0.73170924,0.6898268,0.061661933,0.13234931,0.09700562,,,,,
storage,attic,M-E+,,,0.0337078720331192,0.0,,0.34231454133987427,0.020899999886751175,6.0,0.0,,,,,,,1.389395902309116,7,5,存储,阁楼,0.64794433,0.7446059,0.6962751,0.061661933,0.08747306,0.0745675,,,,,
strike,protest,M+E+,罢工,抗议,0.023952102288603783,0.026715736836194992,,0.18586774170398712,0.19310301542282104,4.0,2.912015438079834,0.3226832151412964,0.4878682792186737,0.36400192975997925,1.0,"[{'zh': '爆发', 'rcs': 0.328266441822052, 'w': 0.36400193268675884}, {'zh': '打击', 'rcs': 0.2406797111034393, 'w': 0.10154463401805783}, {'zh': '突击', 'rcs': 0.2054139822721481, 'w': 0.09537461931110232}, {'zh': '袭击', 'rcs': 0.314850389957428, 'w': 0.07507688129732226}]",[],1.2940214451001815,6,7,爆发,抗议,0.6493363,0.7690721,0.7092042,0.04821703,0.046734363,0.047475696,,,,,
strike,blast,M+E-,爆发,爆炸,0.0,0.027559619396924973,,0.05919485166668892,0.07308509945869446,0.0,3.059117555618286,0.328266441822052,0.4362828135490417,0.36400192975997925,0.7640113234519958,"[{'zh': '罢工', 'rcs': 0.3226832151412964, 'w': 0.36400193268675884}, {'zh': '打击', 'rcs': 0.2406797111034393, 'w': 0.10154463401805783}, {'zh': '突击', 'rcs': 0.2054139822721481, 'w': 0.09537461931110232}, {'zh': '袭击', 'rcs': 0.314850389957428, 'w': 0.07507688129732226}]","[{'zh': '响声', 'rcs': 0.3306280076503753, 'w': 0.23598869700517877}]",0.7576407558860286,6,5,爆发,爆炸,0.6493363,0.78289163,0.7161139,0.04821703,0.20434366,0.12628034,,,,,
strike,campaign,M+E-,罢工,运动,0.0,0.016697335988283157,,0.027867045253515244,0.014305274933576584,0.0,1.820009708404541,0.3226832151412964,0.2373098880052566,0.36400192975997925,1.0,"[{'zh': '爆发', 'rcs': 0.328266441822052, 'w': 0.36400193268675884}, {'zh': '打击', 'rcs': 0.2406797111034393, 'w': 0.10154463401805783}, {'zh': '突击', 'rcs': 0.2054139822721481, 'w': 0.09537461931110232}, {'zh': '袭击', 'rcs': 0.314850389957428, 'w': 0.07507688129732226}]",[],1.4953662076809024,6,8,爆发,运动,0.6493363,0.31127155,0.4803039,0.04821703,0.02444213,0.03632958,,,,,
strike,universe,M+E-,爆发,宇宙,0.0,0.009837890043854713,,0.004622579552233219,0.02322332374751568,0.0,1.092005729675293,0.328266441822052,0.3660365641117096,0.36400192975997925,1.0,"[{'zh': '罢工', 'rcs': 0.3226832151412964, 'w': 0.36400193268675884}, {'zh': '打击', 'rcs': 0.2406797111034393, 'w': 0.10154463401805783}, {'zh': '突击', 'rcs': 0.2054139822721481, 'w': 0.09537461931110232}, {'zh': '袭击', 'rcs': 0.314850389957428, 'w': 0.07507688129732226}]",[],1.0418862696594045,6,8,爆发,宇宙,0.6493363,0.76700383,0.70817006,0.04821703,0.18489984,0.11655843,,,,,
strike,baseball,M-E+,,,0.12574850022792816,0.0,,0.15298692882061005,0.013373428024351597,21.0,0.0,,,,,,,1.2610334092348179,6,8,爆发,棒球,0.6493363,0.7563555,0.70284593,0.04821703,0.09344579,0.07083141,,,,,
strike,match,M-E+,,,0.04191616550087929,0.0,,0.15889163315296173,0.007482276763767004,7.0,0.0,,,,,,,0.4915590018706884,6,5,爆发,竞赛,0.6493363,0.46755102,0.55844367,0.04821703,0.010955539,0.029586283,,,,,
strike,three,M-E+,,,0.023952102288603783,0.0,,0.06784207373857498,0.0050596268847584724,4.0,0.0,,,,,,,1.48537775153614,6,5,爆发,三,0.6493363,0.78194034,0.7156383,0.04821703,0.482128,0.2651725,,,,,
string,violin,M+E+,弦,小提琴,0.040000006556510925,0.05207151919603348,,0.23940126597881317,0.2659173309803009,10.0,4.061578273773193,0.4187423884868622,0.5336957573890686,0.5802254676818848,1.0,"[{'zh': '绳子', 'rcs': 0.3045003116130829, 'w': 0.41977453550667027}]",[],0.5617700020656424,6,6,弦,小提琴,0.6284958,0.80656534,0.7175306,0.254066,0.2713516,0.26270878,,,,,
string,serpent,M+E-,绳子,蛇,0.0,0.01614517532289028,,0.02319173514842987,0.06947268545627594,0.0,1.679098129272461,0.3045003116130829,0.425779789686203,0.41977453231811523,1.0,"[{'zh': '弦', 'rcs': 0.4187423884868622, 'w': 0.5802254644933297}]",[],1.1375026479435422,6,7,弦,蛇,0.6284958,0.72112226,0.67480904,0.254066,0.022838162,0.13845208,,,,,
string,thread,M-E+,,,0.052000004798173904,0.0,,0.3838324248790741,0.024710455909371376,13.0,0.0,,,,,,,0.48923575554128906,6,6,弦,穿,0.6284958,0.64790684,0.63820136,0.254066,0.026098285,0.14008214,,,,,
string,cheese,M-E+,,,0.019999997690320015,0.0,,0.03452368453145027,0.00460352748632431,5.0,0.0,,,,,,,0.6108141064890613,6,6,弦,起司,0.6284958,0.8603194,0.7444076,0.254066,0.47317386,0.36361992,,,,,
string,bean,M-E+,,,0.011999998241662979,0.0,,0.0716983750462532,0.006590460427105427,3.0,0.0,,,,,,,1.0500034907417746,6,4,弦,豆豆,0.6284958,0.8341423,0.73131907,0.254066,0.22804466,0.24105532,,,,,
string,piece,M-E+,,,0.011999998241662979,0.0,,0.0799412801861763,0.00937824510037899,3.0,0.0,,,,,,,1.448469287821659,6,5,弦,零件,0.6284958,0.56979936,0.59914756,0.254066,0.090062395,0.17206419,,,,,
stripe,zebra,M+E+,条纹,斑马,0.1538461148738861,0.07296328991651535,,0.3931981921195984,0.13461726903915405,30.0,7.296328544616699,0.5072011947631836,0.456774353981018,0.3040136992931366,1.0,"[{'zh': '条', 'rcs': 0.36157888174057, 'w': 0.4618021403645911}, {'zh': '线条', 'rcs': 0.4410961866378784, 'w': 0.23418416378654422}]",[],0.5819049538696135,6,5,条,斑马,0.7427819,0.8325531,0.7876675,0.6019653,0.5900518,0.59600854,,,,,
stripe,noodle,M+E-,条,面条,0.0,0.03265267610549927,,0.017142020165920258,0.10880058258771896,0.0,3.2326149940490723,0.36157888174057,0.5418992042541504,0.4618021547794342,1.0,"[{'zh': '条纹', 'rcs': 0.5072011947631836, 'w': 0.3040136958488647}, {'zh': '线条', 'rcs': 0.4410961866378784, 'w': 0.23418416378654422}]",[],0.3713979161448353,6,6,条,面条,0.7427819,0.83736646,0.79007417,0.6019653,0.47947684,0.54072106,,,,,
stripe,racing,M-E+,,,0.020512821152806282,0.0,,0.10002144426107407,0.006003428250551224,4.0,0.0,,,,,,,1.3165455996919815,6,6,条,赛跑,0.7427819,0.6056513,0.6742166,0.6019653,0.04013596,0.32105064,,,,,
study,science,M+E+,研究,科学,0.020942412316799164,0.0080307237803936,,0.2763040065765381,0.05816090852022171,4.0,0.9395946860313416,0.5011349320411682,0.5752609968185425,0.5369112491607666,0.25,"[{'zh': '学习', 'rcs': 0.2978116571903229, 'w': 0.46308877969366075}]","[{'zh': '理科', 'rcs': 0.4084779322147369, 'w': 0.25}, {'zh': '学', 'rcs': 0.3564983904361725, 'w': 0.25}, {'zh': '学科', 'rcs': 0.4057303965091705, 'w': 0.25}]",1.299707652372095,5,7,研究,科学,0.7599818,0.773183,0.76658237,0.11891741,0.48105952,0.29998848,,,,,
study,unlock,M+E-,研究,发现,0.0,0.018355941399931908,,0.049715664237737656,0.1417982578277588,0.0,2.1476449966430664,0.5011349320411682,0.2504589557647705,0.5369112491607666,1.0,"[{'zh': '学习', 'rcs': 0.2978116571903229, 'w': 0.46308877969366075}]",[],1.3346201278080132,5,6,研究,发现,0.7599818,0.58647203,0.67322695,0.11891741,0.025059264,0.07198834,,,,,
study,tired,M+E-,学习,累,0.0,0.008381745778024197,,0.02067064307630062,0.04441621154546738,0.0,1.1482993364334106,0.2978116571903229,0.2175413519144058,0.4630887806415558,0.4959304928779602,"[{'zh': '研究', 'rcs': 0.5011349320411682, 'w': 0.5369112203063393}]","[{'zh': '厌倦', 'rcs': 0.3972541093826294, 'w': 0.25222376476157243}, {'zh': '厌烦', 'rcs': 0.4562857747077942, 'w': 0.2518457565229566}]",0.7946924180497277,5,5,研究,累,0.7599818,0.7289037,0.74444276,0.11891741,0.27564847,0.19728294,,,,,
study,break,M-E+,,,0.015706809237599373,0.0,,0.041666753590106964,0.007720488589257002,3.0,0.0,,,,,,,0.8143698730978589,5,5,研究,打破,0.7599818,0.67823756,0.71910965,0.11891741,0.12989302,0.12440522,,,,,
stump,log,M+E+,树桩,木头,0.06000000238418579,0.02286059781908989,,0.22979135811328888,0.15842393040657043,12.0,2.2631990909576416,0.4282052218914032,0.2718109786510467,0.37719985842704773,1.0,"[{'zh': '柱', 'rcs': 0.3190897405147552, 'w': 0.6228001552249091}]",[],1.3035259639191903,5,3,柱,木头,0.63372475,0.61934423,0.62653446,0.06971033,0.2735067,0.17160851,,,,,
stump,pillar,M+E-,柱,柱子,0.0,0.15802903473377228,,0.040105290710926056,0.23276165127754211,0.0,9.797799110412598,0.3190897405147552,0.4956512153148651,0.6228001713752747,0.6839935183525085,"[{'zh': '树桩', 'rcs': 0.4282052218914032, 'w': 0.37719984477509094}]","[{'zh': '支柱', 'rcs': 0.2966271936893463, 'w': 0.3160064601118427}]",0.5380231662774374,5,6,柱,柱子,0.63372475,0.7474098,0.69056726,0.06971033,0.107352756,0.08853154,,,,,
stump,prop,M+E-,柱,支撑,0.0,0.030135491862893105,,0.027622975409030914,0.20216093957424164,0.0,1.8684005737304688,0.3190897405147552,0.2142224907875061,0.6228001713752747,1.0,"[{'zh': '树桩', 'rcs': 0.4282052218914032, 'w': 0.37719984477509094}]",[],0.6109129954999111,5,4,柱,支撑,0.63372475,0.583243,0.6084839,0.06971033,0.037977032,0.05384368,,,,,
stump,bunny,M+E-,树桩,兔子,0.0,0.01905049756169319,,0.024985549971461296,0.05639137700200081,0.0,1.885999321937561,0.4282052218914032,0.3943850100040436,0.37719985842704773,1.0,"[{'zh': '柱', 'rcs': 0.3190897405147552, 'w': 0.6228001552249091}]",[],1.105331887722345,5,5,柱,兔子,0.63372475,0.78345,0.7085874,0.06971033,0.071637444,0.07067388,,,,,
stump,circle,M+E-,柱,圆,0.0,0.00869339145720005,,0.010744803585112095,0.02831495739519596,0.0,0.538990318775177,0.3190897405147552,0.3139594197273254,0.6228001713752747,0.2884768545627594,"[{'zh': '树桩', 'rcs': 0.4282052218914032, 'w': 0.37719984477509094}]","[{'zh': '圆周', 'rcs': 0.2899746596813202, 'w': 0.2884768449289036}, {'zh': '圆圈', 'rcs': 0.4085624814033508, 'w': 0.15500026620728077}, {'zh': '环', 'rcs': 0.3163108229637146, 'w': 0.1345146566525419}, {'zh': '圆形', 'rcs': 0.3672444522380829, 'w': 0.13353138728237027}]",1.3068316382644236,5,6,柱,圆周,0.63372475,0.7311723,0.6824485,0.06971033,0.10434064,0.087025486,,,,,
stump,puzzle,M-E+,,,0.034999996423721313,0.0,,0.3160041868686676,0.016255084425210953,7.0,0.0,,,,,,,0.7643034589855372,5,6,柱,谜,0.63372475,0.7230342,0.6783795,0.06971033,0.10148662,0.085598476,,,,,
subject,theme,M+E+,话题,主题,0.02049180120229721,0.008154780603945255,,0.25618302822113037,0.052713315933942795,5.0,0.7094659209251404,0.2071601897478103,0.3870526254177093,0.1773664802312851,1.0,"[{'zh': '科目', 'rcs': 0.21392223238945, 'w': 0.5165108453401709}, {'zh': '题目', 'rcs': 0.312792420387268, 'w': 0.18303110387758237}, {'zh': '问题', 'rcs': 0.3361803591251373, 'w': 0.12309157541111133}]",[],1.1724171213290453,7,5,科目,主题,0.7113696,0.69628465,0.70382714,0.06251421,0.24069802,0.15160611,,,,,
subject,tough,M+E-,题目,难,0.0,0.0128121767193079,,0.018036385998129845,0.10299225896596909,0.0,1.2812176942825317,0.312792420387268,0.2225352823734283,0.1830310970544815,1.0,"[{'zh': '科目', 'rcs': 0.21392223238945, 'w': 0.5165108453401709}, {'zh': '话题', 'rcs': 0.2071601897478103, 'w': 0.17736647537113534}, {'zh': '问题', 'rcs': 0.3361803591251373, 'w': 0.12309157541111133}]",[],1.2389363542848262,7,5,科目,难,0.7113696,0.5257976,0.61858356,0.06251421,0.013533704,0.038023956,,,,,
subject,object,M-E+,,,0.12295080721378326,0.0,,0.2610616385936737,0.020418977364897728,30.0,0.0,,,,,,,0.7143958804797977,7,6,科目,物体,0.7113696,0.64347756,0.6774236,0.06251421,0.13567296,0.099093586,,,,,
subject,sentence,M-E+,,,0.028688522055745125,0.0,,0.3026183247566223,0.005201136227697134,7.0,0.0,,,,,,,0.7059751457618888,7,8,科目,宣判,0.7113696,0.43966663,0.57551813,0.06251421,0.09324382,0.07787901,,,,,
subject,citizen,M-E+,,,0.012295080348849297,0.0,,0.0671687051653862,0.007449534721672535,3.0,0.0,,,,,,,1.3272455002551695,7,7,科目,市民,0.7113696,0.7496977,0.7305336,0.06251421,0.33823785,0.20037603,,,,,
subway,train,M+E+,地铁,火车,0.18143463134765625,0.024752475321292877,,0.2997165620326996,0.26579999923706055,43.0,2.5,0.4217494428157806,0.4068214297294616,1.0,0.5,[],"[{'zh': '列车', 'rcs': 0.3996173441410064, 'w': 0.5}]",1.2777251802918201,6,5,地铁,火车,0.7617278,0.78923094,0.7754794,0.38268942,0.15093203,0.26681072,,,,,
subway,orbit,M+E-,地铁,轨道,0.0,0.029702970758080482,,0.033971939235925674,0.46810001134872437,0.0,3.0,0.4217494428157806,0.4216618239879608,1.0,1.0,[],[],1.0546482916997963,6,5,地铁,轨道,0.7617278,0.5995005,0.6806141,0.38268942,0.060967352,0.22182839,,,,,
subway,squeeze,M+E-,地铁,挤,0.0,0.01867670752108097,,0.0298631452023983,0.1864088475704193,0.0,1.8863474130630493,0.4217494428157806,0.2201699912548065,1.0,0.3772694766521454,[],"[{'zh': '捏', 'rcs': 0.3188902139663696, 'w': 0.3434488904341609}, {'zh': '挤压', 'rcs': 0.2590376138687134, 'w': 0.2792816473521119}]",1.1615225369279363,6,7,地铁,挤,0.7617278,0.65930796,0.7105179,0.38268942,0.08670793,0.23469867,,,,,
subway,tube,M-E+,,,0.050632912665605545,0.0,,0.24497035145759583,0.019464435055851936,12.0,0.0,,,,,,,0.9982671850278397,6,4,地铁,管,0.7617278,0.7207436,0.74123573,0.38268942,0.20718074,0.29493508,,,,,
subway,below,M-E+,,,0.01265823096036911,0.0,,0.18726232647895813,0.03869999945163727,3.0,0.0,,,,,,,1.4992856285103802,6,5,地铁,下面,0.7617278,0.5568327,0.65928024,0.38268942,0.60774994,0.49521968,,,,,
suction,straw,M+E+,吸,吸管,0.03086419776082039,0.05036550760269165,,0.11357690393924713,0.15531378984451294,5.0,5.943129539489746,0.3475051820278168,0.3520115315914154,1.0,0.39620864391326904,[],"[{'zh': '草', 'rcs': 0.3442866504192352, 'w': 0.6037913574663232}]",1.2326880724877562,7,5,吸,草,0.67181826,0.7525633,0.71219075,0.12555234,0.042951714,0.08425203,,,,,
suction,recruit,M+E-,吸,吸收,0.0,0.04237288236618042,,0.03196771442890167,0.33799999952316284,0.0,5.0,0.3475051820278168,0.2840880453586578,1.0,1.0,[],[],0.503756776247779,7,7,吸,吸收,0.67181826,0.36732107,0.51956964,0.12555234,0.00042771394,0.062990025,,,,,
suction,jelly,M+E-,吸,果冻,0.0,0.025423727929592133,,0.06774511188268661,0.14249999821186066,0.0,3.0,0.3475051820278168,0.556236982345581,1.0,0.5,[],"[{'zh': '果酱', 'rcs': 0.5427776575088501, 'w': 0.5}]",1.3349307480289285,7,5,吸,果酱,0.67181826,0.83557564,0.7536969,0.12555234,0.33153155,0.22854194,,,,,
suction,vampire,M+E-,吸,吸血鬼,0.0,0.025423727929592133,,0.03926307335495949,0.06620000302791595,0.0,3.0,0.3475051820278168,0.4506621956825256,1.0,1.0,[],[],0.6469160505951514,7,7,吸,吸血鬼,0.67181826,0.7228068,0.69731253,0.12555234,0.4929791,0.30926573,,,,,
suction,tobacco,M+E-,吸,烟,0.0,0.010882990434765816,,0.06594843417406082,0.08449863642454147,0.0,1.2841928005218506,0.3475051820278168,0.3198984265327453,1.0,0.2568385601043701,[],"[{'zh': '烟草', 'rcs': 0.6159923076629639, 'w': 0.4538058090622198}, {'zh': '香烟', 'rcs': 0.4194945394992828, 'w': 0.289355620817926}]",0.8689556916362502,7,7,吸,烟草,0.67181826,0.7778267,0.7248225,0.12555234,0.24183865,0.1836955,,,,,
suction,surgery,M-E+,,,0.018518518656492233,0.0,,0.13619326055049896,0.041200000792741776,3.0,0.0,,,,,,,1.009509154860216,7,7,吸,手术,0.67181826,0.787066,0.7294421,0.12555234,0.16315109,0.14435172,,,,,
summit,mount,M+E+,山顶,攀登,0.014423081651329994,0.019543122500181198,,0.3182809054851532,0.27121034264564514,3.0,1.680708408355713,0.34743732213974,0.253242552280426,1.0,0.5602361559867859,[],"[{'zh': '山', 'rcs': 0.2903324663639068, 'w': 0.240194766225045}, {'zh': '山峰', 'rcs': 0.4473350346088409, 'w': 0.1995690937836754}]",0.8558821510743633,6,5,山顶,攀登,0.60615945,0.6774608,0.6418101,0.060685173,0.28814307,0.17441413,,,,,
summit,sunrise,M+E-,山顶,日出,0.0,0.08139535039663315,,0.05529807507991791,0.4278999865055084,0.0,7.0,0.34743732213974,0.3044288456439972,1.0,1.0,[],[],0.7353935092629722,6,7,山顶,日出,0.60615945,0.7370348,0.6715971,0.060685173,0.5678855,0.31428534,,,,,
summit,submit,M-E+,,,0.014423081651329994,0.0,,0.11142687499523163,0.00426114397123456,3.0,0.0,,,,,,,1.4578304014323116,6,6,山顶,表示,0.60615945,0.6987137,0.6524366,0.060685173,0.11048764,0.08558641,,,,,
sun,moon,M+E+,太阳,月亮,0.12616822123527527,0.04921535402536392,,0.34341874718666077,0.14421513676643372,27.0,6.004273414611816,0.3525013029575348,0.4016498923301697,0.3752670884132385,1.0,"[{'zh': '晒太阳', 'rcs': 0.2594788670539856, 'w': 0.37526709715581075}, {'zh': '日光', 'rcs': 0.2364581376314163, 'w': 0.12692062177680102}, {'zh': '阳光', 'rcs': 0.3202359676361084, 'w': 0.12254518391157755}]",[],0.5215474438130836,3,4,太阳,月亮,0.758567,0.7914359,0.7750014,0.6526273,0.5540019,0.60331464,,,,,
sun,warm,M+E+,阳光,温暖,0.06542056798934937,0.014263663440942764,,0.15901178121566772,0.09006485342979431,14.0,1.4263664484024048,0.3202359676361084,0.3686213195323944,0.12254518270492554,0.45700907707214355,"[{'zh': '太阳', 'rcs': 0.3525013029575348, 'w': 0.37526709715581075}, {'zh': '晒太阳', 'rcs': 0.2594788670539856, 'w': 0.37526709715581075}, {'zh': '日光', 'rcs': 0.2364581376314163, 'w': 0.12692062177680102}]","[{'zh': '暖和', 'rcs': 0.422766238451004, 'w': 0.5429909148554628}]",1.2934972065507715,3,4,太阳,暖和,0.758567,0.7935588,0.77606285,0.6526273,0.26628718,0.45945722,,,,,
sun,star,M+E+,太阳,星星,0.05140187591314316,0.0076898992992937565,,0.3217329978942871,0.08982017636299133,11.0,0.9381676912307739,0.3525013029575348,0.2487565875053405,0.3752670884132385,0.5,"[{'zh': '晒太阳', 'rcs': 0.2594788670539856, 'w': 0.37526709715581075}, {'zh': '日光', 'rcs': 0.2364581376314163, 'w': 0.12692062177680102}, {'zh': '阳光', 'rcs': 0.3202359676361084, 'w': 0.12254518391157755}]","[{'zh': '星', 'rcs': 0.3143036067485809, 'w': 0.5}]",0.5095155575042215,3,4,太阳,星,0.758567,0.7774609,0.76801395,0.6526273,0.41112497,0.53187615,,,,,
sun,cat,M+E-,晒太阳,猫,0.0,0.015010682865977287,,0.025339530780911446,0.0702124685049057,0.0,1.501068353652954,0.2594788670539856,0.4880292117595672,0.3752670884132385,1.0,"[{'zh': '太阳', 'rcs': 0.3525013029575348, 'w': 0.37526709715581075}, {'zh': '日光', 'rcs': 0.2364581376314163, 'w': 0.12692062177680102}, {'zh': '阳光', 'rcs': 0.3202359676361084, 'w': 0.12254518391157755}]",[],0.03861816354505411,3,3,太阳,猫,0.758567,0.82852244,0.7935447,0.6526273,0.70452857,0.6785779,,,,,
sun,burn,M-E+,,,0.023364482447504997,0.0,,0.18490858376026154,0.013409635052084923,5.0,0.0,,,,,,,0.8398857279993959,3,4,太阳,烧伤,0.758567,0.7245533,0.7415601,0.6526273,0.4179795,0.5353034,,,,,
sun,round,M-E+,,,0.014018689282238483,0.0,,0.09689236432313919,0.0073177083395421505,3.0,0.0,,,,,,,1.3038510397047767,3,5,太阳,回合,0.758567,0.46832725,0.6134471,0.6526273,0.014070731,0.33334902,,,,,
sun,set,M-E+,,,0.014018689282238483,0.0,,0.03127555549144745,0.0032648236956447363,3.0,0.0,,,,,,,1.479300790053205,3,3,太阳,排版,0.758567,0.5637539,0.66116047,0.6526273,0.000547104,0.3265872,,,,,
sunrise,sunset,M+E+,日出,日落,0.22549016773700714,0.04565217345952988,,0.4817730486392975,0.149849995970726,46.0,5.25,0.3044288456439972,0.3786612749099731,1.0,0.25,[],"[{'zh': '晚霞', 'rcs': 0.3757309019565582, 'w': 0.25}, {'zh': '落日', 'rcs': 0.2726708352565765, 'w': 0.25}, {'zh': '夕阳', 'rcs': 0.3600786328315735, 'w': 0.25}]",0.5809330293454662,7,6,日出,日落,0.7370348,0.809831,0.7734329,0.5678855,0.5851315,0.5765085,,,,,
sunrise,summit,M+E-,日出,山顶,0.0,0.043478261679410934,,0.05529807507991791,0.4278999865055084,0.0,5.0,0.3044288456439972,0.34743732213974,1.0,1.0,[],[],0.7353935092629722,7,6,日出,山顶,0.7370348,0.60615945,0.6715971,0.5678855,0.060685173,0.31428534,,,,,
sunrise,orange,M-E+,,,0.05882353335618973,0.0,,0.1892784833908081,0.029280001297593117,12.0,0.0,,,,,,,0.8553280435680221,7,6,日出,橙汁,0.7370348,0.818682,0.7778584,0.5678855,0.47633475,0.5221101,,,,,
suppress,oppress,M+E+,抑制,压抑,0.05633803457021713,0.011788725852966309,,0.44551700353622437,0.11525482684373856,8.0,1.2731822729110718,0.2190069705247879,0.2902079820632934,0.2136039435863495,0.2180691808462143,"[{'zh': '镇压', 'rcs': 0.373748779296875, 'w': 0.4973697423587509}, {'zh': '禁止', 'rcs': 0.2866851985454559, 'w': 0.2890263130905184}]","[{'zh': '压迫', 'rcs': 0.3236939311027527, 'w': 0.639957664512844}, {'zh': '压制', 'rcs': 0.4338683784008026, 'w': 0.14197315363666435}]",1.2413679309199506,8,7,镇压,压迫,0.6127583,0.7301643,0.6714613,0.21139331,0.16185783,0.18662557,,,,,
suppress,transit,M+E-,禁止,通行,0.0,0.028027407824993134,,0.002205813769251108,0.10472634434700012,0.0,3.195124387741089,0.2866851985454559,0.2784761488437652,0.28902631998062134,0.8503682613372803,"[{'zh': '镇压', 'rcs': 0.373748779296875, 'w': 0.4973697423587509}, {'zh': '抑制', 'rcs': 0.2190069705247879, 'w': 0.21360394455073065}]","[{'zh': '运输', 'rcs': 0.3570206761360168, 'w': 0.1496317618761203}]",1.4466425549289545,8,7,镇压,通行,0.6127583,0.72302836,0.6678933,0.21139331,0.078037165,0.14471523,,,,,
suppress,admission,M+E-,禁止,允许,0.0,0.010141274891793728,,0.026902396231889725,0.09974297881126404,0.0,1.1561052799224854,0.2866851985454559,0.2890715301036834,0.28902631998062134,1.0,"[{'zh': '镇压', 'rcs': 0.373748779296875, 'w': 0.4973697423587509}, {'zh': '抑制', 'rcs': 0.2190069705247879, 'w': 0.21360394455073065}]",[],0.8819769139632809,8,9,镇压,允许,0.6127583,0.65224046,0.63249934,0.21139331,0.036875367,0.12413434,,,,,
suppress,manipulate,M+E-,抑制,控制,0.0,0.008884655311703682,,0.03938964009284973,0.04780655354261398,0.0,1.0483893156051636,0.2190069705247879,0.3485323786735534,0.2136039435863495,0.613512396812439,"[{'zh': '镇压', 'rcs': 0.373748779296875, 'w': 0.4973697423587509}, {'zh': '禁止', 'rcs': 0.2866851985454559, 'w': 0.2890263130905184}]","[{'zh': '影响', 'rcs': 0.2167477905750274, 'w': 0.38648758866500743}]",1.1146485543419078,8,10,镇压,控制,0.6127583,0.6300508,0.6214045,0.21139331,0.04357627,0.1274848,,,,,
suppress,reduce,M-E+,,,0.021126769483089447,0.0,,0.13993188738822937,0.008195837959647179,3.0,0.0,,,,,,,1.1429884820514709,8,6,镇压,减少,0.6127583,0.736348,0.67455316,0.21139331,0.107440904,0.15941711,,,,,
survive,alive,M+E+,生存,活着,0.026455022394657135,0.04440166801214218,,0.21503327786922455,0.1847553253173828,5.0,5.328199863433838,0.2226876765489578,0.3466546237468719,1.0,0.6660249829292297,[],"[{'zh': '充满', 'rcs': 0.217625692486763, 'w': 0.33397502329133383}]",1.423862009519538,7,5,生存,活着,0.67369205,0.69823337,0.6859627,0.26269433,0.25442395,0.25855914,,,,,
survive,presence,M+E-,生存,存在,0.0,0.02500000037252903,,0.042319655418395996,0.14820000529289246,0.0,3.0,0.2226876765489578,0.284667432308197,1.0,1.0,[],[],0.5479355585374798,7,8,生存,存在,0.67369205,0.6462374,0.6599647,0.26269433,0.083669916,0.17318213,,,,,
survive,accident,M-E+,,,0.021164018660783768,0.0,,0.07281441986560822,0.030811069533228874,4.0,0.0,,,,,,,0.9822899051399182,7,8,生存,事故,0.67369205,0.72281134,0.6982517,0.26269433,0.05204101,0.15736768,,,,,
survive,strong,M-E+,,,0.01587301306426525,0.0,,0.1039208471775055,0.036290667951107025,3.0,0.0,,,,,,,0.9316306002373153,7,6,生存,坚强,0.67369205,0.6850924,0.6793922,0.26269433,0.22031865,0.24150649,,,,,
swamp,wet,M+E+,淹没,水,0.0364583283662796,0.010424834676086903,,0.2676752805709839,0.03647720441222191,7.0,1.2092808485031128,0.2308024913072586,0.3768291473388672,0.6076844930648804,0.14214153587818146,"[{'zh': '沼泽', 'rcs': 0.4666385054588318, 'w': 0.3923155171236762}]","[{'zh': '湿', 'rcs': 0.4603066146373749, 'w': 0.25993643248032516}, {'zh': '湿的', 'rcs': 0.4789307117462158, 'w': 0.25993643248032516}, {'zh': '潮湿', 'rcs': 0.4323588013648987, 'w': 0.25993643248032516}, {'zh': '液体', 'rcs': 0.3145627677440643, 'w': 0.07804916587005213}]",1.3397048720213691,5,3,淹没,湿,0.6842351,0.810579,0.7474071,0.2664486,0.37285385,0.31965122,,,,,
swamp,swim,M+E-,淹没,游泳,0.0,0.015715979039669037,,0.07420631498098373,0.2072811871767044,0.0,1.8230534791946411,0.2308024913072586,0.2599096298217773,0.6076844930648804,1.0,"[{'zh': '沼泽', 'rcs': 0.4666385054588318, 'w': 0.3923155171236762}]",[],0.9737266974119503,5,4,淹没,游泳,0.6842351,0.75890666,0.72157085,0.2664486,0.42403856,0.34524357,,,,,
swamp,wreck,M+E-,淹没,沉船,0.0,0.015715979039669037,,0.02877539023756981,0.23614618182182312,0.0,1.8230534791946411,0.2308024913072586,0.4844292104244232,0.6076844930648804,1.0,"[{'zh': '沼泽', 'rcs': 0.4666385054588318, 'w': 0.3923155171236762}]",[],0.863372856833899,5,5,淹没,沉船,0.6842351,0.63523775,0.6597364,0.2664486,0.11558929,0.19101894,,,,,
swamp,muck,M-E+,,,0.02083333022892475,0.0,,0.3386612832546234,0.021475819870829582,4.0,0.0,,,,,,,1.474313469097966,5,4,淹没,打扫,0.6842351,0.5523958,0.61831546,0.2664486,0.027797455,0.14712302,,,,,
swear,oath,M+E+,发誓,誓言,0.15333333611488342,0.01325968187302351,,0.510278582572937,0.09050505608320236,23.0,1.3127086162567139,0.3509606719017029,0.2630744874477386,0.3198002576828003,0.3157520294189453,"[{'zh': '诅咒', 'rcs': 0.2034182995557785, 'w': 0.6801997540529955}]","[{'zh': '宣誓', 'rcs': 0.4509262442588806, 'w': 0.6842479769411199}]",1.3173309415741488,5,4,诅咒,宣誓,0.5053837,0.68783563,0.59660965,0.16663894,0.1803579,0.17349842,,,,,
swear,terror,M+E-,诅咒,恐怖,0.0,0.02184099704027176,,0.03643721342086792,0.128055602312088,0.0,2.5117149353027344,0.2034182995557785,0.439830482006073,0.6801997423171997,0.6154356002807617,"[{'zh': '发誓', 'rcs': 0.3509606719017029, 'w': 0.31980024594700457}]","[{'zh': '惊骇', 'rcs': 0.2464110553264618, 'w': 0.19559785834058024}, {'zh': '惊恐', 'rcs': 0.2346123307943344, 'w': 0.09520526252026937}, {'zh': '恐惧', 'rcs': 0.3233756721019745, 'w': 0.09376127667973112}]",1.325282881509082,5,6,诅咒,恐怖,0.5053837,0.7010997,0.6032417,0.16663894,0.3404675,0.2535532,,,,,
swear,thee,M+E-,诅咒,你,0.0,0.017744340002536774,,0.034350283443927765,0.024691250175237656,0.0,2.0405993461608887,0.2034182995557785,0.4074054062366485,0.6801997423171997,1.0,"[{'zh': '发誓', 'rcs': 0.3509606719017029, 'w': 0.31980024594700457}]",[],0.8232356048264416,5,4,诅咒,你,0.5053837,0.62131226,0.56334794,0.16663894,0.3899381,0.2782885,,,,,
swear,thou,M+E-,诅咒,你,0.0,0.017744340002536774,,0.04722646251320839,0.024691250175237656,0.0,2.0405993461608887,0.2034182995557785,0.3299756944179535,0.6801997423171997,1.0,"[{'zh': '发誓', 'rcs': 0.3509606719017029, 'w': 0.31980024594700457}]",[],0.9176540090174202,5,4,诅咒,你,0.5053837,0.63962114,0.5725024,0.16663894,0.3731908,0.26991487,,,,,
swear,word,M-E+,,,0.1133333370089531,0.0,,0.12757867574691772,0.006167152896523476,17.0,0.0,,,,,,,1.2638858848076906,5,4,诅咒,词,0.5053837,0.69771266,0.6015482,0.16663894,0.14589055,0.15626475,,,,,
swear,anger,M-E+,,,0.026666657999157906,0.0,,0.11334242671728134,0.00794481672346592,4.0,0.0,,,,,,,0.8183406335138605,5,5,诅咒,怒,0.5053837,0.7436112,0.6244974,0.16663894,0.044288088,0.10546351,,,,,
sweet,sugar,M+E+,甜食,糖,0.17521370947360992,0.014610246755182743,,0.45784682035446167,0.17865799367427826,41.0,1.8701115846633911,0.2699501812458038,0.6042978167533875,0.3116852641105652,1.0,"[{'zh': '甜点', 'rcs': 0.295339971780777, 'w': 0.30948804711554245}, {'zh': '糖果', 'rcs': 0.3163805603981018, 'w': 0.19781852135000336}, {'zh': '亲爱的', 'rcs': 0.3191737234592438, 'w': 0.18100816469795195}]",[],1.092435896195934,5,5,甜食,糖,0.80062354,0.8346725,0.81764805,0.3620897,0.2812132,0.32165146,,,,,
sweet,cake,M+E+,甜点,蛋糕,0.025641029700636864,0.03944455832242966,,0.40855908393859863,0.1023322269320488,6.0,4.023344993591309,0.295339971780777,0.5593515634536743,0.30948805809020996,0.5,"[{'zh': '甜食', 'rcs': 0.2699501812458038, 'w': 0.31168526683650216}, {'zh': '糖果', 'rcs': 0.3163805603981018, 'w': 0.19781852135000336}, {'zh': '亲爱的', 'rcs': 0.3191737234592438, 'w': 0.18100816469795195}]","[{'zh': '饼', 'rcs': 0.5330291390419006, 'w': 0.5}]",1.1002633109978446,5,4,甜食,蛋糕,0.80062354,0.82305276,0.81183815,0.3620897,0.55040956,0.45624962,,,,,
sweet,buddy,M+E-,亲爱的,朋友,0.0,0.00969686545431614,,0.06009451299905777,0.07510028779506683,0.0,1.08604896068573,0.3191737234592438,0.2560158967971802,0.18100816011428833,1.0,"[{'zh': '甜食', 'rcs': 0.2699501812458038, 'w': 0.31168526683650216}, {'zh': '甜点', 'rcs': 0.295339971780777, 'w': 0.30948804711554245}, {'zh': '糖果', 'rcs': 0.3163805603981018, 'w': 0.19781852135000336}]",[],0.5211743752216429,5,5,甜食,朋友,0.80062354,0.7356287,0.76812613,0.3620897,0.14932452,0.25570711,,,,,
sweet,taste,M-E+,,,0.025641029700636864,0.0,,0.3196825385093689,0.019779546186327934,6.0,0.0,,,,,,,0.5662364738066781,5,5,甜食,体验,0.80062354,0.77914596,0.78988475,0.3620897,0.16045326,0.26127148,,,,,
sweet,tea,M-E+,,,0.01282050833106041,0.0,,0.169734925031662,0.03085595741868019,3.0,0.0,,,,,,,1.2646088984735486,5,3,甜食,茶叶,0.80062354,0.8145599,0.8075917,0.3620897,0.08942578,0.22575773,,,,,
swing,jazz,M+E+,摇摆,爵士,0.0175438541918993,0.007670516613870859,,0.15924639999866486,0.0769582986831665,4.0,0.6059708595275879,0.3255805671215057,0.2111568748950958,0.2019902765750885,1.0,"[{'zh': '转弯', 'rcs': 0.2614188492298126, 'w': 0.5235030263109579}, {'zh': '摇', 'rcs': 0.3378275334835052, 'w': 0.2745066918235665}]",[],0.8782902694432002,5,4,转弯,爵士,0.5413396,0.71124583,0.6262927,0.026704676,0.9212167,0.4739607,,,,,
swing,auto,M+E-,转弯,汽车,0.0,0.04079243913292885,,0.036475926637649536,0.2366233617067337,0.0,3.1410179138183594,0.2614188492298126,0.4339776635169983,0.5235030055046082,1.0,"[{'zh': '摇', 'rcs': 0.3378275334835052, 'w': 0.2745066918235665}, {'zh': '摇摆', 'rcs': 0.3255805671215057, 'w': 0.2019902818654756}]",[],0.9619476680575243,5,4,转弯,汽车,0.5413396,0.7357835,0.63856155,0.026704676,0.04260072,0.0346527,,,,,
swing,road,M+E-,转弯,马路,0.0,0.009145660325884819,,0.03125584498047829,0.09672404080629349,0.0,0.7042158246040344,0.2614188492298126,0.4370431005954742,0.5235030055046082,0.3362998068332672,"[{'zh': '摇', 'rcs': 0.3378275334835052, 'w': 0.2745066918235665}, {'zh': '摇摆', 'rcs': 0.3255805671215057, 'w': 0.2019902818654756}]","[{'zh': '公路', 'rcs': 0.5163952112197876, 'w': 0.33629981505642487}, {'zh': '街', 'rcs': 0.4360826313495636, 'w': 0.1404367971893865}, {'zh': '路', 'rcs': 0.4177334010601043, 'w': 0.11385232717153469}, {'zh': '道路', 'rcs': 0.5197241902351379, 'w': 0.07311124552622907}]",0.9474432865890293,5,4,转弯,马路,0.5413396,0.80025244,0.67079604,0.026704676,0.26816672,0.1474357,,,,,
swing,bat,M-E+,,,0.035087719559669495,0.0,,0.1399262398481369,0.00943865068256855,8.0,0.0,,,,,,,1.068901663735992,5,3,转弯,蝙蝠,0.5413396,0.807446,0.6743928,0.026704676,0.38794613,0.2073254,,,,,
swing,rope,M-E+,,,0.03070175088942051,0.0,,0.16011834144592285,0.00616800133138895,7.0,0.0,,,,,,,0.6115291711174053,5,4,转弯,绳索,0.5413396,0.76354516,0.65244234,0.026704676,0.37081724,0.19876096,,,,,
swing,slide,M-E+,,,0.02631579339504242,0.0,,0.32118308544158936,0.037011660635471344,6.0,0.0,,,,,,,0.2112261199646898,5,5,转弯,滑梯,0.5413396,0.73754287,0.63944125,0.026704676,0.11800272,0.0723537,,,,,
swing,park,M-E+,,,0.021929822862148285,0.0,,0.23091383278369904,0.027969934046268463,5.0,0.0,,,,,,,0.7583422603808034,5,4,转弯,庭院,0.5413396,0.78119713,0.66126835,0.026704676,0.1420726,0.08438864,,,,,
swing,ball,M-E+,,,0.01315789669752121,0.0,,0.16375532746315002,0.016113542020320892,3.0,0.0,,,,,,,0.9953032553194925,5,4,转弯,球,0.5413396,0.7559591,0.64864933,0.026704676,0.19173166,0.109218165,,,,,
swing,child,M-E+,,,0.01315789669752121,0.0,,0.07914790511131287,0.004782341420650482,3.0,0.0,,,,,,,1.000394482658454,5,5,转弯,女儿,0.5413396,0.6764439,0.6088917,0.026704676,0.24452023,0.13561246,,,,,
swing,sex,M-E+,,,0.01315789669752121,0.0,,0.04671289399266243,0.0036187332589179277,3.0,0.0,,,,,,,1.422913279528635,5,3,转弯,性,0.5413396,0.72243667,0.63188815,0.026704676,0.29370517,0.16020492,,,,,
switch,light,M+E+,开关,电灯,0.14611871540546417,0.01951100304722786,,0.15474432706832886,0.12179547548294067,32.0,1.9901220798492432,0.3317148685455322,0.218872919678688,0.6166532635688782,0.32272952795028687,"[{'zh': '转换', 'rcs': 0.3224034905433655, 'w': 0.19782583341149027}, {'zh': '转移', 'rcs': 0.2481322288513183, 'w': 0.09754687964753536}, {'zh': '交换', 'rcs': 0.2526579201221466, 'w': 0.08797401518700525}]","[{'zh': '光亮', 'rcs': 0.3436053693294525, 'w': 0.32272952076039185}, {'zh': '光线', 'rcs': 0.4118394553661346, 'w': 0.1417129593790649}, {'zh': '点', 'rcs': 0.226642832159996, 'w': 0.12998594163398947}, {'zh': '窗户', 'rcs': 0.2362789809703827, 'w': 0.0828420574661619}]",1.0813021106738188,6,5,开关,电灯,0.6346009,0.7564144,0.69550765,0.10374456,0.788583,0.44616377,,,,,
switch,untie,M+E-,开关,打开,0.0,0.042319342494010925,,0.0458696149289608,0.27015578746795654,0.0,4.316572666168213,0.3317148685455322,0.3402752876281738,0.6166532635688782,1.0,"[{'zh': '转换', 'rcs': 0.3224034905433655, 'w': 0.19782583341149027}, {'zh': '转移', 'rcs': 0.2481322288513183, 'w': 0.09754687964753536}, {'zh': '交换', 'rcs': 0.2526579201221466, 'w': 0.08797401518700525}]",[],1.048090063679788,6,5,开关,打开,0.6346009,0.44019672,0.5373988,0.10374456,0.015188901,0.05946673,,,,,
switch,stick,M-E+,,,0.031963467597961426,0.0,,0.22379210591316223,0.01607116498053074,7.0,0.0,,,,,,,0.9599029922210526,6,5,开关,放置,0.6346009,0.69549215,0.6650465,0.10374456,0.023742562,0.06374356,,,,,
switch,whip,M-E+,,,0.031963467597961426,0.0,,0.198872908949852,0.024604465812444687,7.0,0.0,,,,,,,1.1983334091530777,6,4,开关,鞭子,0.6346009,0.75396246,0.6942817,0.10374456,0.12631781,0.11503118,,,,,
switch,beat,M-E+,,,0.01826484315097332,0.0,,0.11633692681789398,0.005971812177449465,4.0,0.0,,,,,,,1.2834627793116866,6,4,开关,赢,0.6346009,0.6047617,0.6196813,0.10374456,0.024253312,0.06399894,,,,,
switch,blade,M-E+,,,0.01826484315097332,0.0,,0.14013120532035828,0.011531416326761246,4.0,0.0,,,,,,,1.0281766639971153,6,5,开关,刀片,0.6346009,0.7575155,0.69605815,0.10374456,0.4374367,0.27059063,,,,,
sword,sharp,M+E+,刀,锋利,0.07058823108673096,0.011517907492816448,,0.18307380378246307,0.18426905572414398,12.0,1.1057190895080566,0.3880504071712494,0.3983169496059418,0.34649503231048584,0.6382308602333069,"[{'zh': '剑', 'rcs': 0.3996585011482239, 'w': 0.6535049775078716}]","[{'zh': '尖', 'rcs': 0.2377199679613113, 'w': 0.36176915618324945}]",1.002900296827398,5,5,剑,锋利,0.7492657,0.7699418,0.75960374,0.34472117,0.57118124,0.4579512,,,,,
sword,blood,M+E-,刀,血,0.0,0.01263263076543808,,0.030937617644667625,0.04876917600631714,0.0,1.2127325534820557,0.3880504071712494,0.4808254837989807,0.34649503231048584,0.5,"[{'zh': '剑', 'rcs': 0.3996585011482239, 'w': 0.6535049775078716}]","[{'zh': '血液', 'rcs': 0.3946893513202667, 'w': 0.5}]",1.0625869250977678,5,5,剑,血液,0.7492657,0.79897857,0.7741221,0.34472117,0.4128438,0.37878248,,,,,
sword,stone,M-E+,,,0.035294122993946075,0.0,,0.07191408425569534,0.009039660915732384,6.0,0.0,,,,,,,0.30837916038253765,5,5,剑,石子,0.7492657,0.7497603,0.74951303,0.34472117,0.3431988,0.34396,,,,,
tail,cat,M+E+,尾巴,猫,0.1666666716337204,0.03252032399177551,,0.2410212606191635,0.2050500065088272,27.0,4.0,0.4287750720977783,0.4880292117595672,0.5,1.0,"[{'zh': '燕尾服', 'rcs': 0.3041740655899048, 'w': 0.5}]",[],0.7407015626552228,4,3,尾巴,猫,0.72547716,0.82852244,0.77699983,0.52715623,0.70452857,0.6158424,,,,,
tail,animal,M+E+,尾巴,动物,0.09259259700775146,0.01919850893318653,,0.20290854573249817,0.13020260632038116,15.0,2.3614165782928467,0.4287750720977783,0.5035275816917419,0.5,0.5903541445732117,"[{'zh': '燕尾服', 'rcs': 0.3041740655899048, 'w': 0.5}]","[{'zh': '兽', 'rcs': 0.3038774132728576, 'w': 0.2910345454408785}, {'zh': '牲畜', 'rcs': 0.2842504382133484, 'w': 0.11861132141469986}]",1.081638287059384,4,6,尾巴,动物,0.72547716,0.84472525,0.7851012,0.52715623,0.6573555,0.59225583,,,,,
tail,monkey,M+E+,尾巴,猴子,0.024691352620720863,0.01282565202564001,,0.19546552002429962,0.0760381668806076,4.0,1.5775552988052368,0.4287750720977783,0.4993607997894287,0.5,0.3943888247013092,"[{'zh': '燕尾服', 'rcs': 0.3041740655899048, 'w': 0.5}]","[{'zh': '猴', 'rcs': 0.4219879508018493, 'w': 0.39438882057389607}, {'zh': '捣蛋鬼', 'rcs': 0.3786680400371551, 'w': 0.21122235885220783}]",0.9889951658874463,4,6,尾巴,猴子,0.72547716,0.803336,0.76440656,0.52715623,0.5658823,0.5465193,,,,,
tail,suit,M+E-,燕尾服,西装,0.0,0.01944444514811039,,0.041545528918504715,0.09835000336170197,0.0,2.3333334922790527,0.3041740655899048,0.255700945854187,0.5,0.3333333432674408,"[{'zh': '尾巴', 'rcs': 0.4287750720977783, 'w': 0.5}]","[{'zh': '西服', 'rcs': 0.2543237507343292, 'w': 0.3333333333333333}, {'zh': '套装', 'rcs': 0.3030464947223663, 'w': 0.3333333333333333}]",0.5700990745782508,4,4,尾巴,西装,0.72547716,0.7532095,0.7393433,0.52715623,0.11344075,0.3202985,,,,,
tail,piano,M+E-,燕尾服,钢琴,0.0,0.01666666753590107,,0.024409383535385132,0.17114999890327454,0.0,2.0,0.3041740655899048,0.5155628323554993,0.5,1.0,"[{'zh': '尾巴', 'rcs': 0.4287750720977783, 'w': 0.5}]",[],0.4888862495497066,4,5,尾巴,钢琴,0.72547716,0.81348705,0.76948214,0.52715623,0.52631056,0.5267334,,,,,
tail,butt,M-E+,,,0.030864205211400986,0.0,,0.1726149618625641,0.03779999911785126,5.0,0.0,,,,,,,0.3248459179816231,4,4,尾巴,屁股,0.72547716,0.7246236,0.7250504,0.52715623,0.17101058,0.34908342,,,,,
tail,wind,M-E+,,,0.024691352620720863,0.0,,0.05739570036530495,0.018564321100711823,4.0,0.0,,,,,,,1.0823334610813753,4,4,尾巴,风,0.72547716,0.80393255,0.7647048,0.52715623,0.18753655,0.3573464,,,,,
tail,plane,M-E+,,,0.018518518656492233,0.0,,0.06797611713409424,0.0115734301507473,3.0,0.0,,,,,,,0.8932152595943242,4,5,尾巴,滑翔,0.72547716,0.7042102,0.7148437,0.52715623,0.3956297,0.46139297,,,,,
tail,rear,M-E+,,,0.018518518656492233,0.0,,0.246727854013443,0.03765000030398369,3.0,0.0,,,,,,,1.3301180803342987,4,4,尾巴,臀部,0.72547716,0.54897034,0.6372237,0.52715623,0.27734083,0.40224853,,,,,
tale,novel,M+E+,故事,小说,0.01595745049417019,0.06109565868973732,,0.2019340842962265,0.25555339455604553,3.0,6.598331451416016,0.4606313109397888,0.521359920501709,0.6598331332206726,1.0,"[{'zh': '传说', 'rcs': 0.3948775827884674, 'w': 0.3401668929881548}]",[],1.0420898566113785,4,5,故事,小说,0.7100325,0.7521042,0.7310684,0.100036606,0.10797054,0.10400358,,,,,
tale,volume,M+E-,故事,书,0.0,0.011417628265917301,,0.012966590002179146,0.05097651481628418,0.0,1.23310387134552,0.4606313109397888,0.3105139434337616,0.6598331332206726,0.3737623393535614,"[{'zh': '传说', 'rcs': 0.3948775827884674, 'w': 0.3401668929881548}]","[{'zh': '卷', 'rcs': 0.2456445693969726, 'w': 0.4710926004976253}, {'zh': '体积', 'rcs': 0.2032073885202407, 'w': 0.15514505981621135}]",1.0253416071152068,4,6,故事,卷,0.7100325,0.5494763,0.6297544,0.100036606,0.056216206,0.07812641,,,,,
tale,lie,M-E+,,,0.02127658948302269,0.0,,0.22278562188148499,0.02831023931503296,4.0,0.0,,,,,,,1.3415951592592175,4,3,故事,躺下,0.7100325,0.34281954,0.526426,0.100036606,0.25746626,0.17875144,,,,,
tape,music,M+E+,磁带,音乐,0.013274334371089935,0.01265982910990715,,0.12677741050720215,0.03977465257048607,3.0,1.1647043228149414,0.4063368141651153,0.435087114572525,0.5,0.3882347643375397,"[{'zh': '胶带', 'rcs': 0.3491345047950744, 'w': 0.5}]","[{'zh': '乐谱', 'rcs': 0.2720466256141662, 'w': 0.38823476818978614}, {'zh': '乐曲', 'rcs': 0.3667509257793426, 'w': 0.2235304636204278}]",0.8501573917312495,4,5,胶带,音乐,0.7364611,0.8164149,0.776438,0.48672944,0.3563554,0.4215424,,,,,
tape,voice,M+E-,磁带,声音,0.0,0.016304347664117813,,0.05902344733476639,0.13019999861717224,0.0,1.5,0.4063368141651153,0.4346926212310791,0.5,1.0,"[{'zh': '胶带', 'rcs': 0.3491345047950744, 'w': 0.5}]",[],0.877267325030383,4,5,胶带,声音,0.7364611,0.7235539,0.7300075,0.48672944,0.20194404,0.34433675,,,,,
tape,black,M+E-,磁带,黑色,0.0,0.013586956076323986,,0.029451286420226097,0.01217500027269125,0.0,1.25,0.4063368141651153,0.3892330527305603,0.5,0.5,"[{'zh': '胶带', 'rcs': 0.3491345047950744, 'w': 0.5}]","[{'zh': '黑', 'rcs': 0.3356063067913055, 'w': 0.5}]",1.2675287173479342,4,5,胶带,黑色,0.7364611,0.8084788,0.77246994,0.48672944,0.51916206,0.5029458,,,,,
tape,worm,M-E+,,,0.05752212926745415,0.0,,0.12709398567676544,0.01408514752984047,13.0,0.0,,,,,,,1.036238674895775,4,4,胶带,蠕虫,0.7364611,0.8018154,0.7691382,0.48672944,0.150019,0.31837422,,,,,
tape,stick,M-E+,,,0.02654866874217987,0.0,,0.18641707301139832,0.010207787156105042,6.0,0.0,,,,,,,0.5951646442934618,4,5,胶带,放置,0.7364611,0.69549215,0.7159766,0.48672944,0.023742562,0.255236,,,,,
tape,player,M-E+,,,0.013274334371089935,0.0,,0.15835197269916534,0.0070500001311302185,3.0,0.0,,,,,,,1.2409039766341363,4,6,胶带,运动员,0.7364611,0.5917384,0.66409975,0.48672944,0.15761247,0.32217097,,,,,
tape,race,M-E+,,,0.013274334371089935,0.0,,0.03801087290048599,0.007461325265467167,3.0,0.0,,,,,,,1.2275572444781977,4,4,胶带,比赛,0.7364611,0.66972494,0.70309305,0.48672944,0.09689766,0.29181355,,,,,
tape,wrap,M-E+,,,0.013274334371089935,0.0,,0.25532102584838867,0.01947486214339733,3.0,0.0,,,,,,,1.0398172604409146,4,4,胶带,围巾,0.7364611,0.6864933,0.71147716,0.48672944,0.039155845,0.26294264,,,,,
teacher,school,M+E+,老师,学校,0.15584418177604675,0.015773890540003777,,0.3889283537864685,0.08268731087446213,36.0,1.9401886463165283,0.3468257486820221,0.5288212299346924,0.5139597058296204,0.34318017959594727,"[{'zh': '教师', 'rcs': 0.5814129710197449, 'w': 0.27992430342702346}, {'zh': '先生', 'rcs': 0.3092143535614013, 'w': 0.20611599535842348}]","[{'zh': '教育', 'rcs': 0.3190977871417999, 'w': 0.343180175728997}, {'zh': '学院', 'rcs': 0.4747812151908874, 'w': 0.1655284435590246}, {'zh': '训练', 'rcs': 0.2078115940093994, 'w': 0.07410601847553769}, {'zh': '大学', 'rcs': 0.438775360584259, 'w': 0.07400518650744377}]",1.1109637464981663,7,6,老师,学校,0.7545064,0.7743061,0.76440626,0.3640417,0.34387544,0.35395855,,,,,
teacher,student,M+E+,老师,学生,0.12121212482452393,0.03344394639134407,,0.39590737223625183,0.09059280157089233,28.0,4.113605499267578,0.3468257486820221,0.4556092619895935,0.5139597058296204,0.3638068437576294,"[{'zh': '教师', 'rcs': 0.5814129710197449, 'w': 0.27992430342702346}, {'zh': '先生', 'rcs': 0.3092143535614013, 'w': 0.20611599535842348}]","[{'zh': '研究生', 'rcs': 0.3890588283538818, 'w': 0.47172412791546453}, {'zh': '学者', 'rcs': 0.2961291670799255, 'w': 0.16446902740742028}]",0.3996158940790761,7,7,老师,研究生,0.7545064,0.7695449,0.76202565,0.3640417,0.5405445,0.4522931,,,,,
teacher,professor,M+E+,教师,教授,0.04329004883766174,0.00835706852376461,,0.5523785352706909,0.2151949405670166,10.0,1.0279194116592407,0.5814129710197449,0.5864444971084595,0.27992430329322815,1.0,"[{'zh': '老师', 'rcs': 0.3468257486820221, 'w': 0.513959701214553}, {'zh': '先生', 'rcs': 0.3092143535614013, 'w': 0.20611599535842348}]",[],1.0282436301530526,7,9,老师,教授,0.7545064,0.76801157,0.76125896,0.3640417,0.64951205,0.50677687,,,,,
teacher,candle,M+E-,老师,蜡烛,0.0,0.01253560185432434,,0.008692783303558826,0.0709778368473053,0.0,1.5418791770935059,0.3468257486820221,0.4977260828018188,0.5139597058296204,1.0,"[{'zh': '教师', 'rcs': 0.5814129710197449, 'w': 0.27992430342702346}, {'zh': '先生', 'rcs': 0.3092143535614013, 'w': 0.20611599535842348}]",[],1.1973501964370907,7,6,老师,蜡烛,0.7545064,0.8062621,0.78038424,0.3640417,0.083157845,0.22359976,,,,,
teacher,class,M-E+,,,0.05194805562496185,0.0,,0.25940513610839844,0.01729392074048519,12.0,0.0,,,,,,,1.2235575965978316,7,5,老师,类别,0.7545064,0.6517665,0.70313644,0.3640417,0.02465686,0.19434927,,,,,
teacher,apple,M-E+,,,0.030303023755550385,0.0,,0.030872676521539688,0.007092643994837999,7.0,0.0,,,,,,,1.1652353501201447,7,5,老师,苹果,0.7545064,0.8419381,0.79822224,0.3640417,0.2277003,0.295871,,,,,
tease,taunt,M+E+,取笑,嘲笑,0.04591836407780647,0.06906022876501083,,0.5641478300094604,0.2768270671367645,9.0,7.113203048706055,0.3810773193836212,0.4271045327186584,1.0,0.395177960395813,[],"[{'zh': '讽刺', 'rcs': 0.2779698073863983, 'w': 0.6048220406953758}]",1.2196148436811465,5,5,取笑,讽刺,0.70415825,0.6860012,0.6950797,0.24390477,0.08613555,0.16502017,,,,,
tease,mock,M+E+,取笑,嘲笑,0.025510195642709732,0.030816100537776947,,0.394387811422348,0.4283049702644348,5.0,3.174058198928833,0.3810773193836212,0.2883025705814361,1.0,0.17633657157421112,[],"[{'zh': '嘲弄', 'rcs': 0.2844370007514953, 'w': 0.8236634272245466}]",0.5086918927028203,5,4,取笑,嘲弄,0.70415825,0.7880755,0.7461169,0.24390477,0.20656775,0.22523627,,,,,
tease,sadness,M+E-,取笑,难过,0.0,0.01644899509847164,,0.03551316633820534,0.050996821373701096,0.0,1.694246530532837,0.3810773193836212,0.4383279085159302,1.0,0.3388493061065674,[],"[{'zh': '悲痛', 'rcs': 0.475740909576416, 'w': 0.4509323880879352}, {'zh': '悲伤', 'rcs': 0.5230190753936768, 'w': 0.21021831709043584}]",1.2123322646805925,5,7,取笑,悲痛,0.70415825,0.73681223,0.7204852,0.24390477,0.24264273,0.24327375,,,,,
tease,strip,M-E+,,,0.0714285597205162,0.0,,0.16185295581817627,0.021900000050663948,14.0,0.0,,,,,,,1.216095411929847,5,5,取笑,带,0.70415825,0.6847412,0.6944497,0.24390477,0.019019356,0.13146207,,,,,
tease,provoke,M-E+,,,0.02040816843509674,0.0,,0.4050776958465576,0.021914513781666756,4.0,0.0,,,,,,,1.0835010383161094,5,7,取笑,引起,0.70415825,0.5963196,0.65023893,0.24390477,0.11601026,0.17995751,,,,,
tent,camp,M+E+,帐篷,野营,0.0651162788271904,0.07500000298023224,,0.4122188687324524,0.2948499917984009,14.0,9.0,0.4726112186908722,0.2766191363334656,1.0,0.5,[],"[{'zh': '营地', 'rcs': 0.4515192210674286, 'w': 0.5}]",0.8143977190168684,4,4,帐篷,野营,0.76299316,0.7391484,0.75107074,0.4915423,0.612956,0.55224913,,,,,
tent,trip,M+E-,帐篷,旅行,0.0,0.01968558132648468,,0.04896455258131027,0.09945155680179596,0.0,2.362269639968872,0.4726112186908722,0.2982495725154876,1.0,0.590567409992218,[],"[{'zh': '旅程', 'rcs': 0.2326556891202926, 'w': 0.40943257469127614}]",1.4390584071123358,4,4,帐篷,旅行,0.76299316,0.7715139,0.7672535,0.4915423,0.12217965,0.30686098,,,,,
tent,canvas,M-E+,,,0.037209298461675644,0.0,,0.21811476349830627,0.03909999877214432,8.0,0.0,,,,,,,1.2471788875924785,4,6,帐篷,油画,0.76299316,0.6781513,0.72057223,0.4915423,0.13731396,0.31442815,,,,,
tent,rain,M-E+,,,0.01860465481877327,0.0,,0.06131476163864136,0.04020000249147415,4.0,0.0,,,,,,,0.5557926900478515,4,4,帐篷,下雨,0.76299316,0.7865754,0.77478427,0.4915423,0.34192422,0.41673326,,,,,
tent,army,M-E+,,,0.013953492045402527,0.0,,0.06653782725334167,0.017260201275348663,3.0,0.0,,,,,,,0.892788558477503,4,4,帐篷,陆军,0.76299316,0.76626945,0.7646313,0.4915423,0.6412235,0.5663829,,,,,
testify,proof,M+E+,证明,证据,0.0158730186522007,0.009369256906211376,,0.287656307220459,0.08037511259317398,3.0,1.1055724620819092,0.3472307026386261,0.3851889967918396,0.1333675980567932,0.2812047302722931,"[{'zh': '作证', 'rcs': 0.4384591281414032, 'w': 0.4368396729098938}, {'zh': '见证', 'rcs': 0.24738410115242, 'w': 0.42979273509221533}]","[{'zh': '验证', 'rcs': 0.3230485618114471, 'w': 0.5344426882409552}, {'zh': '检验', 'rcs': 0.2603164911270141, 'w': 0.18435257860092075}]",1.0817747097292563,7,5,作证,验证,0.71071255,0.74487996,0.72779626,0.33163676,0.075711,0.20367387,,,,,
testify,miracle,M+E-,见证,奇迹,0.0,0.05328008905053139,,0.041914813220500946,0.10388089716434479,0.0,6.446890830993652,0.24738410115242,0.3776270151138305,0.42979273200035095,1.0,"[{'zh': '作证', 'rcs': 0.4384591281414032, 'w': 0.4368396729098938}, {'zh': '证明', 'rcs': 0.3472307026386261, 'w': 0.13336759199789097}]",[],0.7466192098147036,7,7,作证,奇迹,0.71071255,0.7651194,0.737916,0.33163676,0.21486048,0.2732486,,,,,
testify,wonder,M+E-,见证,奇迹,0.0,0.025906195864081383,,0.020436368882656097,0.050509653985500336,0.0,3.1346497535705566,0.24738410115242,0.3907851278781891,0.42979273200035095,0.4862265884876251,"[{'zh': '作证', 'rcs': 0.4384591281414032, 'w': 0.4368396729098938}, {'zh': '证明', 'rcs': 0.3472307026386261, 'w': 0.13336759199789097}]","[{'zh': '惊奇', 'rcs': 0.3531507849693298, 'w': 0.5137734077526094}]",1.482659966747309,7,6,作证,惊奇,0.71071255,0.6508991,0.6808058,0.33163676,0.06447468,0.19805571,,,,,
testify,preach,M-E+,,,0.02645503170788288,0.0,,0.2442009001970291,0.038724325597286224,5.0,0.0,,,,,,,1.259100972906416,7,6,作证,布道,0.71071255,0.7129072,0.7118099,0.33163676,0.3274224,0.32952958,,,,,
thick,thin,M+E+,厚,薄,0.18965519964694977,0.13445378839969635,,0.18111154437065125,0.21764999628067017,33.0,16.0,0.4037962555885315,0.4066925942897796,1.0,0.5,[],"[{'zh': '细', 'rcs': 0.2999193370342254, 'w': 0.5}]",0.5477245229026652,5,4,厚,薄,0.65414226,0.75006765,0.7021049,0.7884531,0.49417633,0.64131474,,,,,
thick,warm,M+E-,厚,暖和,0.0,0.013688847422599792,,0.04742107912898064,0.18412822484970093,0.0,1.6289727687835693,0.4037962555885315,0.422766238451004,1.0,0.5429909229278564,[],"[{'zh': '温暖', 'rcs': 0.3686213195323944, 'w': 0.45700908514453725}]",0.9544822341341095,5,4,厚,暖和,0.65414226,0.7935588,0.7238505,0.7884531,0.26628718,0.52737015,,,,,
thick,attire,M+E-,厚,衣服,0.0,0.012070083059370518,,0.015270939096808434,0.11964711546897888,0.0,1.4363398551940918,0.4037962555885315,0.4196466505527496,1.0,0.47877997159957886,[],"[{'zh': '服装', 'rcs': 0.483843058347702, 'w': 0.5212200249628415}]",1.3710851431513924,5,6,厚,服装,0.65414226,0.76984525,0.71199375,0.7884531,0.16428323,0.47636816,,,,,
thick,warmth,M+E-,厚,暖和,0.0,0.009073532186448574,,0.04289820417761803,0.1220477819442749,0.0,1.0797502994537354,0.4037962555885315,0.3192578554153442,1.0,0.3599167764186859,[],"[{'zh': '温暖', 'rcs': 0.4195122420787811, 'w': 0.4565173298059413}, {'zh': '热情', 'rcs': 0.3916732370853424, 'w': 0.1835658837117745}]",0.9708895421796855,5,6,厚,温暖,0.65414226,0.7853689,0.7197556,0.7884531,0.3819236,0.5851883,,,,,
thick,broad,M-E+,,,0.028735630214214325,0.0,,0.16388459503650665,0.03709999844431877,5.0,0.0,,,,,,,1.451131937952445,5,5,厚,宽广,0.65414226,0.72209525,0.68811876,0.7884531,0.07773387,0.4330935,,,,,
thick,skin,M-E+,,,0.028735630214214325,0.0,,0.14037787914276123,0.03534476459026337,5.0,0.0,,,,,,,1.0801488863239,5,4,厚,皮肤,0.65414226,0.7957984,0.72497034,0.7884531,0.27219588,0.53032446,,,,,
thick,brick,M-E+,,,0.02298850752413273,0.0,,0.15688270330429077,0.023366667330265045,4.0,0.0,,,,,,,0.7956127145006436,5,5,厚,积木,0.65414226,0.741537,0.6978396,0.7884531,0.22103651,0.5047448,,,,,
thick,slow,M-E+,,,0.017241384834051132,0.0,,0.07730651646852493,0.016300000250339508,3.0,0.0,,,,,,,1.235831798786472,5,4,厚,慢,0.65414226,0.7629393,0.7085408,0.7884531,0.34552816,0.5669906,,,,,
thick,strong,M-E+,,,0.017241384834051132,0.0,,0.1596525013446808,0.030303718522191048,3.0,0.0,,,,,,,1.3631822637378563,5,6,厚,坚强,0.65414226,0.6850924,0.6696173,0.7884531,0.22031865,0.5043859,,,,,
thin,thick,M+E+,薄,厚,0.0703517496585846,0.1111111119389534,,0.18111154437065125,0.21764999628067017,14.0,11.0,0.4066925942897796,0.4037962555885315,0.5,1.0,"[{'zh': '细', 'rcs': 0.2999193370342254, 'w': 0.5}]",[],0.5477245229026652,4,5,薄,厚,0.75006765,0.65414226,0.7021049,0.49417633,0.7884531,0.64131474,,,,,
thin,paper,M+E+,薄,纸,0.030150746926665306,0.021900007501244545,,0.07539141923189163,0.02524482272565365,6.0,2.1681008338928223,0.4066925942897796,0.327637255191803,0.5,0.2710126042366028,"[{'zh': '细', 'rcs': 0.2999193370342254, 'w': 0.5}]","[{'zh': '文件', 'rcs': 0.2631358802318573, 'w': 0.2710125906312715}, {'zh': '试卷', 'rcs': 0.2282652109861374, 'w': 0.2710125906312715}, {'zh': '纸张', 'rcs': 0.4235454499721527, 'w': 0.1323204461818563}, {'zh': '报纸', 'rcs': 0.2869635820388794, 'w': 0.05464178192432924}]",1.440666213296045,4,5,薄,文件,0.75006765,0.71140915,0.7307384,0.49417633,0.3958666,0.44502145,,,,,
thin,tiny,M+E+,细,小,0.01507538091391325,0.017391303554177284,,0.11165136843919754,0.17139999568462372,3.0,2.0,0.2999193370342254,0.2397595345973968,0.5,1.0,"[{'zh': '薄', 'rcs': 0.4066925942897796, 'w': 0.5}]",[],0.7198342194519687,4,4,薄,小,0.75006765,0.7488599,0.7494638,0.49417633,0.03771031,0.26594332,,,,,
thin,rough,M+E-,细,粗,0.0,0.03021334670484066,,0.027040671557188034,0.08912181854248047,0.0,3.474534749984741,0.2999193370342254,0.2246107459068298,0.5,0.3474534749984741,"[{'zh': '薄', 'rcs': 0.4066925942897796, 'w': 0.5}]","[{'zh': '粗糙', 'rcs': 0.2128840833902359, 'w': 0.6525465358805811}]",0.5887142168030832,4,5,薄,粗糙,0.75006765,0.7057622,0.7279149,0.49417633,0.39005485,0.4421156,,,,,
thin,model,M-E+,,,0.055276382714509964,0.0,,0.21055111289024353,0.013978725299239159,11.0,0.0,,,,,,,0.852849657735694,4,5,薄,模型,0.75006765,0.7239861,0.7370269,0.49417633,0.10777142,0.30097386,,,,,
thin,stick,M-E+,,,0.025125620886683464,0.0,,0.14562422037124634,0.024337222799658775,5.0,0.0,,,,,,,1.2095977602492167,4,5,薄,放置,0.75006765,0.69549215,0.72277987,0.49417633,0.023742562,0.25895944,,,,,
thin,rail,M-E+,,,0.01507538091391325,0.0,,0.13670724630355835,0.013262906111776829,3.0,0.0,,,,,,,1.2828162603430147,4,4,薄,铁轨,0.75006765,0.72776926,0.7389184,0.49417633,0.62283194,0.5585041,,,,,
three,number,M+E+,三,数字,0.08695651590824127,0.019338000565767288,,0.388800710439682,0.1111089214682579,14.0,1.9531381130218506,0.3360333144664764,0.293184220790863,1.0,0.16276150941848755,[],"[{'zh': '数', 'rcs': 0.3400145769119262, 'w': 0.6875552789813362}, {'zh': '数量', 'rcs': 0.4018048644065857, 'w': 0.14968321725141887}]",0.7194269662673656,5,6,三,数,0.78194034,0.7547286,0.7683345,0.482128,0.13470459,0.3084163,,,,,
three,two,M+E+,三,二,0.06211179494857788,0.19801980257034302,,0.4585208296775818,0.5584999918937683,10.0,20.0,0.3360333144664764,0.292733371257782,1.0,1.0,[],[],1.1619666732291605,5,3,三,二,0.78194034,0.71155816,0.7467493,0.482128,0.62865716,0.55539256,,,,,
three,person,M+E-,三,人,0.0,0.029702970758080482,,0.06059449166059494,0.07400000095367432,0.0,3.0,0.3360333144664764,0.2342890352010727,1.0,1.0,[],[],1.2454936461968482,5,6,三,人,0.78194034,0.69399196,0.7379662,0.482128,0.08301145,0.2825697,,,,,
three,magic,M-E+,,,0.018633542582392693,0.0,,0.05795257166028023,0.01424237247556448,3.0,0.0,,,,,,,1.429585380156221,5,5,三,魔术,0.78194034,0.7596526,0.7707965,0.482128,0.20669322,0.3444106,,,,,
throw,ball,M+E+,扔,球,0.1548672914505005,0.013231459073722363,,0.2715277671813965,0.06430435925722122,35.0,1.256988525390625,0.2843824326992035,0.3773891627788543,0.15712356567382812,1.0,"[{'zh': '摔', 'rcs': 0.2847581803798675, 'w': 0.5611200229583927}, {'zh': '丢', 'rcs': 0.2708330750465393, 'w': 0.28175640412969705}]",[],1.0272059985452353,5,4,摔,球,0.64581907,0.7559591,0.7008891,0.26139855,0.19173166,0.22656511,,,,,
throw,person,M+E-,丢,人,0.0,0.010435421951115131,,0.011744999326765537,0.01099795289337635,0.0,1.1270256042480469,0.2708330750465393,0.2342890352010727,0.2817564010620117,1.0,"[{'zh': '摔', 'rcs': 0.2847581803798675, 'w': 0.5611200229583927}, {'zh': '扔', 'rcs': 0.2843824326992035, 'w': 0.15712357291191026}]",[],0.8451813848606343,5,6,摔,人,0.64581907,0.69399196,0.66990554,0.26139855,0.08301145,0.172205,,,,,
throw,pain,M+E-,摔,疼,0.0,0.010356568731367588,,0.02564224787056446,0.052741169929504395,0.0,1.0770831108093262,0.2847581803798675,0.2633577287197113,0.5611200332641602,0.3199205994606018,"[{'zh': '丢', 'rcs': 0.2708330750465393, 'w': 0.28175640412969705}, {'zh': '扔', 'rcs': 0.2843824326992035, 'w': 0.15712357291191026}]","[{'zh': '伤痛', 'rcs': 0.393880695104599, 'w': 0.31992059668352346}, {'zh': '痛', 'rcs': 0.4359823763370514, 'w': 0.31992059668352346}, {'zh': '烦恼', 'rcs': 0.3541943728923797, 'w': 0.04023820994942954}]",0.7161422632036544,5,4,摔,伤痛,0.64581907,0.7658408,0.70583,0.26139855,0.30135605,0.28137732,,,,,
throw,wallet,M+E-,丢,钱包,0.0,0.007826566696166992,,0.025962764397263527,0.10827898234128952,0.0,0.8452692031860352,0.2708330750465393,0.4710251688957214,0.2817564010620117,1.0,"[{'zh': '摔', 'rcs': 0.2847581803798675, 'w': 0.5611200229583927}, {'zh': '扔', 'rcs': 0.2843824326992035, 'w': 0.15712357291191026}]",[],1.2771915957373479,5,6,摔,钱包,0.64581907,0.7847791,0.71529907,0.26139855,0.5147597,0.38807914,,,,,
throw,catch,M-E+,,,0.08849555999040604,0.0,,0.3156777322292328,0.007378848269581795,20.0,0.0,,,,,,,0.07100713593827145,5,5,摔,捕捉,0.64581907,0.5910903,0.6184547,0.26139855,0.0177753,0.13958693,,,,,
throw,arm,M-E+,,,0.02212388813495636,0.0,,0.09369117766618729,0.023197192698717117,5.0,0.0,,,,,,,1.3481503272929936,5,3,摔,装备,0.64581907,0.75371355,0.6997663,0.26139855,0.37009487,0.31574672,,,,,
thumb,nail,M+E+,大拇指,指甲,0.2222222536802292,0.019828813150525093,,0.35461515188217163,0.08002661168575287,28.0,1.6457915306091309,0.4603366553783417,0.4805534183979034,0.5,0.4114478826522827,"[{'zh': '拇指', 'rcs': 0.4884990155696869, 'w': 0.5}]","[{'zh': '钉', 'rcs': 0.494232714176178, 'w': 0.41144787488859724}, {'zh': '钉子', 'rcs': 0.4445976316928863, 'w': 0.17710425022280543}]",0.5447473586385163,5,4,大拇指,钉,0.7341771,0.7656059,0.7498915,0.3675213,0.11914565,0.24333346,,,,,
thumb,print,M+E+,拇指,指纹,0.031746022403240204,0.0085681714117527,,0.16086603701114655,0.07763298600912094,4.0,0.8139762878417969,0.4884990155696869,0.2423380315303802,0.5,0.40698814392089844,"[{'zh': '大拇指', 'rcs': 0.4603366553783417, 'w': 0.5}]","[{'zh': '打印', 'rcs': 0.3888677954673767, 'w': 0.40698813158278163}, {'zh': '印刷', 'rcs': 0.4753153622150421, 'w': 0.11607403962695022}, {'zh': '相片', 'rcs': 0.3974620401859283, 'w': 0.06994969720748648}]",0.791728823332919,5,5,大拇指,指纹,0.7341771,0.671839,0.70300806,0.3675213,0.22712955,0.29732543,,,,,
thumb,ring,M+E+,拇指,戒指,0.023809531703591347,0.022943906486034393,,0.08748479187488556,0.05863315239548683,3.0,2.179671049118042,0.4884990155696869,0.2967062592506408,0.5,0.5449177622795105,"[{'zh': '大拇指', 'rcs': 0.4603366553783417, 'w': 0.5}]","[{'zh': '圆形', 'rcs': 0.3165064752101898, 'w': 0.29268391964404383}, {'zh': '环绕', 'rcs': 0.218406394124031, 'w': 0.16239830746487344}]",1.2224900037707263,5,4,大拇指,戒指,0.7341771,0.6995728,0.71687496,0.3675213,0.0843003,0.2259108,,,,,
thumb,bingo,M+E-,大拇指,好,0.0,0.0301204826682806,,0.019216330721974373,0.15459999442100525,0.0,2.5,0.4603366553783417,0.2145953923463821,0.5,1.0,"[{'zh': '拇指', 'rcs': 0.4884990155696869, 'w': 0.5}]",[],0.8991729207542555,5,5,大拇指,好,0.7341771,0.5805541,0.6573656,0.3675213,0.0044899364,0.1860056,,,,,
thumb,rod,M+E-,大拇指,棒,0.0,0.015836266800761223,,0.05361466482281685,0.07347553223371506,0.0,1.3144102096557617,0.4603366553783417,0.2373691350221634,0.5,0.4381367564201355,"[{'zh': '拇指', 'rcs': 0.4884990155696869, 'w': 0.5}]","[{'zh': '杆', 'rcs': 0.3202460408210754, 'w': 0.3165904308433663}, {'zh': '手枪', 'rcs': 0.2123578041791916, 'w': 0.24527280473730717}]",1.091097250238759,5,3,大拇指,棒,0.7341771,0.6464872,0.6903322,0.3675213,0.01063307,0.18907718,,,,,
thumb,wand,M+E-,大拇指,棒,0.0,0.009086948819458485,,0.030314959585666656,0.04216071590781212,0.0,0.7542167901992798,0.4603366553783417,0.2822263240814209,0.5,0.25140559673309326,"[{'zh': '拇指', 'rcs': 0.4884990155696869, 'w': 0.5}]","[{'zh': '魔杖', 'rcs': 0.439131885766983, 'w': 0.636914215225826}, {'zh': '杆', 'rcs': 0.2340831458568573, 'w': 0.11168018737877078}]",0.8987721652369123,5,4,大拇指,魔杖,0.7341771,0.7877739,0.7609755,0.3675213,0.39985868,0.38369,,,,,
thumb,nose,M-E+,,,0.023809531703591347,0.0,,0.08847080171108246,0.021657347679138184,3.0,0.0,,,,,,,1.076882008664919,5,4,大拇指,鼻,0.7341771,0.79401773,0.76409745,0.3675213,0.15315132,0.2603363,,,,,
thumb,screw,M-E+,,,0.023809531703591347,0.0,,0.20693954825401306,0.022342631593346596,3.0,0.0,,,,,,,0.6391487415921797,5,5,大拇指,螺丝,0.7341771,0.7446698,0.73942345,0.3675213,0.43415058,0.40083593,,,,,
ticket,train,M+E+,车票,火车,0.07109005004167557,0.018978623673319817,,0.1737700253725052,0.08615820854902267,15.0,1.7080761194229126,0.4166374206542969,0.4068214297294616,0.2846793532371521,0.5,"[{'zh': '门票', 'rcs': 0.3813907504081726, 'w': 0.28467935418816703}, {'zh': '彩票', 'rcs': 0.3290631771087646, 'w': 0.28467935418816703}, {'zh': '票', 'rcs': 0.3064610660076141, 'w': 0.14596193743549893}]","[{'zh': '列车', 'rcs': 0.3996173441410064, 'w': 0.5}]",0.6328942114852755,6,5,门票,火车,0.7358287,0.78923094,0.76252985,0.33745766,0.15093203,0.24419484,,,,,
ticket,airplane,M+E+,票,飞机,0.018957341089844704,0.008340681903064251,,0.13216647505760193,0.07834376394748688,4.0,0.8757716417312622,0.3064610660076141,0.4810656905174255,0.1459619402885437,1.0,"[{'zh': '门票', 'rcs': 0.3813907504081726, 'w': 0.28467935418816703}, {'zh': '车票', 'rcs': 0.4166374206542969, 'w': 0.28467935418816703}, {'zh': '彩票', 'rcs': 0.3290631771087646, 'w': 0.28467935418816703}]",[],1.2635771793392074,6,8,门票,飞机,0.7358287,0.8041768,0.7700027,0.33745766,0.548523,0.44299033,,,,,
ticket,aircraft,M+E-,票,飞机,0.0,0.008340681903064251,,0.07496078312397003,0.07834376394748688,0.0,0.8757716417312622,0.3064610660076141,0.5241279602050781,0.1459619402885437,1.0,"[{'zh': '门票', 'rcs': 0.3813907504081726, 'w': 0.28467935418816703}, {'zh': '车票', 'rcs': 0.4166374206542969, 'w': 0.28467935418816703}, {'zh': '彩票', 'rcs': 0.3290631771087646, 'w': 0.28467935418816703}]",[],1.3201772458111334,6,8,门票,飞机,0.7358287,0.7968302,0.7663294,0.33745766,0.10313904,0.22029835,,,,,
ticket,machine,M-E+,,,0.023696687072515488,0.0,,0.058921340852975845,0.013027097098529339,5.0,0.0,,,,,,,0.6838216587220112,6,7,门票,机器,0.7358287,0.76626587,0.75104725,0.33745766,0.51058114,0.4240194,,,,,
ticket,police,M-E+,,,0.023696687072515488,0.0,,0.10238511115312576,0.00540353124961257,5.0,0.0,,,,,,,0.8936613961350671,6,6,门票,警方,0.7358287,0.72112674,0.7284777,0.33745766,0.041123297,0.18929048,,,,,
ticket,bill,M-E+,,,0.018957341089844704,0.0,,0.18472343683242798,0.012319187633693218,4.0,0.0,,,,,,,1.0994380322977717,6,4,门票,法案,0.7358287,0.4814954,0.60866207,0.33745766,0.0118743405,0.174666,,,,,
tobacco,smoking,M+E+,烟草,抽烟,0.03305784612894058,0.019730687141418457,,0.52329421043396,0.1314675360918045,8.0,2.269029140472412,0.6159923076629639,0.3649798035621643,0.4538058042526245,0.5,"[{'zh': '香烟', 'rcs': 0.4194945394992828, 'w': 0.289355620817926}, {'zh': '烟', 'rcs': 0.3198984265327453, 'w': 0.2568385701198542}]","[{'zh': '吸烟', 'rcs': 0.4172802269458771, 'w': 0.5}]",0.8852492374226748,7,7,烟草,吸烟,0.7778267,0.79676676,0.7872968,0.24183865,0.09143356,0.16663611,,,,,
tobacco,liquor,M+E-,烟,酒,0.0,0.020638812333345413,,0.05931616947054863,0.1018340215086937,0.0,2.311547040939331,0.3198984265327453,0.4539623856544494,0.2568385601043701,1.0,"[{'zh': '烟草', 'rcs': 0.6159923076629639, 'w': 0.4538058090622198}, {'zh': '香烟', 'rcs': 0.4194945394992828, 'w': 0.289355620817926}]",[],0.7035763932626327,7,6,烟草,酒,0.7778267,0.80507517,0.791451,0.24183865,0.6628885,0.45236358,,,,,
tobacco,leaf,M-E+,,,0.03305784612894058,0.0,,0.09463880211114883,0.013682245276868343,8.0,0.0,,,,,,,1.4685233624043577,7,4,烟草,叶子,0.7778267,0.8073514,0.79258907,0.24183865,0.37936217,0.3106004,,,,,
tolerate,patience,M+E+,容忍,耐心,0.0363636314868927,0.011706514284014702,,0.21182577311992645,0.08245305716991425,6.0,1.2877166271209717,0.3247450888156891,0.4991146028041839,0.3026936650276184,0.6077415347099304,"[{'zh': '忍受', 'rcs': 0.3153786659240722, 'w': 0.6021804968229222}, {'zh': '允许', 'rcs': 0.2458581179380417, 'w': 0.09512584738424183}]","[{'zh': '耐性', 'rcs': 0.3636803925037384, 'w': 0.21157125001121746}, {'zh': '毅力', 'rcs': 0.4477279484272003, 'w': 0.18068721772956686}]",0.4436649123492073,8,8,忍受,耐心,0.67513406,0.72759354,0.7013638,0.11102045,0.0994848,0.10525262,,,,,
tolerate,lonely,M+E-,忍受,孤独,0.0,0.019906792789697647,,0.029692433774471283,0.09893824905157089,0.0,2.408721923828125,0.3153786659240722,0.3876093327999115,0.6021804809570312,1.0,"[{'zh': '容忍', 'rcs': 0.3247450888156891, 'w': 0.302693655792836}, {'zh': '允许', 'rcs': 0.2458581179380417, 'w': 0.09512584738424183}]",[],1.4234011259878006,8,6,忍受,孤独,0.67513406,0.7309238,0.7030289,0.11102045,0.55498564,0.33300304,,,,,
tolerate,torment,M+E-,忍受,痛苦,0.0,0.011592486873269081,,0.07191510498523712,0.05370718613266945,0.0,1.4026908874511719,0.3153786659240722,0.4973108768463135,0.6021804809570312,0.19411274790763855,"[{'zh': '容忍', 'rcs': 0.3247450888156891, 'w': 0.302693655792836}, {'zh': '允许', 'rcs': 0.2458581179380417, 'w': 0.09512584738424183}]","[{'zh': '纠缠', 'rcs': 0.415147989988327, 'w': 0.5427962382861438}, {'zh': '折磨', 'rcs': 0.4888271689414978, 'w': 0.2630910172480917}]",1.0520920299564283,8,7,忍受,纠缠,0.67513406,0.67274755,0.6739408,0.11102045,0.15161599,0.13131823,,,,,
tolerate,suffering,M+E-,忍受,痛苦,0.0,0.010240845382213593,,0.06037169322371483,0.09374113380908966,0.0,1.2391422986984253,0.3153786659240722,0.4554645121097564,0.6021804809570312,0.17147991061210632,"[{'zh': '容忍', 'rcs': 0.3247450888156891, 'w': 0.302693655792836}, {'zh': '允许', 'rcs': 0.2458581179380417, 'w': 0.09512584738424183}]","[{'zh': '苦难', 'rcs': 0.3422125875949859, 'w': 0.4491330197090514}, {'zh': '折磨', 'rcs': 0.4175978600978851, 'w': 0.2167911638066312}, {'zh': '苦恼', 'rcs': 0.326308012008667, 'w': 0.16259589963878443}]",0.9329155550428258,8,9,忍受,苦难,0.67513406,0.6744067,0.67477036,0.11102045,0.038562503,0.074791476,,,,,
tolerate,racism,M-E+,,,0.01818181574344635,0.0,,0.10246045887470245,0.021196752786636353,3.0,0.0,,,,,,,1.3402482413403678,8,6,忍受,种族歧视,0.67513406,0.6646344,0.6698842,0.11102045,0.076254405,0.09363743,,,,,
tolerate,religion,M-E+,,,0.01818181574344635,0.0,,0.06399782747030258,0.01968766190111637,3.0,0.0,,,,,,,0.37907773170592035,8,8,忍受,宗教,0.67513406,0.79386705,0.7345005,0.11102045,0.22887622,0.16994834,,,,,
tone,voice,M+E+,音调,声音,0.13122166693210602,0.010376742109656334,,0.40018486976623535,0.061956796795129776,29.0,1.0376741886138916,0.4686995148658752,0.4346926212310791,0.1321040391921997,1.0,"[{'zh': '情调', 'rcs': 0.3192240595817566, 'w': 0.3712793811483712}, {'zh': '语调', 'rcs': 0.4556959867477417, 'w': 0.2075348293291818}, {'zh': '语气', 'rcs': 0.3601073622703552, 'w': 0.16086655972814912}, {'zh': '风格', 'rcs': 0.357690155506134, 'w': 0.12821519565551412}]",[],1.4132300602317251,4,5,情调,声音,0.63336575,0.7235539,0.6784598,0.24305457,0.20194404,0.22249931,,,,,
tone,unique,M+E-,风格,独特,0.0,0.008741945028305054,,0.03551367297768593,0.04336237907409668,0.0,0.7692911624908447,0.357690155506134,0.4205844700336456,0.12821519374847412,1.0,"[{'zh': '情调', 'rcs': 0.3192240595817566, 'w': 0.3712793811483712}, {'zh': '语调', 'rcs': 0.4556959867477417, 'w': 0.2075348293291818}, {'zh': '语气', 'rcs': 0.3601073622703552, 'w': 0.16086655972814912}, {'zh': '音调', 'rcs': 0.4686995148658752, 'w': 0.1321040341387838}]",[],1.474668870706974,4,6,情调,独特,0.63336575,0.7249782,0.679172,0.24305457,0.06345785,0.15325621,,,,,
tone,scale,M-E+,,,0.013574665412306786,0.0,,0.09592744708061218,0.006704872008413076,3.0,0.0,,,,,,,1.3629797053673056,4,5,情调,刻度,0.63336575,0.7042795,0.66882265,0.24305457,0.060803406,0.15192899,,,,,
topic,theme,M+E+,话题,主题,0.05050504952669144,0.023182107135653496,,0.3911588490009308,0.149851456284523,10.0,2.016843318939209,0.2514885365962982,0.3870526254177093,0.5042108297348022,1.0,"[{'zh': '题目', 'rcs': 0.3618258535861969, 'w': 0.49578915741335067}]",[],0.5337552850898112,5,5,话题,主题,0.7126886,0.69628465,0.7044866,0.12563972,0.24069802,0.18316887,,,,,
topic,issue,M+E+,题目,问题,0.020202016457915306,0.007663152180612087,,0.29154717922210693,0.08277736604213715,4.0,0.766315221786499,0.3618258535861969,0.2664293348789215,0.49578917026519775,0.3091294765472412,"[{'zh': '话题', 'rcs': 0.2514885365962982, 'w': 0.5042108425866494}]","[{'zh': '出版', 'rcs': 0.2001121789216995, 'w': 0.3720432963388165}, {'zh': '发表', 'rcs': 0.2235456556081771, 'w': 0.31882723547447483}]",1.025269495279509,5,5,话题,出版,0.7126886,0.74262786,0.7276583,0.12563972,0.17039411,0.14801691,,,,,
topic,peep,M+E-,话题,说话,0.0,0.014105502516031265,,0.012907082214951515,0.10553737729787827,0.0,1.227178692817688,0.2514885365962982,0.2173470556735992,0.5042108297348022,0.6084650754928589,"[{'zh': '题目', 'rcs': 0.3618258535861969, 'w': 0.49578915741335067}]","[{'zh': '朋友', 'rcs': 0.2252739816904068, 'w': 0.39153492361264136}]",0.8820609408650283,5,4,话题,说话,0.7126886,0.5270037,0.61984617,0.12563972,0.019768681,0.0727042,,,,,
topic,title,M-E+,,,0.025252532213926315,0.0,,0.23300930857658386,0.02900366671383381,5.0,0.0,,,,,,,0.9606952950086622,5,5,话题,冠军,0.7126886,0.3663952,0.5395419,0.12563972,0.0030042636,0.064321995,,,,,
topic,science,M-E+,,,0.01515151560306549,0.0,,0.126240536570549,0.033540137112140656,3.0,0.0,,,,,,,1.4431061716324753,5,7,话题,科学,0.7126886,0.773183,0.7429358,0.12563972,0.48105952,0.3033496,,,,,
touch,skin,M+E+,触摸,皮肤,0.03947369009256363,0.027368368580937386,,0.1392485499382019,0.11339322477579117,6.0,2.6820998191833496,0.3498248159885406,0.5646045207977295,0.6222482919692993,0.4789263606071472,"[{'zh': '吃', 'rcs': 0.2017240822315216, 'w': 0.30597595114223464}, {'zh': '打', 'rcs': 0.2069639414548874, 'w': 0.07177576707765093}]","[{'zh': '壳', 'rcs': 0.3820466101169586, 'w': 0.1817293657600022}, {'zh': '剥皮', 'rcs': 0.3006784617900848, 'w': 0.17885542186769768}, {'zh': '毛皮', 'rcs': 0.363589197397232, 'w': 0.16048884487323642}]",1.192255076168105,5,4,触摸,皮肤,0.5634652,0.7957984,0.6796318,0.24174066,0.27219588,0.25696826,,,,,
touch,taste,M+E+,吃,喝,0.02631579339504242,0.0075861806981265545,,0.17853310704231262,0.02121637389063835,4.0,0.9179278612136841,0.2017240822315216,0.2047520577907562,0.30597594380378723,0.20000000298023224,"[{'zh': '触摸', 'rcs': 0.3498248159885406, 'w': 0.6222482817801144}, {'zh': '打', 'rcs': 0.2069639414548874, 'w': 0.07177576707765093}]","[{'zh': '体验', 'rcs': 0.2291547805070877, 'w': 0.2}, {'zh': '味觉', 'rcs': 0.3725475966930389, 'w': 0.2}, {'zh': '品味', 'rcs': 0.410002589225769, 'w': 0.2}, {'zh': '味', 'rcs': 0.3168123960494995, 'w': 0.2}]",0.6046179421208151,5,5,触摸,体验,0.5634652,0.77914596,0.67130554,0.24174066,0.16045326,0.20109695,,,,,
touch,person,M+E-,打,人,0.0,0.008971970528364182,,0.05479110777378082,0.01723627746105194,0.0,1.0766364336013794,0.2069639414548874,0.2342890352010727,0.07177576422691345,1.0,"[{'zh': '触摸', 'rcs': 0.3498248159885406, 'w': 0.6222482817801144}, {'zh': '吃', 'rcs': 0.2017240822315216, 'w': 0.30597595114223464}]",[],0.9604493669802915,5,6,触摸,人,0.5634652,0.69399196,0.62872857,0.24174066,0.08301145,0.16237605,,,,,
touch,meat,M+E-,吃,肉,0.0,0.007586180232465267,,0.017573438584804535,0.14212583005428314,0.0,0.9179278612136841,0.2017240822315216,0.5685207843780518,0.30597594380378723,1.0,"[{'zh': '触摸', 'rcs': 0.3498248159885406, 'w': 0.6222482817801144}, {'zh': '打', 'rcs': 0.2069639414548874, 'w': 0.07177576707765093}]",[],1.271884671501197,5,4,触摸,肉,0.5634652,0.8459676,0.7047164,0.24174066,0.49032253,0.3660316,,,,,
touch,sense,M-E+,,,0.10526315122842789,0.0,,0.25209859013557434,0.008487412706017494,16.0,0.0,,,,,,,1.1716732933770242,5,5,触摸,意识,0.5634652,0.6707453,0.61710525,0.24174066,0.0694525,0.15559658,,,,,
touch,light,M-E+,,,0.032894741743803024,0.0,,0.033980533480644226,0.010442530736327171,5.0,0.0,,,,,,,0.3331438300171791,5,5,触摸,电灯,0.5634652,0.7564144,0.65993977,0.24174066,0.788583,0.5151618,,,,,
touch,tone,M-E+,,,0.019736845046281815,0.0,,0.10287559032440186,0.012475510127842426,3.0,0.0,,,,,,,1.4692641546119911,5,4,触摸,情调,0.5634652,0.63336575,0.5984155,0.24174066,0.24305457,0.2423976,,,,,
tribe,clan,M+E+,族,家族,0.056179776787757874,0.016304347664117813,,0.3911159932613373,0.08108333498239517,10.0,1.5,0.3651827275753021,0.3892642855644226,0.5,0.3333333432674408,"[{'zh': '部落', 'rcs': 0.4054463803768158, 'w': 0.5}]","[{'zh': '帮派', 'rcs': 0.2109794467687606, 'w': 0.3333333333333333}, {'zh': '氏族', 'rcs': 0.430666834115982, 'w': 0.3333333333333333}]",0.8349389387825563,5,4,族,帮派,0.74247134,0.7459474,0.7442094,0.24318637,0.19057105,0.21687871,,,,,
tribe,warfare,M+E-,部落,战争,0.0,0.011809935793280602,,0.03411553055047989,0.04741020128130913,0.0,0.9802247285842896,0.4054463803768158,0.2952758073806762,0.5,0.6534831523895264,"[{'zh': '族', 'rcs': 0.3651827275753021, 'w': 0.5}]","[{'zh': '斗争', 'rcs': 0.2138779163360595, 'w': 0.34651687342254717}]",1.4813530256109941,5,7,族,战争,0.74247134,0.75921524,0.7508433,0.24318637,0.2201114,0.23164889,,,,,
tribe,band,M-E+,,,0.02808988094329834,0.0,,0.07544049620628357,0.019899999722838402,5.0,0.0,,,,,,,1.3452814118035785,5,4,族,乐队,0.74247134,0.7856084,0.7640399,0.24318637,0.5359053,0.38954583,,,,,
tribe,quest,M-E+,,,0.01685393787920475,0.0,,0.09524226933717728,0.015949999913573265,3.0,0.0,,,,,,,1.1887745003025785,5,5,族,寻找,0.74247134,0.6608957,0.7016835,0.24318637,0.06716902,0.1551777,,,,,
triumph,success,M+E+,胜利,成功,0.0607476606965065,0.009180395863950253,,0.43756765127182007,0.07566910237073898,13.0,1.138369083404541,0.2961189746856689,0.2427760362625122,0.1264854520559311,1.0,"[{'zh': '楷模', 'rcs': 0.2163556665182113, 'w': 0.49263736372461586}, {'zh': '喜悦', 'rcs': 0.3051222264766693, 'w': 0.23961427093345258}, {'zh': '狂喜', 'rcs': 0.264663964509964, 'w': 0.14126291026243307}]",[],0.9556317220152947,7,7,楷模,成功,0.65048844,0.7269733,0.68873084,0.150963,0.11341564,0.13218932,,,,,
triumph,morality,M+E-,楷模,道德,0.0,0.024880673736333847,,0.034558605402708054,0.11764180660247803,0.0,2.463186740875244,0.2163556665182113,0.5565545558929443,0.49263736605644226,1.0,"[{'zh': '喜悦', 'rcs': 0.3051222264766693, 'w': 0.23961427093345258}, {'zh': '狂喜', 'rcs': 0.264663964509964, 'w': 0.14126291026243307}, {'zh': '胜利', 'rcs': 0.2961189746856689, 'w': 0.12648545507949846}]",[],0.8243585255612893,7,8,楷模,道德,0.65048844,0.69922817,0.67485833,0.150963,0.0075914217,0.07927721,,,,,
triumph,cheerful,M+E-,喜悦,快乐,0.0,0.01723843812942505,,0.048161935061216354,0.07725164294242859,0.0,2.3961427211761475,0.3051222264766693,0.3682022988796234,0.23961427807807922,1.0,"[{'zh': '楷模', 'rcs': 0.2163556665182113, 'w': 0.49263736372461586}, {'zh': '狂喜', 'rcs': 0.264663964509964, 'w': 0.14126291026243307}, {'zh': '胜利', 'rcs': 0.2961189746856689, 'w': 0.12648545507949846}]",[],0.524291405435863,7,8,楷模,快乐,0.65048844,0.7008571,0.67567277,0.150963,0.17963202,0.16529751,,,,,
triumph,chapter,M+E-,楷模,时代,0.0,0.012440336868166924,,0.03361146152019501,0.04047015681862831,0.0,1.231593370437622,0.2163556665182113,0.2069392502307891,0.49263736605644226,0.5,"[{'zh': '喜悦', 'rcs': 0.3051222264766693, 'w': 0.23961427093345258}, {'zh': '狂喜', 'rcs': 0.264663964509964, 'w': 0.14126291026243307}, {'zh': '胜利', 'rcs': 0.2961189746856689, 'w': 0.12648545507949846}]","[{'zh': '章节', 'rcs': 0.3612077534198761, 'w': 0.5}]",1.2828212855867485,7,7,楷模,章节,0.65048844,0.7519753,0.70123184,0.150963,0.12423345,0.13759822,,,,,
triumph,learning,M+E-,楷模,学习,0.0,0.009002791717648506,,0.03796185553073883,0.015098224394023418,0.0,0.8912764191627502,0.2163556665182113,0.3817416727542877,0.49263736605644226,0.36183875799179077,"[{'zh': '喜悦', 'rcs': 0.3051222264766693, 'w': 0.23961427093345258}, {'zh': '狂喜', 'rcs': 0.264663964509964, 'w': 0.14126291026243307}, {'zh': '胜利', 'rcs': 0.2961189746856689, 'w': 0.12648545507949846}]","[{'zh': '学识', 'rcs': 0.2185507118701934, 'w': 0.2579179959435074}, {'zh': '知识', 'rcs': 0.420357346534729, 'w': 0.22397542837481169}, {'zh': '学问', 'rcs': 0.3009366989135742, 'w': 0.15626782699184907}]",1.3013406890178327,7,8,楷模,学习,0.65048844,0.74849796,0.69949317,0.150963,0.34487236,0.24791768,,,,,
triumph,succeed,M-E+,,,0.028037386015057564,0.0,,0.38424015045166016,0.021774571388959885,6.0,0.0,,,,,,,0.41104862712044926,7,7,楷模,继承,0.65048844,0.5252706,0.58787954,0.150963,0.02364656,0.08730478,,,,,
trunk,tree,M+E+,树桩,大树,0.1428571343421936,0.01203926932066679,,0.1239413172006607,0.18001596629619598,26.0,1.3965551853179932,0.4005113244056701,0.3920817971229553,0.2828191816806793,0.38945695757865906,"[{'zh': '树干', 'rcs': 0.4448303580284118, 'w': 0.7171808167341409}]","[{'zh': '树', 'rcs': 0.3510806560516357, 'w': 0.3894569459129817}, {'zh': '树木', 'rcs': 0.4441355466842651, 'w': 0.22108610817403662}]",0.8496039255497315,5,4,树干,大树,0.48890853,0.80540377,0.6471561,0.081536956,0.4329255,0.25723124,,,,,
trunk,rough,M+E-,树干,粗糙,0.0,0.020172148942947388,,0.03875303640961647,0.06436499208211899,0.0,2.3399691581726074,0.4448303580284118,0.2128840833902359,0.7171807885169983,0.6525465250015259,"[{'zh': '树桩', 'rcs': 0.4005113244056701, 'w': 0.2828191832658591}]","[{'zh': '粗', 'rcs': 0.2246107459068298, 'w': 0.347453464119419}]",0.8924714351807262,5,5,树干,粗糙,0.48890853,0.7057622,0.59733534,0.081536956,0.39005485,0.2357959,,,,,
trunk,bunny,M+E-,树桩,兔子,0.0,0.014283796772360802,,0.027714967727661133,0.06827561557292938,0.0,1.4140958786010742,0.4005113244056701,0.3943850100040436,0.2828191816806793,1.0,"[{'zh': '树干', 'rcs': 0.4448303580284118, 'w': 0.7171808167341409}]",[],0.2459270698180979,5,5,树干,兔子,0.48890853,0.78345,0.63617927,0.081536956,0.071637444,0.0765872,,,,,
trunk,suitcase,M-E+,,,0.07692307978868484,0.0,,0.3581017553806305,0.017989903688430786,14.0,0.0,,,,,,,1.4908082219250356,5,8,树干,行李箱,0.48890853,0.7877254,0.638317,0.081536956,0.3202893,0.20091313,,,,,
trunk,boot,M-E+,,,0.032967038452625275,0.0,,0.17204831540584564,0.024706877768039703,6.0,0.0,,,,,,,0.6219477005230555,5,4,树干,靴,0.48890853,0.7373271,0.6131178,0.081536956,0.7968143,0.43917564,,,,,
trunk,luggage,M-E+,,,0.032967038452625275,0.0,,0.38036802411079407,0.012816899456083775,6.0,0.0,,,,,,,1.025413803990502,5,7,树干,行李箱,0.48890853,0.77840525,0.63365686,0.081536956,0.4569726,0.26925477,,,,,
trunk,box,M-E+,,,0.021978020668029785,0.0,,0.14158093929290771,0.012481829151511192,4.0,0.0,,,,,,,1.2808304332258944,5,3,树干,盒子,0.48890853,0.73905814,0.61398333,0.081536956,0.108495235,0.09501609,,,,,
trunk,butt,M-E+,,,0.021978020668029785,0.0,,0.14488089084625244,0.03621762990951538,4.0,0.0,,,,,,,0.6054658482536237,5,4,树干,屁股,0.48890853,0.7246236,0.6067661,0.081536956,0.17101058,0.12627377,,,,,
trunk,chest,M-E+,,,0.021978020668029785,0.0,,0.24318300187587738,0.016078902408480644,4.0,0.0,,,,,,,0.44372540103818164,5,5,树干,胸部,0.48890853,0.72968,0.6092943,0.081536956,0.10291517,0.09222606,,,,,
trunk,road,M-E+,,,0.01648351177573204,0.0,,0.1376863270998001,0.02052507922053337,3.0,0.0,,,,,,,1.0552823290443942,5,4,树干,马路,0.48890853,0.80025244,0.6445805,0.081536956,0.26816672,0.17485183,,,,,
tub,wash,M+E+,盆,洗脸,0.045662105083465576,0.007760502398014069,,0.5331586003303528,0.04118654131889343,10.0,0.721726655960083,0.3099129796028137,0.3627947270870209,0.4366680979728699,0.27546730637550354,"[{'zh': '饭盒', 'rcs': 0.4097536206245422, 'w': 0.43666808685178427}, {'zh': '桶', 'rcs': 0.4559434950351715, 'w': 0.1266638262964315}]","[{'zh': '水流', 'rcs': 0.2209127843379974, 'w': 0.2754673037339292}, {'zh': '洗手', 'rcs': 0.2550350725650787, 'w': 0.2754673037339292}, {'zh': '洗', 'rcs': 0.321000188589096, 'w': 0.10017542751570682}, {'zh': '清洗', 'rcs': 0.2983206510543823, 'w': 0.07342266128250553}]",0.8404196611661573,3,4,盆,水流,0.6492201,0.7132956,0.68125784,0.09863524,0.09219173,0.09541349,,,,,
tub,basin,M+E+,盆,盆地,0.01826483942568302,0.009205509908497334,,0.5223666429519653,0.09631264209747314,4.0,0.8561123609542847,0.3099129796028137,0.5185403823852539,0.4366680979728699,0.653518795967102,"[{'zh': '饭盒', 'rcs': 0.4097536206245422, 'w': 0.43666808685178427}, {'zh': '桶', 'rcs': 0.4559434950351715, 'w': 0.1266638262964315}]","[{'zh': '流域', 'rcs': 0.4896568059921264, 'w': 0.34648123083088894}]",1.4130915274296687,3,5,盆,盆地,0.6492201,0.61273456,0.63097733,0.09863524,0.11938901,0.10901213,,,,,
tub,puss,M+E-,盆,脸,0.0,0.014827470295131207,,0.04296087101101875,0.035301242023706436,0.0,1.3789546489715576,0.3099129796028137,0.2558847963809967,0.4366680979728699,0.5263168811798096,"[{'zh': '饭盒', 'rcs': 0.4097536206245422, 'w': 0.43666808685178427}, {'zh': '桶', 'rcs': 0.4559434950351715, 'w': 0.1266638262964315}]","[{'zh': '猫咪', 'rcs': 0.4134274423122406, 'w': 0.4736831420056128}]",1.0118066885050514,3,4,盆,脸,0.6492201,0.6880508,0.6686355,0.09863524,0.024337493,0.061486367,,,,,
tub,bloom,M+E-,盆,花,0.0,0.009005989879369736,,0.03081008791923523,0.07289538532495499,0.0,0.8375570774078369,0.3099129796028137,0.3181216418743133,0.4366680979728699,0.6393544673919678,"[{'zh': '饭盒', 'rcs': 0.4097536206245422, 'w': 0.43666808685178427}, {'zh': '桶', 'rcs': 0.4559434950351715, 'w': 0.1266638262964315}]","[{'zh': '开花', 'rcs': 0.3782543241977691, 'w': 0.3606455116772925}]",1.2259596878165009,3,5,盆,花,0.6492201,0.77880406,0.7140121,0.09863524,0.2568141,0.17772466,,,,,
tub,log,M+E-,桶,木头,0.0,0.008084924891591072,,0.016408851370215416,0.02781575731933117,0.0,0.7599829435348511,0.4559434950351715,0.2718109786510467,0.12666381895542145,1.0,"[{'zh': '盆', 'rcs': 0.3099129796028137, 'w': 0.43666808685178427}, {'zh': '饭盒', 'rcs': 0.4097536206245422, 'w': 0.43666808685178427}]",[],0.301215805928274,3,3,盆,木头,0.6492201,0.61934423,0.6342822,0.09863524,0.2735067,0.18607098,,,,,
tub,sink,M-E+,,,0.01826483942568302,0.0,,0.5263946056365967,0.0137901920825243,4.0,0.0,,,,,,,0.5180482073347136,3,4,盆,挖,0.6492201,0.578077,0.61364853,0.09863524,0.12548529,0.112060264,,,,,
tube,straw,M+E+,管子,吸管,0.018099548295140266,0.009339765645563602,,0.06900326162576675,0.049394018948078156,4.0,0.9339765310287476,0.453959584236145,0.3520115315914154,0.3367549479007721,0.39620864391326904,"[{'zh': '管', 'rcs': 0.3676127791404724, 'w': 0.3460718362106314}, {'zh': '电视机', 'rcs': 0.3481714725494385, 'w': 0.31717321065961124}]","[{'zh': '草', 'rcs': 0.3442866504192352, 'w': 0.6037913574663232}]",0.7149460088615482,4,5,管,草,0.7207436,0.7525633,0.73665345,0.20718074,0.042951714,0.12506622,,,,,
tube,sofa,M+E-,电视机,沙发,0.0,0.009149227291345596,,0.03226287290453911,0.05855017527937889,0.0,0.9515196084976196,0.3481714725494385,0.5028690695762634,0.31717321276664734,1.0,"[{'zh': '管', 'rcs': 0.3676127791404724, 'w': 0.3460718362106314}, {'zh': '管子', 'rcs': 0.453959584236145, 'w': 0.3367549531297574}]",[],0.561256837989382,4,4,管,沙发,0.7207436,0.77522755,0.7479856,0.20718074,0.3154043,0.26129252,,,,,
tube,test,M-E+,,,0.027149317786097527,0.0,,0.05875268206000328,0.009458951652050018,6.0,0.0,,,,,,,1.2135771736235816,4,4,管,检验,0.7207436,0.7457604,0.733252,0.20718074,0.16328792,0.18523434,,,,,
tube,subway,M-E+,,,0.022624433040618896,0.0,,0.24497035145759583,0.019464435055851936,5.0,0.0,,,,,,,0.9982671850278397,4,6,管,地铁,0.7207436,0.7617278,0.74123573,0.20718074,0.38268942,0.29493508,,,,,
tube,train,M-E+,,,0.022624433040618896,0.0,,0.08086146414279938,0.010405727662146091,5.0,0.0,,,,,,,1.0660666951283582,4,5,管,火车,0.7207436,0.78923094,0.75498724,0.20718074,0.15093203,0.17905638,,,,,
tube,round,M-E+,,,0.018099548295140266,0.0,,0.11613946408033371,0.012528342194855213,4.0,0.0,,,,,,,1.2443289211427824,4,5,管,回合,0.7207436,0.46832725,0.5945354,0.20718074,0.014070731,0.11062574,,,,,
tube,tire,M-E+,,,0.018099548295140266,0.0,,0.11794791370630264,0.031048808246850967,4.0,0.0,,,,,,,0.22774941471140606,4,4,管,轮胎,0.7207436,0.6856807,0.70321214,0.20718074,0.17496835,0.19107455,,,,,
tube,tunnel,M-E+,,,0.013574665412306786,0.0,,0.2181505262851715,0.03795228153467178,3.0,0.0,,,,,,,0.9714410704512598,4,6,管,隧道,0.7207436,0.7858948,0.7533192,0.20718074,0.53203756,0.36960915,,,,,
tune,song,M+E+,曲子,歌曲,0.20361994206905365,0.014908929355442524,,0.49623870849609375,0.16245578229427338,45.0,1.4610751867294312,0.3863095045089721,0.4081486463546753,0.560113787651062,0.26085326075553894,"[{'zh': '语调', 'rcs': 0.2155458182096481, 'w': 0.24702579401262514}, {'zh': '音调', 'rcs': 0.2719158828258514, 'w': 0.19286040122416673}]","[{'zh': '歌', 'rcs': 0.3767100870609283, 'w': 0.46712951357221466}, {'zh': '歌唱', 'rcs': 0.3111832737922668, 'w': 0.15878782663435023}, {'zh': '唱歌', 'rcs': 0.3018569052219391, 'w': 0.1132294113898234}]",1.321351005501492,4,4,曲子,歌,0.7873232,0.8073793,0.79735124,0.5417849,0.4482806,0.49503273,,,,,
tune,melody,M+E+,曲子,歌曲,0.0859728530049324,0.013526706025004387,,0.6160573363304138,0.20446409285068512,19.0,1.3256171941757202,0.3863095045089721,0.4005718231201172,0.560113787651062,0.23666925728321075,"[{'zh': '语调', 'rcs': 0.2155458182096481, 'w': 0.24702579401262514}, {'zh': '音调', 'rcs': 0.2719158828258514, 'w': 0.19286040122416673}]","[{'zh': '旋律', 'rcs': 0.4820728600025177, 'w': 0.5359569397355128}, {'zh': '乐曲', 'rcs': 0.41485396027565, 'w': 0.2273738012951657}]",1.0933906328767173,4,6,曲子,旋律,0.7873232,0.79180276,0.78956294,0.5417849,0.4676782,0.50473154,,,,,
tune,piano,M+E+,曲子,钢琴,0.013574662618339062,0.028577234596014023,,0.4317459762096405,0.3649141192436218,3.0,2.8005690574645996,0.3863095045089721,0.5155628323554993,0.560113787651062,1.0,"[{'zh': '语调', 'rcs': 0.2155458182096481, 'w': 0.24702579401262514}, {'zh': '音调', 'rcs': 0.2719158828258514, 'w': 0.19286040122416673}]",[],1.41985298886296,4,5,曲子,钢琴,0.7873232,0.81348705,0.80040514,0.5417849,0.52631056,0.5340477,,,,,
tune,low,M+E-,音调,低,0.0,0.008477380499243736,,0.043474044650793076,0.031322870403528214,0.0,0.7714415788650513,0.2719158828258514,0.4294463396072387,0.19286039471626282,1.0,"[{'zh': '曲子', 'rcs': 0.3863095045089721, 'w': 0.5601138047632082}, {'zh': '语调', 'rcs': 0.2155458182096481, 'w': 0.24702579401262514}]",[],0.8810216900712854,4,3,曲子,低,0.7873232,0.74379486,0.765559,0.5417849,0.089332424,0.31555864,,,,,
tune,auto,M-E+,,,0.027149325236678123,0.0,,0.16031654179096222,0.00683338800445199,6.0,0.0,,,,,,,0.605259582942913,4,4,曲子,汽车,0.7873232,0.7357835,0.76155335,0.5417849,0.04260072,0.29219282,,,,,
tune,adjust,M-E+,,,0.013574662618339062,0.0,,0.16440239548683167,0.005313625559210777,3.0,0.0,,,,,,,1.236677460772886,4,6,曲子,整理,0.7873232,0.53801185,0.6626675,0.5417849,0.02745103,0.28461796,,,,,
tunnel,train,M+E+,隧道,火车,0.10857142508029938,0.0694444477558136,,0.19469963014125824,0.17489999532699585,19.0,7.5,0.5290884971618652,0.4068214297294616,1.0,0.5,[],"[{'zh': '列车', 'rcs': 0.3996173441410064, 'w': 0.5}]",1.025588765388497,6,5,隧道,火车,0.7858948,0.78923094,0.78756285,0.53203756,0.15093203,0.34148479,,,,,
tunnel,length,M+E-,隧道,长,0.0,0.00999588891863823,,0.038459666073322296,0.10050323605537415,0.0,1.0795559883117676,0.5290884971618652,0.256422221660614,1.0,0.35985198616981506,[],"[{'zh': '长度', 'rcs': 0.4575222134590149, 'w': 0.640148006083392}]",0.864706799273522,6,6,隧道,长度,0.7858948,0.7554534,0.7706741,0.53203756,0.71451336,0.62327546,,,,,
tunnel,tube,M-E+,,,0.04571428894996643,0.0,,0.2181505262851715,0.03795228153467178,8.0,0.0,,,,,,,0.9714410704512598,6,4,隧道,管,0.7858948,0.7207436,0.7533192,0.53203756,0.20718074,0.36960915,,,,,
tunnel,round,M-E+,,,0.01714286208152771,0.0,,0.06021133437752724,0.011099999770522118,3.0,0.0,,,,,,,1.217099636763474,6,5,隧道,回合,0.7858948,0.46832725,0.627111,0.53203756,0.014070731,0.27305415,,,,,
tunnel,water,M-E+,,,0.01714286208152771,0.0,,0.029596783220767975,0.015626778826117516,3.0,0.0,,,,,,,1.4623755520721933,6,5,隧道,灌溉,0.7858948,0.5788847,0.68238974,0.53203756,0.2631127,0.39757514,,,,,
turtle,shell,M+E+,乌龟,壳,0.21296297013759613,0.013569585978984833,,0.293546199798584,0.06374914199113846,46.0,1.370528221130371,0.5357335805892944,0.5318855047225952,0.7492443323135376,0.2613162696361542,"[{'zh': '龟', 'rcs': 0.5089389085769653, 'w': 0.2507556634975731}]","[{'zh': '贝壳', 'rcs': 0.3945035934448242, 'w': 0.4211053524856641}, {'zh': '骨架', 'rcs': 0.4344162046909332, 'w': 0.18907589993328658}, {'zh': '炮弹', 'rcs': 0.3182783424854278, 'w': 0.1285024854830877}]",0.5378560898345072,6,5,乌龟,贝壳,0.81603044,0.8229971,0.8195138,0.38958013,0.36660066,0.37809038,,,,,
turtle,animal,M+E+,龟,动物,0.03240739926695824,0.01313820295035839,,0.2036464512348175,0.10836828500032425,7.0,1.3269585371017456,0.5089389085769653,0.5035275816917419,0.2507556676864624,0.5903541445732117,"[{'zh': '乌龟', 'rcs': 0.5357335805892944, 'w': 0.7492443365024269}]","[{'zh': '兽', 'rcs': 0.3038774132728576, 'w': 0.2910345454408785}, {'zh': '牲畜', 'rcs': 0.2842504382133484, 'w': 0.11861132141469986}]",0.6441560749270118,6,6,乌龟,动物,0.81603044,0.84472525,0.8303778,0.38958013,0.6573555,0.5234678,,,,,
turtle,skin,M+E-,乌龟,壳,0.0,0.009436811320483685,,0.03793904930353165,0.04433359578251839,0.0,0.9531179070472717,0.5357335805892944,0.3820466101169586,0.7492443323135376,0.18172936141490936,"[{'zh': '龟', 'rcs': 0.5089389085769653, 'w': 0.2507556634975731}]","[{'zh': '皮肤', 'rcs': 0.5646045207977295, 'w': 0.47892636749906364}, {'zh': '剥皮', 'rcs': 0.3006784617900848, 'w': 0.17885542186769768}, {'zh': '毛皮', 'rcs': 0.363589197397232, 'w': 0.16048884487323642}]",1.115178681360891,6,4,乌龟,皮肤,0.81603044,0.7957984,0.8059144,0.38958013,0.27219588,0.330888,,,,,
turtle,neck,M-E+,,,0.027777783572673798,0.0,,0.11556398868560791,0.02453775145113468,6.0,0.0,,,,,,,1.1826015258742242,6,4,乌龟,领子,0.81603044,0.74555004,0.7807902,0.38958013,0.30248174,0.34603095,,,,,
turtle,beach,M-E+,,,0.013888891786336899,0.0,,0.18562543392181396,0.03564431145787239,3.0,0.0,,,,,,,0.8339122084171117,6,5,乌龟,海滩,0.81603044,0.84993356,0.832982,0.38958013,0.657721,0.5236505,,,,,
turtle,candy,M-E+,,,0.013888891786336899,0.0,,0.05880054831504822,0.010381096042692661,3.0,0.0,,,,,,,0.6492430818801954,6,5,乌龟,巧克力,0.81603044,0.81136096,0.81369567,0.38958013,0.20965235,0.29961625,,,,,
twist,lemon,M+E+,拧,柠檬,0.03465346246957779,0.0416666679084301,,0.16793401539325714,0.17970000207424164,7.0,3.0,0.2425645291805267,0.5310279726982117,1.0,1.0,[],[],1.02996643657282,5,5,拧,柠檬,0.68939376,0.8096661,0.74952996,0.10314945,0.6100002,0.35657483,,,,,
twist,tie,M+E+,拧,绳子,0.024752479046583176,0.008871162310242653,,0.19292400777339935,0.11176244169473648,5.0,0.6387236714363098,0.2425645291805267,0.2251241356134414,1.0,0.15968091785907745,[],"[{'zh': '绑', 'rcs': 0.2378353476524353, 'w': 0.8403190818886184}]",1.4596212530834172,5,3,拧,绑,0.68939376,0.64345336,0.66642356,0.10314945,0.051425435,0.07728744,,,,,
twist,pain,M+E+,拧,疼,0.019801979884505272,0.013330025598406792,,0.060236889868974686,0.05013155937194824,4.0,0.9597617983818054,0.2425645291805267,0.2633577287197113,1.0,0.3199205994606018,[],"[{'zh': '伤痛', 'rcs': 0.393880695104599, 'w': 0.31992059668352346}, {'zh': '痛', 'rcs': 0.4359823763370514, 'w': 0.31992059668352346}, {'zh': '烦恼', 'rcs': 0.3541943728923797, 'w': 0.04023820994942954}]",1.2662515790575688,5,4,拧,伤痛,0.68939376,0.7658408,0.72761726,0.10314945,0.30135605,0.20225275,,,,,
twist,towel,M+E-,拧,毛巾,0.0,0.04461145028471947,,0.03328624367713928,0.08777587115764618,0.0,3.212024450302124,0.2425645291805267,0.544564962387085,1.0,0.29200223088264465,[],"[{'zh': '纸巾', 'rcs': 0.4714272916316986, 'w': 0.29200223595986147}, {'zh': '手巾', 'rcs': 0.4699572324752807, 'w': 0.29200223595986147}, {'zh': '抹布', 'rcs': 0.4854107499122619, 'w': 0.12399329212041563}]",0.9007744215341688,5,5,拧,纸巾,0.68939376,0.7789504,0.7341721,0.10314945,0.28712675,0.1951381,,,,,
twist,shout,M-E+,,,0.12376238405704498,0.0,,0.09173288941383362,0.020636435598134995,25.0,0.0,,,,,,,0.29073192437843715,5,5,拧,叫,0.68939376,0.7077442,0.69856894,0.10314945,0.15875797,0.13095371,,,,,
twist,shake,M-E+,,,0.014851481653749943,0.0,,0.10896695405244827,0.026706190779805183,3.0,0.0,,,,,,,0.6389568615787949,5,5,拧,摇头,0.68939376,0.41781017,0.553602,0.10314945,0.026588367,0.06486891,,,,,
type,class,M+E+,种类,类别,0.014778328128159046,0.009730493649840355,,0.12615199387073517,0.055147189646959305,3.0,1.1036795377731323,0.3866075873374939,0.2101971358060836,0.1559784859418869,0.589653730392456,"[{'zh': '字体', 'rcs': 0.3122709393501282, 'w': 0.2899287592871568}, {'zh': '字符', 'rcs': 0.3734807670116424, 'w': 0.2899287592871568}, {'zh': '类型', 'rcs': 0.4354505538940429, 'w': 0.19596180153870732}, {'zh': '文字', 'rcs': 0.210036888718605, 'w': 0.0682021888273847}]","[{'zh': '等级', 'rcs': 0.2490483969449997, 'w': 0.4103462992201324}]",0.7923727758254389,4,5,字体,类别,0.75282764,0.6517665,0.7022971,0.16466215,0.02465686,0.09465951,,,,,
type,unlike,M+E-,类型,不同,0.0,0.01031377911567688,,0.04084940254688263,0.05143997073173523,0.0,0.979809045791626,0.4354505538940429,0.3519706726074219,0.19596180319786072,1.0,"[{'zh': '字体', 'rcs': 0.3122709393501282, 'w': 0.2899287592871568}, {'zh': '字符', 'rcs': 0.3734807670116424, 'w': 0.2899287592871568}, {'zh': '种类', 'rcs': 0.3866075873374939, 'w': 0.1559784910595944}, {'zh': '文字', 'rcs': 0.210036888718605, 'w': 0.0682021888273847}]",[],1.4825796196525807,4,6,字体,不同,0.75282764,0.7092729,0.73105025,0.16466215,0.103003085,0.13383262,,,,,
type,touch,M-E+,,,0.014778328128159046,0.0,,0.09607882797718048,0.008388957008719444,3.0,0.0,,,,,,,0.8613553557511079,4,5,字体,触摸,0.75282764,0.5634652,0.6581464,0.16466215,0.24174066,0.20320141,,,,,
union,unite,M+E+,联盟,团结,0.014563105069100857,0.01566489040851593,,0.43900424242019653,0.08192580938339233,3.0,1.2688560485839844,0.3874306678771972,0.2347071021795272,0.3373866081237793,0.6268061995506287,"[{'zh': '联合', 'rcs': 0.3490329682826996, 'w': 0.3571258722492154}, {'zh': '协会', 'rcs': 0.2746844291687011, 'w': 0.3054875260529028}]","[{'zh': '统一', 'rcs': 0.2443920373916626, 'w': 0.3731938192404946}]",1.3025378624120552,5,5,联合,团结,0.68628156,0.68458575,0.6854336,0.13843486,0.0929135,0.11567418,,,,,
union,plan,M+E-,协会,组织,0.0,0.007723543327301741,,0.03430646285414696,0.0159037746489048,0.0,0.6873953342437744,0.2746844291687011,0.2367873936891555,0.3054875135421753,0.20455987751483917,"[{'zh': '联合', 'rcs': 0.3490329682826996, 'w': 0.3571258722492154}, {'zh': '联盟', 'rcs': 0.3874306678771972, 'w': 0.3373866016978818}]","[{'zh': '规划', 'rcs': 0.3224843740463257, 'w': 0.29186788048462003}, {'zh': '计划', 'rcs': 0.4027928411960602, 'w': 0.20154205021434257}, {'zh': '方案', 'rcs': 0.3645710945129394, 'w': 0.17752697133163187}, {'zh': '安排', 'rcs': 0.2073912024497985, 'w': 0.12450321647191105}]",1.1364594016892902,5,4,联合,规划,0.68628156,0.74960047,0.71794105,0.13843486,0.19182101,0.16512793,,,,,
union,station,M-E+,,,0.019417472183704376,0.0,,0.12760968506336212,0.0082317516207695,4.0,0.0,,,,,,,1.4837580217516981,5,7,联合,火车站,0.68628156,0.72409207,0.70518684,0.13843486,0.30023432,0.21933459,,,,,
urine,yellow,M+E+,尿,黄色,0.14163091778755188,0.06577211618423462,,0.10065480321645737,0.1614047735929489,33.0,5.2617692947387695,0.544859766960144,0.5010339617729187,0.6577211618423462,1.0,"[{'zh': '小便', 'rcs': 0.3024432063102722, 'w': 0.342278844307838}]",[],1.1724337808477414,5,6,尿,黄色,0.7513646,0.8135123,0.78243846,0.56721705,0.44301888,0.50511795,,,,,
urine,toilet,M+E+,小便,厕所,0.06437768042087555,0.020916692912578583,,0.5463331937789917,0.22659923136234283,15.0,1.6733355522155762,0.3024432063102722,0.5011860132217407,0.3422788381576538,0.18172436952590942,"[{'zh': '尿', 'rcs': 0.544859766960144, 'w': 0.657721155692162}]","[{'zh': '马桶', 'rcs': 0.5588998198509216, 'w': 0.6329628647080343}, {'zh': '卫生间', 'rcs': 0.4866284728050232, 'w': 0.1853127710053608}]",0.9406113113266263,5,6,尿,马桶,0.7513646,0.75233895,0.7518518,0.56721705,0.38378063,0.47549886,,,,,
urine,wet,M+E+,尿,水,0.012875533662736416,0.010517568327486515,,0.11588896065950394,0.04554526135325432,3.0,0.84140545129776,0.544859766960144,0.3768291473388672,0.6577211618423462,0.14214153587818146,"[{'zh': '小便', 'rcs': 0.3024432063102722, 'w': 0.342278844307838}]","[{'zh': '湿', 'rcs': 0.4603066146373749, 'w': 0.25993643248032516}, {'zh': '湿的', 'rcs': 0.4789307117462158, 'w': 0.25993643248032516}, {'zh': '潮湿', 'rcs': 0.4323588013648987, 'w': 0.25993643248032516}, {'zh': '液体', 'rcs': 0.3145627677440643, 'w': 0.07804916587005213}]",1.4407898759379565,5,3,尿,湿,0.7513646,0.810579,0.78097177,0.56721705,0.37285385,0.47003543,,,,,
urine,trousers,M+E-,尿,裤子,0.0,0.008010748773813248,,0.023436300456523895,0.033986933529376984,0.0,0.640859842300415,0.544859766960144,0.5765299797058105,0.6577211618423462,0.32478800415992737,"[{'zh': '小便', 'rcs': 0.3024432063102722, 'w': 0.342278844307838}]","[{'zh': '长裤', 'rcs': 0.5876520276069641, 'w': 0.3475618315558301}, {'zh': '裤', 'rcs': 0.5567807555198669, 'w': 0.32765016186362866}]",1.4609548219655384,5,8,尿,长裤,0.7513646,0.8196648,0.7855147,0.56721705,0.35095483,0.45908594,,,,,
urine,sample,M-E+,,,0.021459221839904785,0.0,,0.15465913712978363,0.011378576047718525,5.0,0.0,,,,,,,1.2505016660961463,5,6,尿,样品,0.7513646,0.7364049,0.74388474,0.56721705,0.13183837,0.34952772,,,,,
valley,river,M+E+,流域,河流,0.13913042843341827,0.013314205221831799,,0.2577868402004242,0.10768329352140427,16.0,1.0784505605697632,0.44387087225914,0.4896267354488373,0.3196455240249634,0.26418840885162354,"[{'zh': '山谷', 'rcs': 0.5051570534706116, 'w': 0.6803544613277362}]","[{'zh': '小溪', 'rcs': 0.4996245503425598, 'w': 0.26418839524532906}, {'zh': '河', 'rcs': 0.4457035362720489, 'w': 0.26418839524532906}, {'zh': '溪流', 'rcs': 0.4985944032669067, 'w': 0.1300043317852566}, {'zh': '溪', 'rcs': 0.4290595948696136, 'w': 0.07743048247875631}]",0.668080389262702,6,5,山谷,河流,0.77477074,0.82681257,0.8007916,0.3641326,0.5053446,0.43473864,,,,,
valley,bird,M+E-,山谷,鸟,0.0,0.01259915716946125,,0.02304886095225811,0.06129993498325348,0.0,1.0205316543579102,0.5051570534706116,0.5118882656097412,0.6803544759750366,0.5,"[{'zh': '流域', 'rcs': 0.44387087225914, 'w': 0.31964553867226375}]","[{'zh': '姑娘', 'rcs': 0.2078591585159301, 'w': 0.5}]",1.0557947870661275,6,4,山谷,鸟,0.77477074,0.75772154,0.76624614,0.3641326,0.18096685,0.27254975,,,,,
valley,shadow,M-E+,,,0.026086969301104546,0.0,,0.08894247561693192,0.023200087249279022,3.0,0.0,,,,,,,0.190876277591981,6,6,山谷,影子,0.77477074,0.76656234,0.77066654,0.3641326,0.42770177,0.39591718,,,,,
vanquish,victory,M+E+,战胜,胜利,0.05042017251253128,0.05589113011956215,,0.34629499912261963,0.23755356669425964,6.0,6.0362420082092285,0.2668721675872803,0.3314472436904907,1.0,0.5487492680549622,[],"[{'zh': '成功', 'rcs': 0.2115495800971985, 'w': 0.4512507467640322}]",0.9980300727539425,8,7,战胜,胜利,0.6608762,0.75799304,0.7094346,0.285084,0.3440447,0.31456435,,,,,
vanquish,triumph,M+E+,战胜,胜利,0.025210075080394745,0.012882777489721775,,0.25632694363594055,0.05680108815431595,3.0,1.3913400173187256,0.2668721675872803,0.2961189746856689,1.0,0.1264854520559311,[],"[{'zh': '楷模', 'rcs': 0.2163556665182113, 'w': 0.49263736372461586}, {'zh': '喜悦', 'rcs': 0.3051222264766693, 'w': 0.23961427093345258}, {'zh': '狂喜', 'rcs': 0.264663964509964, 'w': 0.14126291026243307}]",0.48681120213602874,8,7,战胜,楷模,0.6608762,0.65048844,0.6556823,0.285084,0.150963,0.21802351,,,,,
vanquish,oneself,M+E-,战胜,自己,0.0,0.018518518656492233,,0.01436377689242363,0.05829999968409538,0.0,2.0,0.2668721675872803,0.3337387144565582,1.0,0.5,[],"[{'zh': '自身', 'rcs': 0.3920068144798279, 'w': 0.5}]",1.354344803724999,8,7,战胜,自己,0.6608762,0.7115407,0.6862085,0.285084,0.22878812,0.25693607,,,,,
vanquish,vanish,M-E+,,,0.03361344709992409,0.0,,0.26175087690353394,0.028599999845027924,4.0,0.0,,,,,,,1.1236327125202978,8,6,战胜,消失,0.6608762,0.67574763,0.66831195,0.285084,0.06702887,0.17605644,,,,,
vanquish,banish,M-E+,,,0.025210075080394745,0.0,,0.34333494305610657,0.027499999850988388,3.0,0.0,,,,,,,1.1969825773524052,8,6,战胜,流放,0.6608762,0.5185032,0.58968973,0.285084,0.0802892,0.1826866,,,,,
victim,abuse,M+E+,受害者,伤害,0.01754385605454445,0.007789562921971083,,0.27276596426963806,0.03806161880493164,3.0,1.0048534870147705,0.4425185918807983,0.3239522874355316,0.7245714664459229,0.15409162640571594,"[{'zh': '牺牲', 'rcs': 0.242103099822998, 'w': 0.2754285359659939}]","[{'zh': '滥用', 'rcs': 0.4285509586334228, 'w': 0.36244222981277824}, {'zh': '侮辱', 'rcs': 0.3335590958595276, 'w': 0.30264325785158275}, {'zh': '虐待', 'rcs': 0.4228280186653137, 'w': 0.18082288373626243}]",1.2665972141344144,6,5,受害者,滥用,0.78660125,0.6963677,0.74148446,0.18464394,0.1293849,0.15701443,,,,,
victim,protect,M+E-,受害者,保护,0.0,0.01685049943625927,,0.04599783197045326,0.07535543292760849,0.0,2.1737143993377686,0.4425185918807983,0.4452174007892608,0.7245714664459229,1.0,"[{'zh': '牺牲', 'rcs': 0.242103099822998, 'w': 0.2754285359659939}]",[],0.863724102410757,6,7,受害者,保护,0.78660125,0.70797074,0.74728596,0.18464394,0.07937646,0.13201019,,,,,
victim,person,M-E+,,,0.02923976071178913,0.0,,0.0628209263086319,0.018549028784036636,5.0,0.0,,,,,,,1.3313753516731126,6,6,受害者,人,0.78660125,0.69399196,0.7402966,0.18464394,0.08301145,0.13382769,,,,,
victim,attack,M-E+,,,0.023391809314489365,0.0,,0.2303556203842163,0.039073292165994644,4.0,0.0,,,,,,,0.272566035414431,6,6,受害者,进攻,0.78660125,0.7505923,0.76859677,0.18464394,0.28767583,0.23615989,,,,,
victim,weak,M-E+,,,0.023391809314489365,0.0,,0.07692306488752365,0.022034553810954094,4.0,0.0,,,,,,,1.24608465483375,6,4,受害者,弱,0.78660125,0.67886245,0.7327318,0.18464394,0.012656521,0.09865023,,,,,
waist,belt,M+E+,腰部,腰带,0.14146342873573303,0.011434902437031269,,0.2892095446586609,0.06969191879034042,29.0,0.9147921800613403,0.5781868696212769,0.4163514971733093,0.5,0.304930716753006,"[{'zh': '腰', 'rcs': 0.5037955045700073, 'w': 0.5}]","[{'zh': '带', 'rcs': 0.2452611625194549, 'w': 0.3271426424436043}, {'zh': '皮带', 'rcs': 0.4041090309619903, 'w': 0.19097368060181708}, {'zh': '带子', 'rcs': 0.2921146154403686, 'w': 0.17695295689897544}]",0.9846017977938872,5,4,腰,带,0.7317434,0.76060283,0.74617314,0.2082112,0.30838487,0.25829804,,,,,
waist,thin,M+E+,腰,细,0.029268288984894753,0.01315789483487606,,0.29533958435058594,0.10125000029802322,6.0,1.0,0.5037955045700073,0.2999193370342254,0.5,0.5,"[{'zh': '腰部', 'rcs': 0.5781868696212769, 'w': 0.5}]","[{'zh': '薄', 'rcs': 0.4066925942897796, 'w': 0.5}]",1.2143304199590244,5,4,腰,薄,0.7317434,0.75006765,0.7409055,0.2082112,0.49417633,0.35119376,,,,,
waist,acid,M+E-,腰,酸,0.0,0.019736841320991516,,0.016666477546095848,0.060100000351667404,0.0,1.5,0.5037955045700073,0.5728314518928528,0.5,1.0,"[{'zh': '腰部', 'rcs': 0.5781868696212769, 'w': 0.5}]",[],0.7459816952406187,5,4,腰,酸,0.7317434,0.70554024,0.7186418,0.2082112,0.17999974,0.19410548,,,,,
waist,rough,M+E-,腰,粗,0.0,0.009143512696027756,,0.023304937407374382,0.05837218463420868,0.0,0.6949069499969482,0.5037955045700073,0.2246107459068298,0.5,0.3474534749984741,"[{'zh': '腰部', 'rcs': 0.5781868696212769, 'w': 0.5}]","[{'zh': '粗糙', 'rcs': 0.2128840833902359, 'w': 0.6525465358805811}]",1.357490401417665,5,5,腰,粗糙,0.7317434,0.7057622,0.7187528,0.2082112,0.39005485,0.29913303,,,,,
waist,band,M-E+,,,0.029268288984894753,0.0,,0.10294310003519058,0.01209999993443489,6.0,0.0,,,,,,,1.354974389693368,5,4,腰,乐队,0.7317434,0.7856084,0.75867593,0.2082112,0.5359053,0.37205824,,,,,
waiter,tray,M+E+,服务员,托盘,0.03720930218696594,0.012306895107030869,,0.39093440771102905,0.13313598930835724,8.0,1.1076204776763916,0.44697305560112,0.5686237215995789,1.0,0.36920684576034546,[],"[{'zh': '盘', 'rcs': 0.3201288282871246, 'w': 0.36920685987704865}, {'zh': '碟', 'rcs': 0.3903550803661346, 'w': 0.26158628024590264}]",1.0086990373473828,6,4,服务员,盘,0.7142308,0.783063,0.74864686,0.4636184,0.06737667,0.26549754,,,,,
waiter,cheers,M+E-,服务员,谢谢,0.0,0.022716861218214035,,0.07565858215093613,0.13657376170158386,0.0,2.0445175170898438,0.44697305560112,0.3583634495735168,1.0,0.6815057992935181,[],"[{'zh': '再见', 'rcs': 0.3508387804031372, 'w': 0.31849418447482974}]",1.1518270651364588,6,6,服务员,谢谢,0.7142308,0.56731725,0.640774,0.4636184,0.20484553,0.33423197,,,,,
waiter,table,M-E+,,,0.041860468685626984,0.0,,0.24300867319107056,0.02540000155568123,9.0,0.0,,,,,,,1.2432954748578626,6,5,服务员,表,0.7142308,0.6845784,0.6994046,0.4636184,0.04760247,0.25561044,,,,,
wand,wizard,M+E+,魔杖,巫师,0.11057692021131516,0.03153040632605553,,0.5087692141532898,0.4219556748867035,23.0,3.1845710277557373,0.439131885766983,0.3821145892143249,0.6369141936302185,1.0,"[{'zh': '棒', 'rcs': 0.2822263240814209, 'w': 0.2514055973954032}, {'zh': '杆', 'rcs': 0.2340831458568573, 'w': 0.11168018737877078}]",[],1.2109049060330828,4,6,魔杖,巫师,0.7877739,0.71642375,0.7520988,0.39985868,0.42237014,0.4111144,,,,,
wand,witch,M+E+,魔杖,巫师,0.03365384787321091,0.011314916424453259,,0.3379410207271576,0.1690210998058319,7.0,1.1428065299987793,0.439131885766983,0.4097425639629364,0.6369141936302185,0.10285675525665283,"[{'zh': '棒', 'rcs': 0.2822263240814209, 'w': 0.2514055973954032}, {'zh': '杆', 'rcs': 0.2340831458568573, 'w': 0.11168018737877078}]","[{'zh': '巫婆', 'rcs': 0.4580950140953064, 'w': 0.44857162182717664}, {'zh': '女巫', 'rcs': 0.4787367284297943, 'w': 0.44857162182717664}]",1.3829290613466643,4,5,魔杖,巫婆,0.7877739,0.79214925,0.7899616,0.39985868,0.33503863,0.36744866,,,,,
wand,bingo,M+E-,棒,好,0.0,0.037593357264995575,,0.02368038520216942,0.09626320004463196,0.0,4.022489547729492,0.2822263240814209,0.2145953923463821,0.25140559673309326,1.0,"[{'zh': '魔杖', 'rcs': 0.439131885766983, 'w': 0.636914215225826}, {'zh': '杆', 'rcs': 0.2340831458568573, 'w': 0.11168018737877078}]",[],1.1296163776676666,4,5,魔杖,好,0.7877739,0.5805541,0.68416405,0.39985868,0.0044899364,0.2021743,,,,,
wand,lever,M+E-,杆,杠杆,0.0,0.01412048377096653,,0.03376101702451706,0.03817228972911835,0.0,1.2284820079803467,0.2340831458568573,0.4466023445129394,0.11168018728494644,1.0,"[{'zh': '魔杖', 'rcs': 0.439131885766983, 'w': 0.636914215225826}, {'zh': '棒', 'rcs': 0.2822263240814209, 'w': 0.2514055973954032}]",[],0.4870422804994487,4,5,魔杖,杠杆,0.7877739,0.5871955,0.68748474,0.39985868,0.12014599,0.26000234,,,,,
wand,pin,M+E-,杆,旗杆,0.0,0.009773321449756622,,0.028567127883434296,0.0239059217274189,0.0,0.8502789735794067,0.2340831458568573,0.3204436898231506,0.11168018728494644,0.585655152797699,"[{'zh': '魔杖', 'rcs': 0.439131885766983, 'w': 0.636914215225826}, {'zh': '棒', 'rcs': 0.2822263240814209, 'w': 0.2514055973954032}]","[{'zh': '固定', 'rcs': 0.3332890570163727, 'w': 0.41434484585669085}]",1.0387521228077317,4,3,魔杖,旗杆,0.7877739,0.6037958,0.69578487,0.39985868,0.0131251495,0.20649192,,,,,
wand,wave,M-E+,,,0.052884604781866074,0.0,,0.1004805639386177,0.008656341582536697,11.0,0.0,,,,,,,1.0556354154920973,4,4,魔杖,海浪,0.7877739,0.7762306,0.7820022,0.39985868,0.59953934,0.499699,,,,,
wand,staff,M-E+,,,0.014423077926039696,0.0,,0.22168487310409546,0.002808342454954982,3.0,0.0,,,,,,,1.3968164437659927,4,5,魔杖,职工,0.7877739,0.7171362,0.75245506,0.39985868,0.12573814,0.26279843,,,,,
wanting,lack,M+E+,欠缺,不足,0.022099444642663002,0.011747418902814388,,0.3095249533653259,0.12131323665380478,4.0,1.2922160625457764,0.2282008677721023,0.3535783588886261,1.0,0.2584432065486908,[],"[{'zh': '短缺', 'rcs': 0.234889343380928, 'w': 0.28300228425178003}, {'zh': '缺乏', 'rcs': 0.4569448828697204, 'w': 0.24301763872675286}, {'zh': '没有', 'rcs': 0.2688894867897033, 'w': 0.21553688164358767}]",1.4665011552464902,7,4,欠缺,短缺,0.5777101,0.6841874,0.6309488,0.047874995,0.23914556,0.14351028,,,,,
wanting,lesson,M+E-,欠缺,经验,0.0,0.022727273404598236,,0.012968933209776878,0.13580000400543213,0.0,2.5,0.2282008677721023,0.2030529975891113,1.0,0.5,[],"[{'zh': '教训', 'rcs': 0.2233985960483551, 'w': 0.5}]",0.8966723153574272,7,6,欠缺,经验,0.5777101,0.59752655,0.58761835,0.047874995,0.21315648,0.13051574,,,,,
wanting,waiting,M-E+,,,0.022099444642663002,0.0,,0.13408032059669495,0.01794746331870556,4.0,0.0,,,,,,,1.3356151180630647,7,7,欠缺,等候,0.5777101,0.6973672,0.6375387,0.047874995,0.29059175,0.16923337,,,,,
wanting,lonely,M-E+,,,0.01657458022236824,0.0,,0.11560458689928055,0.039000000804662704,3.0,0.0,,,,,,,0.5908038564108881,7,6,欠缺,孤独,0.5777101,0.7309238,0.6543169,0.047874995,0.55498564,0.3014303,,,,,
warm,sun,M+E+,暖和,太阳,0.06611569225788116,0.02672348916530609,,0.15901178121566772,0.09006484597921371,8.0,3.260266065597534,0.422766238451004,0.3525013029575348,0.5429909229278564,0.3752670884132385,"[{'zh': '温暖', 'rcs': 0.3686213195323944, 'w': 0.45700908514453725}]","[{'zh': '晒太阳', 'rcs': 0.2594788670539856, 'w': 0.37526709715581075}, {'zh': '日光', 'rcs': 0.2364581376314163, 'w': 0.12692062177680102}, {'zh': '阳光', 'rcs': 0.3202359676361084, 'w': 0.12254518391157755}]",1.2934972065507715,4,3,暖和,太阳,0.7935588,0.758567,0.77606285,0.26628718,0.6526273,0.45945722,,,,,
warm,buddy,M+E-,温暖,朋友,0.0,0.009934980422258377,,0.05497688800096512,0.053195856511592865,0.0,1.3710272312164307,0.3686213195323944,0.2560158967971802,0.45700907707214355,1.0,"[{'zh': '暖和', 'rcs': 0.422766238451004, 'w': 0.5429909148554628}]",[],0.6132586156236584,4,5,暖和,朋友,0.7935588,0.7356287,0.7645937,0.26628718,0.14932452,0.20780584,,,,,
warm,milk,M-E+,,,0.03305784612894058,0.0,,0.0779484212398529,0.01684078574180603,4.0,0.0,,,,,,,1.2777673631923936,4,4,暖和,牛奶,0.7935588,0.8443462,0.8189525,0.26628718,0.17669687,0.22149202,,,,,
weave,wool,M+E+,编织,毛线,0.04678361862897873,0.07547169923782349,,0.3762929439544678,0.36230000853538513,8.0,8.0,0.312589555978775,0.3310895562171936,1.0,1.0,[],[],0.8183463883693831,5,4,编织,毛线,0.71909624,0.806813,0.7629546,0.10711108,0.13531001,0.121210545,,,,,
weave,pouch,M+E-,编织,袋子,0.0,0.028301887214183807,,0.04928117245435715,0.2815000116825104,0.0,3.0,0.312589555978775,0.5022851824760437,1.0,1.0,[],[],0.29830665916408294,5,5,编织,袋子,0.71909624,0.7399102,0.7295032,0.10711108,0.523049,0.31508005,,,,,
weave,sack,M+E-,编织,袋子,0.0,0.028301887214183807,,0.06517480313777924,0.2815000116825104,0.0,3.0,0.312589555978775,0.2280734628438949,1.0,1.0,[],[],1.2540578093553654,5,4,编织,袋子,0.71909624,0.7359671,0.7275317,0.10711108,0.12801418,0.11756263,,,,,
weave,spin,M-E+,,,0.023391809314489365,0.0,,0.2520933747291565,0.022101406008005142,4.0,0.0,,,,,,,1.1956637509486616,5,4,编织,旋转,0.71909624,0.7111176,0.71510696,0.10711108,0.03836216,0.07273662,,,,,
weave,wave,M-E+,,,0.01754385605454445,0.0,,0.07485362887382507,0.018218696117401123,3.0,0.0,,,,,,,1.3875429398755366,5,4,编织,海浪,0.71909624,0.7762306,0.7476634,0.10711108,0.59953934,0.35332522,,,,,
weekend,relax,M+E+,周末,放松,0.07821229845285416,0.06741572916507721,,0.2332998663187027,0.4090000092983246,14.0,6.0,0.3647139370441437,0.3172492384910583,1.0,1.0,[],[],1.351921868993463,7,5,周末,放松,0.7464978,0.71513927,0.7308185,0.52843946,0.29502514,0.41173232,,,,,
weekend,sleep,M+E+,周末,睡觉,0.03910613805055618,0.038060784339904785,,0.1430201679468155,0.14282165467739105,7.0,3.3874096870422363,0.3647139370441437,0.3647733032703399,1.0,0.42342621088027954,[],"[{'zh': '睡眠', 'rcs': 0.3597905039787292, 'w': 0.4234262231115261}, {'zh': '睡', 'rcs': 0.376224547624588, 'w': 0.1531475537769478}]",1.3319341945472756,7,5,周末,睡眠,0.7464978,0.8007808,0.7736393,0.52843946,0.41129932,0.46986938,,,,,
weekend,loosen,M+E-,周末,放松,0.0,0.015928732231259346,,0.04110678657889366,0.09663696587085724,0.0,1.4176571369171143,0.3647139370441437,0.2757745385169983,1.0,0.23627619445323944,[],"[{'zh': '放开', 'rcs': 0.2699694335460663, 'w': 0.4732279383164885}, {'zh': '解开', 'rcs': 0.2612928748130798, 'w': 0.29049586756829243}]",1.4916885591836808,7,6,周末,放开,0.7464978,0.67867786,0.71258783,0.52843946,0.1635508,0.34599513,,,,,
weekend,party,M-E+,,,0.03910613805055618,0.0,,0.18459029495716095,0.0042500002309679985,7.0,0.0,,,,,,,1.2118903456837329,7,5,周末,党派,0.7464978,0.5295197,0.6380087,0.52843946,0.051740978,0.29009023,,,,,
weekend,break,M-E+,,,0.027932966127991676,0.0,,0.11922112107276917,0.01055570226162672,5.0,0.0,,,,,,,1.1989102208700058,7,5,周末,打破,0.7464978,0.67823756,0.71236765,0.52843946,0.12989302,0.32916623,,,,,
weekend,warrior,M-E+,,,0.016759775578975677,0.0,,0.07821928709745407,0.012400000356137753,3.0,0.0,,,,,,,1.022825321628718,7,7,周末,勇士,0.7464978,0.7768467,0.76167226,0.52843946,0.3765955,0.45251748,,,,,
weight,mass,M+E+,重量,质量,0.14765100181102753,0.011012173257768154,,0.335820734500885,0.044126879423856735,22.0,1.222351312637329,0.4664914011955261,0.4025217890739441,0.38632652163505554,0.31640365719795227,"[{'zh': '体重', 'rcs': 0.2601625919342041, 'w': 0.38632652754929114}, {'zh': '高度', 'rcs': 0.3531632423400879, 'w': 0.10823306891676099}, {'zh': '固定', 'rcs': 0.2965547740459442, 'w': 0.07704953730344298}, {'zh': '压力', 'rcs': 0.206294909119606, 'w': 0.042064338681213814}]","[{'zh': '大多数', 'rcs': 0.2543220221996307, 'w': 0.4019633616783435}, {'zh': '多数', 'rcs': 0.2426012307405471, 'w': 0.2816329739179141}]",1.1497357225421294,6,4,体重,大多数,0.71597356,0.6085891,0.66228133,0.20806132,0.17297293,0.19051713,,,,,
weight,meat,M+E-,体重,肉,0.0,0.01125222910195589,,0.026687057688832283,0.1097167357802391,0.0,1.1589795351028442,0.2601625919342041,0.5685207843780518,0.38632652163505554,1.0,"[{'zh': '重量', 'rcs': 0.4664914011955261, 'w': 0.38632652754929114}, {'zh': '高度', 'rcs': 0.3531632423400879, 'w': 0.10823306891676099}, {'zh': '固定', 'rcs': 0.2965547740459442, 'w': 0.07704953730344298}, {'zh': '压力', 'rcs': 0.206294909119606, 'w': 0.042064338681213814}]",[],1.3263068664452873,6,4,体重,肉,0.71597356,0.8459676,0.7809706,0.20806132,0.49032253,0.34919193,,,,,
weight,light,M-E+,,,0.03355705365538597,0.0,,0.08501310646533966,0.00377777311950922,5.0,0.0,,,,,,,0.985511103494112,6,5,体重,电灯,0.71597356,0.7564144,0.736194,0.20806132,0.788583,0.49832216,,,,,
wharf,port,M+E+,码头,港口,0.0359281450510025,0.05681818351149559,,0.4510076344013214,0.7336999773979187,6.0,5.0,0.5776405334472656,0.5232754349708557,1.0,1.0,[],[],1.4070497883352082,5,4,码头,港口,0.8329422,0.82332486,0.8281335,0.4613372,0.4738068,0.467572,,,,,
wharf,worker,M+E-,码头,工人,0.0,0.014673507772386074,,0.046148356050252914,0.0437309630215168,0.0,1.2912685871124268,0.5776405334472656,0.4522655606269836,1.0,0.4304228723049164,[],"[{'zh': '雇员', 'rcs': 0.3635508120059967, 'w': 0.24003656820420624}, {'zh': '员工', 'rcs': 0.4414107203483581, 'w': 0.23406585525535825}, {'zh': '人员', 'rcs': 0.2698992788791656, 'w': 0.09547470990835677}]",1.2533109364048838,5,6,码头,工人,0.8329422,0.72683734,0.77988976,0.4613372,0.21142602,0.3363816,,,,,
wharf,canary,M-E+,,,0.05988023802638054,0.0,,0.3590478301048279,0.03909999877214432,10.0,0.0,,,,,,,0.6583011092063138,5,6,码头,金丝雀,0.8329422,0.727096,0.7800191,0.4613372,0.3614013,0.41136926,,,,,
wind,rain,M+E+,风,雨,0.022099444642663002,0.023151380941271782,,0.22707955539226532,0.10427459329366684,4.0,2.2456841468811035,0.2276657223701477,0.2526227235794067,0.7485613226890564,0.3333333432674408,"[{'zh': '转动', 'rcs': 0.2253027707338333, 'w': 0.2514386693472538}]","[{'zh': '下雨', 'rcs': 0.3673711121082306, 'w': 0.3333333333333333}, {'zh': '雨水', 'rcs': 0.252083271741867, 'w': 0.3333333333333333}]",0.9791161214330865,4,4,风,下雨,0.80393255,0.7865754,0.795254,0.18753655,0.34192422,0.2647304,,,,,
wind,planet,M+E-,转动,地球,0.0,0.020061595365405083,,0.0419008731842041,0.036305226385593414,0.0,1.8857901096343994,0.2253027707338333,0.359802633523941,0.2514386773109436,0.5,"[{'zh': '风', 'rcs': 0.2276657223701477, 'w': 0.7485613306527462}]","[{'zh': '行星', 'rcs': 0.213679626584053, 'w': 0.5}]",1.1684032216452038,4,6,风,行星,0.80393255,0.80417407,0.8040533,0.18753655,0.33135384,0.2594452,,,,,
wind,ball,M+E-,转动,球,0.0,0.010699518024921417,,0.037176236510276794,0.046968746930360794,0.0,1.0057547092437744,0.2253027707338333,0.3773891627788543,0.2514386773109436,1.0,"[{'zh': '风', 'rcs': 0.2276657223701477, 'w': 0.7485613306527462}]",[],1.0478744819334644,4,4,风,球,0.80393255,0.7559591,0.77994585,0.18753655,0.19173166,0.18963411,,,,,
wind,blow,M-E+,,,0.16022099554538727,0.0,,0.37527596950531006,0.02534421719610691,29.0,0.0,,,,,,,0.32213383497062725,4,4,风,暴露,0.80393255,0.5032385,0.65358555,0.18753655,0.00260689,0.09507172,,,,,
wind,tunnel,M-E+,,,0.022099444642663002,0.0,,0.10576710850000381,0.03825148567557335,4.0,0.0,,,,,,,1.433995836349302,4,6,风,隧道,0.80393255,0.7858948,0.79491365,0.18753655,0.53203756,0.35978705,,,,,
wind,strong,M-E+,,,0.01657458394765854,0.0,,0.0280018113553524,0.006581147667020559,3.0,0.0,,,,,,,1.2372365540499493,4,6,风,坚强,0.80393255,0.6850924,0.74451244,0.18753655,0.22031865,0.2039276,,,,,
wire,phone,M+E+,电线,手机,0.019867554306983948,0.00992776919156313,,0.27605703473091125,0.0931621789932251,3.0,0.9133546948432922,0.4526078999042511,0.4162161350250244,0.6826590895652771,0.3310316503047943,"[{'zh': '电缆', 'rcs': 0.4007912278175354, 'w': 0.3173408934969921}]","[{'zh': '电话', 'rcs': 0.4296647608280182, 'w': 0.6689683530984972}]",1.3327581428201385,4,5,电线,电话,0.7544293,0.7446308,0.7495301,0.2629307,0.08842685,0.17567877,,,,,
wire,sky,M+E-,电线,天空,0.0,0.014840415678918362,,0.03259509429335594,0.02434004656970501,0.0,1.3653181791305542,0.4526078999042511,0.3954683542251587,0.6826590895652771,0.5,"[{'zh': '电缆', 'rcs': 0.4007912278175354, 'w': 0.3173408934969921}]","[{'zh': '蓝天', 'rcs': 0.2938329875469208, 'w': 0.5}]",0.6072814676870415,4,3,电线,蓝天,0.7544293,0.78652537,0.7704773,0.2629307,0.6850841,0.4740074,,,,,
wire,length,M+E-,电线,长,0.0,0.008010528981685638,,0.036173731088638306,0.035718414932489395,0.0,0.7369686961174011,0.4526078999042511,0.256422221660614,0.6826590895652771,0.35985198616981506,"[{'zh': '电缆', 'rcs': 0.4007912278175354, 'w': 0.3173408934969921}]","[{'zh': '长度', 'rcs': 0.4575222134590149, 'w': 0.640148006083392}]",1.3622968906235742,4,6,电线,长度,0.7544293,0.7554534,0.75494134,0.2629307,0.71451336,0.48872203,,,,,
wire,metal,M-E+,,,0.09271522611379623,0.0,,0.15960082411766052,0.040959544479846954,14.0,0.0,,,,,,,0.5387091035445115,4,5,电线,金属,0.7544293,0.79557395,0.77500165,0.2629307,0.69042593,0.4766783,,,,,
wire,red,M-E+,,,0.02649005874991417,0.0,,0.01929207146167755,0.006599037908017635,4.0,0.0,,,,,,,1.1248834731157666,4,3,电线,红的,0.7544293,0.7974439,0.7759366,0.2629307,0.3534052,0.30816793,,,,,
wire,trip,M-E+,,,0.019867554306983948,0.0,,0.05821830406785011,0.02289927378296852,3.0,0.0,,,,,,,1.116010460347916,4,4,电线,旅行,0.7544293,0.7715139,0.7629716,0.2629307,0.12217965,0.19255517,,,,,
worship,religion,M+E+,礼拜,宗教,0.11290322244167328,0.01087947003543377,,0.49962979555130005,0.07641014456748962,21.0,1.0879470109939575,0.3448434174060821,0.5187509059906006,0.2620556354522705,0.6919313073158264,"[{'zh': '崇敬', 'rcs': 0.2938341498374939, 'w': 0.5805556797575058}, {'zh': '崇拜', 'rcs': 0.3145640194416046, 'w': 0.15738868892013338}]","[{'zh': '信仰', 'rcs': 0.48028564453125, 'w': 0.30806869889732347}]",1.0238449002586874,7,8,崇敬,宗教,0.62721616,0.79386705,0.7105416,0.2004767,0.22887622,0.21467647,,,,,
worship,regard,M+E-,崇敬,尊敬,0.0,0.009843005798757076,,0.06147342920303345,0.06666864454746246,0.0,1.1024166345596313,0.2938341498374939,0.2404510974884033,0.5805556774139404,0.23736238479614258,"[{'zh': '礼拜', 'rcs': 0.3448434174060821, 'w': 0.26205563132236087}, {'zh': '崇拜', 'rcs': 0.3145640194416046, 'w': 0.15738868892013338}]","[{'zh': '尊重', 'rcs': 0.448874682188034, 'w': 0.2653502464438056}, {'zh': '关心', 'rcs': 0.3038226962089538, 'w': 0.19217942654041825}, {'zh': '敬佩', 'rcs': 0.2356309294700622, 'w': 0.1879540752069039}, {'zh': '关注', 'rcs': 0.3487442135810852, 'w': 0.11715386984068817}]",0.917162684424821,7,6,崇敬,尊重,0.62721616,0.58222884,0.6047225,0.2004767,0.06934394,0.13491032,,,,,
worship,praise,M-E+,,,0.05913979187607765,0.0,,0.3572719395160675,0.019459260627627373,11.0,0.0,,,,,,,0.4932991433434328,7,6,崇敬,赞美,0.62721616,0.6979297,0.6625729,0.2004767,0.10400288,0.1522398,,,,,
wrench,tool,M+E+,扳手,工具,0.2829268276691437,0.04323675110936165,,0.38884642720222473,0.1568598747253418,58.0,4.6263322830200195,0.4874845445156097,0.4676175117492676,1.0,0.27213719487190247,[],"[{'zh': '用具', 'rcs': 0.2363206446170807, 'w': 0.34426049865622016}, {'zh': '方法', 'rcs': 0.4248435199260711, 'w': 0.19661438271395063}, {'zh': '器具', 'rcs': 0.2657149732112884, 'w': 0.18698793108646952}]",1.1517703542734472,6,4,扳手,用具,0.7390088,0.74053514,0.73977196,0.29183486,0.41552037,0.35367763,,,,,
wrench,metal,M+E+,扳手,金属,0.0292682908475399,0.028037382289767265,,0.1606900542974472,0.21649999916553497,6.0,3.0,0.4874845445156097,0.4880557358264923,1.0,1.0,[],[],0.98782985175676,6,5,扳手,金属,0.7390088,0.79557395,0.76729137,0.29183486,0.69042593,0.4911304,,,,,
wrench,screw,M+E+,扳手,螺丝,0.01463414542376995,0.08479578793048859,,0.4109536111354828,0.48964765667915344,3.0,9.073149681091309,0.4874845445156097,0.5131198763847351,1.0,0.756095826625824,[],"[{'zh': '螺旋桨', 'rcs': 0.5076266527175903, 'w': 0.24390419018381151}]",1.311509708119591,6,5,扳手,螺丝,0.7390088,0.7446698,0.7418393,0.29183486,0.43415058,0.3629927,,,,,
wrench,vehicle,M+E-,扳手,工具,0.0,0.015292375348508358,,0.06330297887325287,0.05547965690493584,0.0,1.6362841129302979,0.4874845445156097,0.2961971163749695,1.0,0.09625200927257538,[],"[{'zh': '车辆', 'rcs': 0.4337426424026489, 'w': 0.4518739962817845}, {'zh': '交通工具', 'rcs': 0.2202727943658828, 'w': 0.4518739962817845}]",1.0920190151654896,6,7,扳手,车辆,0.7390088,0.79287636,0.7659426,0.29183486,0.13301316,0.21242401,,,,,
wrench,monkey,M-E+,,,0.0731707438826561,0.0,,0.10762462764978409,0.02074485272169113,15.0,0.0,,,,,,,1.1529444802170867,6,6,扳手,猴子,0.7390088,0.803336,0.7711724,0.29183486,0.5658823,0.42885858,,,,,
writer,novel,M+E+,作者,小说,0.06222222372889519,0.05979107320308685,,0.37533506751060486,0.23114843666553497,14.0,5.793193817138672,0.32391357421875,0.521359920501709,0.4733459949493408,1.0,"[{'zh': '作家', 'rcs': 0.5219505429267883, 'w': 0.5266540000432389}]",[],0.6758002414993565,6,5,作家,小说,0.74560267,0.7521042,0.74885345,0.41138986,0.10797054,0.2596802,,,,,
writer,volume,M+E-,作者,书,0.0,0.014898435212671757,,0.026840783655643463,0.07319135963916779,0.0,1.4153512716293335,0.32391357421875,0.3105139434337616,0.4733459949493408,0.3737623393535614,"[{'zh': '作家', 'rcs': 0.5219505429267883, 'w': 0.5266540000432389}]","[{'zh': '卷', 'rcs': 0.2456445693969726, 'w': 0.4710926004976253}, {'zh': '体积', 'rcs': 0.2032073885202407, 'w': 0.15514505981621135}]",1.342966555534218,6,6,作家,卷,0.74560267,0.5494763,0.6475395,0.41138986,0.056216206,0.23380303,,,,,
writer,paper,M-E+,,,0.0533333383500576,0.0,,0.2909233868122101,0.04037828370928764,12.0,0.0,,,,,,,1.0961496652046618,6,5,作家,文件,0.74560267,0.71140915,0.7285059,0.41138986,0.3958666,0.40362823,,,,,
yell,scream,M+E+,喊叫,尖叫,0.18055561184883118,0.00895932037383318,,0.391147255897522,0.17288082838058472,39.0,0.9112927913665771,0.4403048455715179,0.4471179246902466,0.2278231978416443,1.0,"[{'zh': '呐喊', 'rcs': 0.2807372212409973, 'w': 0.4390066994987985}, {'zh': '欢呼', 'rcs': 0.3175866305828094, 'w': 0.18876978998664773}, {'zh': '叫嚷', 'rcs': 0.393348753452301, 'w': 0.14440030688877328}]",[],1.0793620048741162,4,6,呐喊,尖叫,0.75857437,0.7379725,0.74827343,0.42855528,0.41177428,0.42016476,,,,,
yell,loud,M+E+,喊叫,大声,0.14814813435077667,0.03096625953912735,,0.35289791226387024,0.1735832393169403,32.0,3.1895246505737305,0.4403048455715179,0.3974224627017975,0.2278231978416443,1.0,"[{'zh': '呐喊', 'rcs': 0.2807372212409973, 'w': 0.4390066994987985}, {'zh': '欢呼', 'rcs': 0.3175866305828094, 'w': 0.18876978998664773}, {'zh': '叫嚷', 'rcs': 0.393348753452301, 'w': 0.14440030688877328}]",[],0.4343430724525923,4,4,呐喊,大声,0.75857437,0.7684116,0.76349294,0.42855528,0.093171984,0.26086363,,,,,
yell,stink,M+E-,叫嚷,吵闹,0.0,0.019352618604898453,,0.016604945063591003,0.10632742196321487,0.0,1.8772040605545044,0.393348753452301,0.2834409177303314,0.14440031349658966,1.0,"[{'zh': '呐喊', 'rcs': 0.2807372212409973, 'w': 0.4390066994987985}, {'zh': '喊叫', 'rcs': 0.4403048455715179, 'w': 0.22782320362578054}, {'zh': '欢呼', 'rcs': 0.3175866305828094, 'w': 0.18876978998664773}]",[],0.5338027234165845,4,5,呐喊,吵闹,0.75857437,0.36970693,0.5641407,0.42855528,0.0025999595,0.21557762,,,,,
yell,rebel,M-E+,,,0.013888893648982048,0.0,,0.12877345085144043,0.010878478176891804,3.0,0.0,,,,,,,1.1075987211680727,4,5,呐喊,造反,0.75857437,0.71818614,0.73838025,0.42855528,0.17915878,0.30385703,,,,,
yield,produce,M+E+,产生,生产,0.02139037661254406,0.013738932088017464,,0.19057396054267883,0.06082451343536377,4.0,1.456326961517334,0.3934908807277679,0.2026386260986328,0.2815409302711487,0.3448466956615448,"[{'zh': '产量', 'rcs': 0.2969917356967926, 'w': 0.4075354085618865}, {'zh': '利润', 'rcs': 0.2279257476329803, 'w': 0.31092364988029303}]","[{'zh': '培养', 'rcs': 0.2782721519470215, 'w': 0.351012989183718}, {'zh': '制造', 'rcs': 0.2552906572818756, 'w': 0.30414032129913343}]",1.167504752128348,5,7,产量,培养,0.6355777,0.6118191,0.62369835,0.07855938,0.042779624,0.0606695,,,,,
yield,trader,M+E-,利润,商人,0.0,0.01452914159744978,,0.040189944207668304,0.15850888192653656,0.0,1.5546181201934814,0.2279257476329803,0.5098457336425781,0.31092363595962524,1.0,"[{'zh': '产量', 'rcs': 0.2969917356967926, 'w': 0.4075354085618865}, {'zh': '产生', 'rcs': 0.3934908807277679, 'w': 0.28154094155782045}]",[],1.1403557134208844,5,6,产量,商人,0.6355777,0.7540282,0.69480294,0.07855938,0.17104174,0.12480056,,,,,
yield,affect,M+E-,产生,影响,0.0,0.013280232436954975,,0.03519799932837486,0.06838629394769669,0.0,1.4077045917510986,0.3934908807277679,0.3569207191467285,0.2815409302711487,1.0,"[{'zh': '产量', 'rcs': 0.2969917356967926, 'w': 0.4075354085618865}, {'zh': '利润', 'rcs': 0.2279257476329803, 'w': 0.31092364988029303}]",[],1.187716792063974,5,6,产量,影响,0.6355777,0.6673192,0.6514484,0.07855938,0.039493017,0.059026197,,,,,
yield,appear,M+E-,产生,出现,0.0,0.007968139834702015,,0.026688260957598686,0.09040278941392899,0.0,0.844622790813446,0.3934908807277679,0.3399434983730316,0.2815409302711487,1.0,"[{'zh': '产量', 'rcs': 0.2969917356967926, 'w': 0.4075354085618865}, {'zh': '利润', 'rcs': 0.2279257476329803, 'w': 0.31092364988029303}]",[],1.0806827244041963,5,6,产量,出现,0.6355777,0.68411595,0.6598468,0.07855938,0.08019609,0.07937773,,,,,
yield,onset,M+E-,产生,发生,0.0,0.007968139834702015,,0.03891926631331444,0.10709816962480545,0.0,0.844622790813446,0.3934908807277679,0.3117378056049347,0.2815409302711487,1.0,"[{'zh': '产量', 'rcs': 0.2969917356967926, 'w': 0.4075354085618865}, {'zh': '利润', 'rcs': 0.2279257476329803, 'w': 0.31092364988029303}]",[],1.1172710618833925,5,5,产量,发生,0.6355777,0.61807346,0.6268256,0.07855938,0.1080027,0.09328104,,,,,
yield,allow,M-E+,,,0.02139037661254406,0.0,,0.1971173882484436,0.010558409616351128,4.0,0.0,,,,,,,1.382363525327833,5,5,产量,接受,0.6355777,0.7364487,0.6860132,0.07855938,0.051548474,0.065053925,,,,,
yield,submit,M-E+,,,0.02139037661254406,0.0,,0.25908857583999634,0.012507900595664978,4.0,0.0,,,,,,,0.5645989068385165,5,6,产量,表示,0.6355777,0.6987137,0.6671457,0.07855938,0.11048764,0.094523504,,,,,
